timestamp,detector_id,segment_id,direction,road_type,lanes,flow_15min,speed_kmh,occupancy_pct,travel_time_min,rain,event,is_weekend,is_peak,incident,congestion,severe_congestion
2026-03-02 00:00:00,D01,S01,东向,城市快速路,4,39,78.2,16.67,4.6,0,0,0,0,0,0,0
2026-03-02 00:15:00,D01,S01,东向,城市快速路,4,32,84.46,13.9,4.26,0,0,0,0,0,0,0
2026-03-02 00:30:00,D01,S01,东向,城市快速路,4,22,94.99,12.82,3.79,0,0,0,0,0,0,0
2026-03-02 00:45:00,D01,S01,东向,城市快速路,4,34,84.14,12.26,4.28,0,0,0,0,0,0,0
2026-03-02 01:00:00,D01,S01,东向,城市快速路,4,26,89.48,16.62,4.02,0,0,0,0,0,0,0
2026-03-02 01:15:00,D01,S01,东向,城市快速路,4,20,86.28,7.08,4.17,0,0,0,0,0,0,0
2026-03-02 01:30:00,D01,S01,东向,城市快速路,4,18,87.53,8.14,4.11,0,0,0,0,0,0,0
2026-03-02 01:45:00,D01,S01,东向,城市快速路,4,30,83.84,13.62,4.29,0,0,0,0,0,0,0
2026-03-02 02:00:00,D01,S01,东向,城市快速路,4,36,85.19,11.73,4.23,0,0,0,0,0,0,0
2026-03-02 02:15:00,D01,S01,东向,城市快速路,4,41,81.72,13.26,4.41,0,0,0,0,0,0,0
2026-03-02 02:30:00,D01,S01,东向,城市快速路,4,35,74.7,11.43,4.82,0,0,0,0,0,1,0
2026-03-02 02:45:00,D01,S01,东向,城市快速路,4,26,85.71,11.7,4.2,0,0,0,0,0,0,0
2026-03-02 03:00:00,D01,S01,东向,城市快速路,4,30,83.5,12.36,4.31,0,0,0,0,0,0,0
2026-03-02 03:15:00,D01,S01,东向,城市快速路,4,36,81.94,13.53,4.39,0,0,0,0,0,0,0
2026-03-02 03:30:00,D01,S01,东向,城市快速路,4,23,81.81,10.96,4.4,0,0,0,0,0,0,0
2026-03-02 03:45:00,D01,S01,东向,城市快速路,4,20,83.09,9.87,4.33,0,0,0,0,0,0,0
2026-03-02 04:00:00,D01,S01,东向,城市快速路,4,19,84.07,10.67,4.28,0,0,0,0,0,0,0
2026-03-02 04:15:00,D01,S01,东向,城市快速路,4,29,88.69,12.91,4.06,0,0,0,0,0,0,0
2026-03-02 04:30:00,D01,S01,东向,城市快速路,4,38,81.68,14.41,4.41,0,0,0,0,0,0,0
2026-03-02 04:45:00,D01,S01,东向,城市快速路,4,31,79.41,12.94,4.53,0,0,0,0,0,0,0
2026-03-02 05:00:00,D01,S01,东向,城市快速路,4,29,84.94,10.32,4.24,0,0,0,0,0,0,0
2026-03-02 05:15:00,D01,S01,东向,城市快速路,4,35,77.03,14.43,4.67,0,0,0,0,0,0,0
2026-03-02 05:30:00,D01,S01,东向,城市快速路,4,43,78.95,15.66,4.56,0,0,0,0,0,0,0
2026-03-02 05:45:00,D01,S01,东向,城市快速路,4,38,81.17,15.88,4.44,0,0,0,0,0,0,0
2026-03-02 06:00:00,D01,S01,东向,城市快速路,4,41,84.43,15.07,4.26,0,0,0,0,0,0,0
2026-03-02 06:15:00,D01,S01,东向,城市快速路,4,44,,18.37,4.5,0,0,0,0,0,0,0
2026-03-02 06:30:00,D01,S01,东向,城市快速路,4,42,91.75,17.45,3.92,0,0,0,0,0,0,0
2026-03-02 06:45:00,D01,S01,东向,城市快速路,4,68,79.25,22.91,4.54,0,0,0,0,0,0,0
2026-03-02 07:00:00,D01,S01,东向,城市快速路,4,56,88.03,20.0,4.09,0,0,0,1,0,0,0
2026-03-02 07:15:00,D01,S01,东向,城市快速路,4,63,81.39,22.2,4.42,0,0,0,1,0,0,0
2026-03-02 07:30:00,D01,S01,东向,城市快速路,4,73,76.87,25.34,4.68,0,0,0,1,0,0,0
2026-03-02 07:45:00,D01,S01,东向,城市快速路,4,70,82.61,21.15,4.36,0,0,0,1,0,0,0
2026-03-02 08:00:00,D01,S01,东向,城市快速路,4,93,76.08,28.49,4.73,0,0,0,1,0,0,0
2026-03-02 08:15:00,D01,S01,东向,城市快速路,4,83,74.29,22.25,4.85,0,0,0,1,0,1,0
2026-03-02 08:30:00,D01,S01,东向,城市快速路,4,72,86.31,21.4,4.17,0,0,0,1,0,0,0
2026-03-02 08:45:00,D01,S01,东向,城市快速路,4,73,79.96,23.23,4.5,0,0,0,1,0,0,0
2026-03-02 09:00:00,D01,S01,东向,城市快速路,4,58,79.07,17.85,4.55,0,0,0,1,0,0,0
2026-03-02 09:15:00,D01,S01,东向,城市快速路,4,54,82.78,19.16,4.35,0,0,0,1,0,0,0
2026-03-02 09:30:00,D01,S01,东向,城市快速路,4,43,85.25,12.67,4.22,0,0,0,0,0,0,0
2026-03-02 09:45:00,D01,S01,东向,城市快速路,4,36,83.94,13.16,4.29,0,0,0,0,0,0,0
2026-03-02 10:00:00,D01,S01,东向,城市快速路,4,40,91.93,19.99,3.92,0,0,0,0,0,0,0
2026-03-02 10:15:00,D01,S01,东向,城市快速路,4,39,76.46,15.14,4.71,0,0,0,0,0,0,0
2026-03-02 10:30:00,D01,S01,东向,城市快速路,4,29,83.61,13.74,4.31,0,0,0,0,0,0,0
2026-03-02 10:45:00,D01,S01,东向,城市快速路,4,30,82.41,9.9,4.37,0,0,0,0,0,0,0
2026-03-02 11:00:00,D01,S01,东向,城市快速路,4,29,80.64,14.92,4.46,0,0,0,0,0,0,0
2026-03-02 11:15:00,D01,S01,东向,城市快速路,4,37,86.41,14.44,4.17,0,0,0,0,0,0,0
2026-03-02 11:30:00,D01,S01,东向,城市快速路,4,30,80.83,10.33,4.45,0,0,0,0,0,0,0
2026-03-02 11:45:00,D01,S01,东向,城市快速路,4,25,88.4,11.92,4.07,0,0,0,0,0,0,0
2026-03-02 12:00:00,D01,S01,东向,城市快速路,4,34,84.53,12.73,4.26,0,0,0,0,0,0,0
2026-03-02 12:15:00,D01,S01,东向,城市快速路,4,31,88.11,15.06,4.09,0,0,0,0,0,0,0
2026-03-02 12:30:00,D01,S01,东向,城市快速路,4,33,83.05,12.63,4.33,0,0,0,0,0,0,0
2026-03-02 12:45:00,D01,S01,东向,城市快速路,4,37,87.5,16.75,4.11,0,0,0,0,0,0,0
2026-03-02 13:00:00,D01,S01,东向,城市快速路,4,35,80.84,12.4,4.45,0,0,0,0,0,0,0
2026-03-02 13:15:00,D01,S01,东向,城市快速路,4,39,71.56,10.38,5.03,0,0,0,0,0,1,0
2026-03-02 13:30:00,D01,S01,东向,城市快速路,4,29,91.59,14.67,3.93,0,0,0,0,0,0,0
2026-03-02 13:45:00,D01,S01,东向,城市快速路,4,35,88.36,,4.07,0,0,0,0,0,0,0
2026-03-02 14:00:00,D01,S01,东向,城市快速路,4,36,79.62,16.98,4.52,0,0,0,0,0,0,0
2026-03-02 14:15:00,D01,S01,东向,城市快速路,4,30,91.7,11.62,3.93,0,0,0,0,0,0,0
2026-03-02 14:30:00,D01,S01,东向,城市快速路,4,27,88.0,8.99,4.09,0,0,0,0,0,0,0
2026-03-02 14:45:00,D01,S01,东向,城市快速路,4,36,89.11,15.05,4.04,0,0,0,0,0,0,0
2026-03-02 15:00:00,D01,S01,东向,城市快速路,4,37,89.55,16.71,4.02,0,0,0,0,0,0,0
2026-03-02 15:15:00,D01,S01,东向,城市快速路,4,40,77.48,13.9,4.65,0,0,0,0,0,0,0
2026-03-02 15:30:00,D01,S01,东向,城市快速路,4,45,79.27,12.8,4.54,0,0,0,0,0,0,0
2026-03-02 15:45:00,D01,S01,东向,城市快速路,4,40,81.01,10.87,4.44,0,0,0,0,0,0,0
2026-03-02 16:00:00,D01,S01,东向,城市快速路,4,50,81.26,19.55,4.43,0,0,0,0,0,0,0
2026-03-02 16:15:00,D01,S01,东向,城市快速路,4,61,82.42,19.17,4.37,0,0,0,0,0,0,0
2026-03-02 16:30:00,D01,S01,东向,城市快速路,4,58,76.43,17.99,4.71,0,0,0,1,0,0,0
2026-03-02 16:45:00,D01,S01,东向,城市快速路,4,62,83.17,17.09,4.33,0,0,0,1,0,0,0
2026-03-02 17:00:00,D01,S01,东向,城市快速路,4,82,73.75,27.09,4.88,0,0,0,1,0,1,0
2026-03-02 17:15:00,D01,S01,东向,城市快速路,4,86,73.68,25.33,4.89,0,0,0,1,0,1,0
2026-03-02 17:30:00,D01,S01,东向,城市快速路,4,89,79.68,27.48,4.52,0,0,0,1,0,0,0
2026-03-02 17:45:00,D01,S01,东向,城市快速路,4,85,80.19,27.51,4.49,0,0,0,1,0,0,0
2026-03-02 18:00:00,D01,S01,东向,城市快速路,4,85,80.45,25.13,4.47,0,0,0,1,0,0,0
2026-03-02 18:15:00,D01,S01,东向,城市快速路,4,85,84.22,24.98,4.27,0,0,0,1,0,0,0
2026-03-02 18:30:00,D01,S01,东向,城市快速路,4,91,69.82,27.59,5.16,0,0,0,1,0,1,1
2026-03-02 18:45:00,D01,S01,东向,城市快速路,4,67,81.67,23.32,4.41,0,0,0,1,0,0,0
2026-03-02 19:00:00,D01,S01,东向,城市快速路,4,71,86.32,21.9,4.17,0,0,0,1,0,0,0
2026-03-02 19:15:00,D01,S01,东向,城市快速路,4,63,88.62,21.42,4.06,0,0,0,1,0,0,0
2026-03-02 19:30:00,D01,S01,东向,城市快速路,4,49,84.89,16.37,4.24,0,0,0,0,0,0,0
2026-03-02 19:45:00,D01,S01,东向,城市快速路,4,41,90.6,14.13,3.97,0,0,0,0,0,0,0
2026-03-02 20:00:00,D01,S01,东向,城市快速路,4,42,89.61,11.79,4.02,0,0,0,0,0,0,0
2026-03-02 20:15:00,D01,S01,东向,城市快速路,4,33,90.22,13.84,3.99,0,0,0,0,0,0,0
2026-03-02 20:30:00,D01,S01,东向,城市快速路,4,27,82.94,13.23,4.34,0,0,0,0,0,0,0
2026-03-02 20:45:00,D01,S01,东向,城市快速路,4,46,78.05,18.82,4.61,0,0,0,0,0,0,0
2026-03-02 21:00:00,D01,S01,东向,城市快速路,4,33,89.92,16.72,4.0,0,0,0,0,0,0,0
2026-03-02 21:15:00,D01,S01,东向,城市快速路,4,36,80.33,15.47,4.48,0,0,0,0,0,0,0
2026-03-02 21:30:00,D01,S01,东向,城市快速路,4,28,88.88,10.84,4.05,0,0,0,0,0,0,0
2026-03-02 21:45:00,D01,S01,东向,城市快速路,4,34,87.89,12.95,4.1,0,0,0,0,0,0,0
2026-03-02 22:00:00,D01,S01,东向,城市快速路,4,38,85.68,14.26,4.2,0,0,0,0,0,0,0
2026-03-02 22:15:00,D01,S01,东向,城市快速路,4,27,85.2,11.36,4.23,0,0,0,0,0,0,0
2026-03-02 22:30:00,D01,S01,东向,城市快速路,4,38,188.0,13.96,4.56,0,0,0,0,0,0,0
2026-03-02 22:45:00,D01,S01,东向,城市快速路,4,-12,87.81,12.01,4.1,0,0,0,0,0,0,0
2026-03-02 23:00:00,D01,S01,东向,城市快速路,4,25,85.95,135.0,4.19,0,0,0,0,0,0,0
2026-02-30 08:00,D01,S01,东向,城市快速路,4,33,84.2,12.19,4.28,0,0,0,0,0,0,0
2026-03-02 23:30:00,D01,S01,东向,城市快速路,4,32,88.87,12.96,4.05,0,0,0,0,0,0,0
2026-03-02 23:45:00,D01,S01,东向,城市快速路,4,33,83.7,15.02,4.3,0,0,0,0,0,0,0
2026-03-03 00:00:00,D01,S01,东向,城市快速路,4,31,85.29,13.33,4.22,0,0,0,0,0,0,0
2026-03-03 00:15:00,D01,S01,东向,城市快速路,4,39,77.42,14.04,4.65,0,0,0,0,0,0,0
2026-03-03 00:30:00,D01,S01,东向,城市快速路,4,25,90.63,12.85,3.97,0,0,0,0,0,0,0
2026-03-03 00:45:00,D01,S01,东向,城市快速路,4,32,88.92,15.7,4.05,0,0,0,0,0,0,0
2026-03-03 01:00:00,D01,S01,东向,城市快速路,4,28,79.97,13.18,4.5,0,0,0,0,0,0,0
2026-03-03 01:15:00,D01,S01,东向,城市快速路,4,42,85.46,13.75,4.21,0,0,0,0,0,0,0
2026-03-03 01:30:00,D01,S01,东向,城市快速路,4,35,80.7,11.89,4.46,0,0,0,0,0,0,0
2026-03-03 01:45:00,D01,S01,东向,城市快速路,4,35,90.69,13.51,3.97,0,0,0,0,0,0,0
2026-03-03 02:00:00,D01,S01,东向,城市快速路,4,36,81.4,13.25,4.42,0,0,0,0,0,0,0
2026-03-03 02:15:00,D01,S01,东向,城市快速路,4,28,90.66,11.12,3.97,0,0,0,0,0,0,0
2026-03-03 02:30:00,D01,S01,东向,城市快速路,4,35,85.09,14.05,4.23,0,0,0,0,0,0,0
2026-03-03 02:45:00,D01,S01,东向,城市快速路,4,35,78.96,14.38,4.56,0,0,0,0,0,0,0
2026-03-03 03:00:00,D01,S01,东向,城市快速路,4,39,91.58,15.54,3.93,0,0,0,0,0,0,0
2026-03-03 03:15:00,D01,S01,东向,城市快速路,4,37,85.31,15.4,4.22,0,0,0,0,0,0,0
2026-03-03 03:30:00,D01,S01,东向,城市快速路,4,30,81.28,10.38,4.43,0,0,0,0,0,0,0
2026-03-03 03:45:00,D01,S01,东向,城市快速路,4,19,90.54,8.23,3.98,0,0,0,0,0,0,0
2026-03-03 04:00:00,D01,S01,东向,城市快速路,4,29,83.12,9.22,4.33,0,0,0,0,0,0,0
2026-03-03 04:15:00,D01,S01,东向,城市快速路,4,23,89.79,13.46,4.01,0,0,0,0,0,0,0
2026-03-03 04:30:00,D01,S01,东向,城市快速路,4,29,91.66,7.53,3.93,0,0,0,0,0,0,0
2026-03-03 04:45:00,D01,S01,东向,城市快速路,4,42,85.03,13.26,4.23,0,0,0,0,0,0,0
2026-03-03 05:00:00,D01,S01,东向,城市快速路,4,37,88.45,13.55,4.07,0,0,0,0,0,0,0
2026-03-03 05:15:00,D01,S01,东向,城市快速路,4,44,85.85,13.83,4.19,0,0,0,0,0,0,0
2026-03-03 05:30:00,D01,S01,东向,城市快速路,4,20,89.92,14.57,4.0,0,0,0,0,0,0,0
2026-03-03 05:45:00,D01,S01,东向,城市快速路,4,31,85.64,17.01,4.2,0,0,0,0,0,0,0
2026-03-03 06:00:00,D01,S01,东向,城市快速路,4,43,81.33,17.35,4.43,0,0,0,0,0,0,0
2026-03-03 06:15:00,D01,S01,东向,城市快速路,4,46,82.08,18.53,4.39,0,0,0,0,0,0,0
2026-03-03 06:30:00,D01,S01,东向,城市快速路,4,51,83.25,19.35,4.32,0,0,0,0,0,0,0
2026-03-03 06:45:00,D01,S01,东向,城市快速路,4,53,83.51,17.64,4.31,0,0,0,0,0,0,0
2026-03-03 07:00:00,D01,S01,东向,城市快速路,4,58,77.25,20.31,4.66,0,0,0,1,0,0,0
2026-03-03 07:15:00,D01,S01,东向,城市快速路,4,69,72.14,21.95,4.99,0,0,0,1,0,1,0
2026-03-03 07:30:00,D01,S01,东向,城市快速路,4,83,76.53,26.14,4.7,0,0,0,1,0,0,0
2026-03-03 07:45:00,D01,S01,东向,城市快速路,4,83,77.25,22.45,4.66,0,0,0,1,0,0,0
2026-03-03 08:00:00,D01,S01,东向,城市快速路,4,91,72.51,28.19,4.96,0,0,0,1,0,1,0
2026-03-03 08:15:00,D01,S01,东向,城市快速路,4,87,68.9,24.08,5.22,0,0,0,1,0,1,1
2026-03-03 08:30:00,D01,S01,东向,城市快速路,4,71,80.43,22.61,4.48,0,0,0,1,0,0,0
2026-03-03 08:45:00,D01,S01,东向,城市快速路,4,67,84.21,20.27,4.28,0,0,0,1,0,0,0
2026-03-03 09:00:00,D01,S01,东向,城市快速路,4,62,78.92,17.03,4.56,0,0,0,1,0,0,0
2026-03-03 09:15:00,D01,S01,东向,城市快速路,4,58,79.82,19.44,4.51,0,0,0,1,0,0,0
2026-03-03 09:30:00,D01,S01,东向,城市快速路,4,56,81.5,22.5,4.42,0,0,0,0,0,0,0
2026-03-03 09:45:00,D01,S01,东向,城市快速路,4,52,81.55,16.93,4.41,0,0,0,0,0,0,0
2026-03-03 10:00:00,D01,S01,东向,城市快速路,4,49,87.12,17.59,4.13,0,0,0,0,0,0,0
2026-03-03 10:15:00,D01,S01,东向,城市快速路,4,27,80.03,13.69,4.5,0,0,0,0,0,0,0
2026-03-03 10:30:00,D01,S01,东向,城市快速路,4,35,86.27,14.02,4.17,0,0,0,0,0,0,0
2026-03-03 10:45:00,D01,S01,东向,城市快速路,4,43,84.43,15.8,4.26,0,0,0,0,0,0,0
2026-03-03 11:00:00,D01,S01,东向,城市快速路,4,37,86.25,7.43,4.17,0,0,0,0,0,0,0
2026-03-03 11:15:00,D01,S01,东向,城市快速路,4,36,87.95,14.09,4.09,0,0,0,0,0,0,0
2026-03-03 11:30:00,D01,S01,东向,城市快速路,4,13,82.49,9.78,4.36,0,0,0,0,0,0,0
2026-03-03 11:45:00,D01,S01,东向,城市快速路,4,24,82.27,12.15,4.38,0,0,0,0,0,0,0
2026-03-03 12:00:00,D01,S01,东向,城市快速路,4,23,85.93,8.18,4.19,0,0,0,0,0,0,0
2026-03-03 12:15:00,D01,S01,东向,城市快速路,4,43,79.81,14.51,4.51,0,0,0,0,0,0,0
2026-03-03 12:30:00,D01,S01,东向,城市快速路,4,21,87.96,11.55,4.09,0,0,0,0,0,0,0
2026-03-03 12:45:00,D01,S01,东向,城市快速路,4,31,84.21,15.73,4.27,0,0,0,0,0,0,0
2026-03-03 13:00:00,D01,S01,东向,城市快速路,4,24,80.61,8.79,4.47,0,0,0,0,0,0,0
2026-03-03 13:15:00,D01,S01,东向,城市快速路,4,27,89.54,14.93,4.02,0,0,0,0,0,0,0
2026-03-03 13:30:00,D01,S01,东向,城市快速路,4,26,80.47,7.52,4.47,0,0,0,0,0,0,0
2026-03-03 13:45:00,D01,S01,东向,城市快速路,4,39,89.1,16.08,4.04,0,0,0,0,0,0,0
2026-03-03 14:00:00,D01,S01,东向,城市快速路,4,40,91.56,17.98,3.93,0,0,0,0,0,0,0
2026-03-03 14:15:00,D01,S01,东向,城市快速路,4,27,89.64,15.56,4.02,0,0,0,0,0,0,0
2026-03-03 14:30:00,D01,S01,东向,城市快速路,4,43,78.26,11.77,4.6,0,0,0,0,0,0,0
2026-03-03 14:45:00,D01,S01,东向,城市快速路,4,34,82.53,13.79,4.36,0,0,0,0,0,0,0
2026-03-03 15:00:00,D01,S01,东向,城市快速路,4,32,76.61,16.16,4.7,0,0,0,0,0,0,0
2026-03-03 15:15:00,D01,S01,东向,城市快速路,4,46,93.17,13.85,3.86,0,0,0,0,0,0,0
2026-03-03 15:30:00,D01,S01,东向,城市快速路,4,41,80.58,13.23,4.47,0,0,0,0,0,0,0
2026-03-03 15:45:00,D01,S01,东向,城市快速路,4,46,78.03,15.71,4.61,0,0,0,0,0,0,0
2026-03-03 16:00:00,D01,S01,东向,城市快速路,4,44,81.56,17.29,4.41,0,0,0,0,0,0,0
2026-03-03 16:15:00,D01,S01,东向,城市快速路,4,47,78.86,18.18,4.56,0,0,0,0,0,0,0
2026-03-03 16:30:00,D01,S01,东向,城市快速路,4,76,79.1,21.82,4.55,0,0,0,1,0,0,0
2026-03-03 16:45:00,D01,S01,东向,城市快速路,4,78,74.62,20.39,4.82,0,0,0,1,0,1,0
2026-03-03 17:00:00,D01,S01,东向,城市快速路,4,84,82.35,27.18,4.37,0,0,0,1,0,0,0
2026-03-03 17:15:00,D01,S01,东向,城市快速路,4,85,72.81,25.36,4.94,0,0,0,1,0,1,0
2026-03-03 17:30:00,D01,S01,东向,城市快速路,4,81,74.82,21.81,4.81,0,0,0,1,0,1,0
2026-03-03 17:45:00,D01,S01,东向,城市快速路,4,99,69.76,29.0,5.16,0,0,0,1,0,1,1
2026-03-03 18:00:00,D01,S01,东向,城市快速路,4,85,69.64,23.45,5.17,0,0,0,1,0,1,1
2026-03-03 18:15:00,D01,S01,东向,城市快速路,4,81,74.72,23.36,4.82,0,0,0,1,0,1,0
2026-03-03 18:30:00,D01,S01,东向,城市快速路,4,86,70.96,26.7,5.07,0,0,0,1,0,1,0
2026-03-03 18:45:00,D01,S01,东向,城市快速路,4,81,79.15,24.61,4.55,0,0,0,1,0,0,0
2026-03-03 19:00:00,D01,S01,东向,城市快速路,4,64,71.87,20.41,5.01,0,0,0,1,0,1,0
2026-03-03 19:15:00,D01,S01,东向,城市快速路,4,59,78.52,21.24,4.58,0,0,0,1,0,0,0
2026-03-03 19:30:00,D01,S01,东向,城市快速路,4,44,88.56,14.08,4.07,0,0,0,0,0,0,0
2026-03-03 19:45:00,D01,S01,东向,城市快速路,4,41,77.3,15.59,4.66,0,0,0,0,0,0,0
2026-03-03 20:00:00,D01,S01,东向,城市快速路,4,36,89.38,14.68,4.03,0,0,0,0,0,0,0
2026-03-03 20:15:00,D01,S01,东向,城市快速路,4,38,80.58,15.55,4.47,0,0,0,0,0,0,0
2026-03-03 20:30:00,D01,S01,东向,城市快速路,4,27,87.6,10.32,4.11,0,0,0,0,0,0,0
2026-03-03 20:45:00,D01,S01,东向,城市快速路,4,28,78.44,12.49,4.59,0,0,0,0,0,0,0
2026-03-03 21:00:00,D01,S01,东向,城市快速路,4,39,,14.43,4.04,0,0,0,0,0,0,0
2026-03-03 21:15:00,D01,S01,东向,城市快速路,4,33,78.54,13.94,4.58,0,0,0,0,0,0,0
2026-03-03 21:30:00,D01,S01,东向,城市快速路,4,27,82.71,13.24,4.35,0,0,0,0,0,0,0
2026-03-03 21:45:00,D01,S01,东向,城市快速路,4,30,83.24,15.03,4.32,0,0,0,0,0,0,0
2026-03-03 22:00:00,D01,S01,东向,城市快速路,4,22,83.72,6.62,4.3,0,0,0,0,0,0,0
2026-03-03 22:15:00,D01,S01,东向,城市快速路,4,27,85.85,11.05,4.19,0,0,0,0,0,0,0
2026-03-03 22:30:00,D01,S01,东向,城市快速路,4,37,79.25,18.11,4.54,0,0,0,0,0,0,0
2026-03-03 22:45:00,D01,S01,东向,城市快速路,4,31,82.92,10.72,4.34,0,0,0,0,0,0,0
2026-03-03 23:00:00,D01,S01,东向,城市快速路,4,35,78.65,16.15,4.58,0,0,0,0,0,0,0
2026-03-03 23:15:00,D01,S01,东向,城市快速路,4,28,90.24,9.83,3.99,0,0,0,0,0,0,0
2026-03-03 23:30:00,D01,S01,东向,城市快速路,4,22,82.58,9.37,4.36,0,0,0,0,0,0,0
2026-03-03 23:45:00,D01,S01,东向,城市快速路,4,28,84.95,12.05,4.24,0,0,0,0,0,0,0
2026-03-04 00:00:00,D01,S01,东向,城市快速路,4,31,82.75,9.88,4.35,0,0,0,0,0,0,0
2026-03-04 00:15:00,D01,S01,东向,城市快速路,4,29,93.07,16.08,3.87,0,0,0,0,0,0,0
2026-03-04 00:30:00,D01,S01,东向,城市快速路,4,46,89.36,14.45,4.03,0,0,0,0,0,0,0
2026-03-04 00:45:00,D01,S01,东向,城市快速路,4,23,88.82,10.65,4.05,0,0,0,0,0,0,0
2026-03-04 01:00:00,D01,S01,东向,城市快速路,4,20,82.4,10.31,4.37,0,0,0,0,0,0,0
2026-03-04 01:15:00,D01,S01,东向,城市快速路,4,37,82.43,13.71,4.37,0,0,0,0,0,0,0
2026-03-04 01:30:00,D01,S01,东向,城市快速路,4,34,87.1,14.63,4.13,0,0,0,0,0,0,0
2026-03-04 01:45:00,D01,S01,东向,城市快速路,4,41,86.72,18.84,4.15,0,0,0,0,0,0,0
2026-03-04 02:00:00,D01,S01,东向,城市快速路,4,31,82.74,15.07,4.35,0,0,0,0,0,0,0
2026-03-04 02:15:00,D01,S01,东向,城市快速路,4,16,86.76,5.97,4.15,0,0,0,0,0,0,0
2026-03-04 02:30:00,D01,S01,东向,城市快速路,4,27,83.93,14.24,4.29,0,0,0,0,0,0,0
2026-03-04 02:45:00,D01,S01,东向,城市快速路,4,29,84.76,12.41,4.25,0,0,0,0,0,0,0
2026-03-04 03:00:00,D01,S01,东向,城市快速路,4,27,87.35,16.37,4.12,0,0,0,0,0,0,0
2026-03-04 03:15:00,D01,S01,东向,城市快速路,4,27,78.89,14.6,4.56,0,0,0,0,0,0,0
2026-03-04 03:30:00,D01,S01,东向,城市快速路,4,27,85.93,13.44,4.19,0,0,0,0,0,0,0
2026-03-04 03:45:00,D01,S01,东向,城市快速路,4,36,82.02,17.19,4.39,0,0,0,0,0,0,0
2026-03-04 04:00:00,D01,S01,东向,城市快速路,4,24,92.72,9.98,3.88,0,0,0,0,0,0,0
2026-03-04 04:15:00,D01,S01,东向,城市快速路,4,19,91.04,11.36,3.95,0,0,0,0,0,0,0
2026-03-04 04:30:00,D01,S01,东向,城市快速路,4,34,80.9,11.83,4.45,0,0,0,0,0,0,0
2026-03-04 04:45:00,D01,S01,东向,城市快速路,4,28,79.33,12.56,4.54,0,0,0,0,0,0,0
2026-03-04 05:00:00,D01,S01,东向,城市快速路,4,37,86.72,12.79,4.15,0,0,0,0,0,0,0
2026-03-04 05:15:00,D01,S01,东向,城市快速路,4,33,75.54,12.33,4.77,0,0,0,0,0,0,0
2026-03-04 05:30:00,D01,S01,东向,城市快速路,4,38,84.57,13.62,4.26,0,0,0,0,0,0,0
2026-03-04 05:45:00,D01,S01,东向,城市快速路,4,32,86.26,12.44,4.17,0,0,0,0,0,0,0
2026-03-04 06:00:00,D01,S01,东向,城市快速路,4,39,81.47,11.59,4.42,1,0,0,0,0,0,0
2026-03-04 06:15:00,D01,S01,东向,城市快速路,4,36,81.97,12.95,4.39,1,0,0,0,0,0,0
2026-03-04 06:30:00,D01,S01,东向,城市快速路,4,49,79.25,21.63,4.54,1,0,0,0,1,0,0
2026-03-04 06:45:00,D01,S01,东向,城市快速路,4,60,68.27,22.71,5.27,1,0,0,0,0,1,1
2026-03-04 07:00:00,D01,S01,东向,城市快速路,4,65,70.38,22.68,5.12,1,0,0,1,0,1,0
2026-03-04 07:15:00,D01,S01,东向,城市快速路,4,71,72.16,25.45,4.99,1,0,0,1,0,1,0
2026-03-04 07:30:00,D01,S01,东向,城市快速路,4,78,68.89,20.85,5.23,1,0,0,1,0,1,1
2026-03-04 07:45:00,D01,S01,东向,城市快速路,4,84,68.71,22.41,5.24,1,0,0,1,0,1,1
2026-03-04 08:00:00,D01,S01,东向,城市快速路,4,88,73.82,28.22,4.88,1,0,0,1,0,1,0
2026-03-04 08:15:00,D01,S01,东向,城市快速路,4,86,67.93,25.91,5.3,1,0,0,1,0,1,1
2026-03-04 08:30:00,D01,S01,东向,城市快速路,4,85,69.85,26.8,5.15,1,0,0,1,0,1,1
2026-03-04 08:45:00,D01,S01,东向,城市快速路,4,62,76.72,23.99,4.69,1,0,0,1,0,0,0
2026-03-04 09:00:00,D01,S01,东向,城市快速路,4,71,78.01,21.34,4.61,1,0,0,1,0,0,0
2026-03-04 09:15:00,D01,S01,东向,城市快速路,4,50,77.19,17.19,4.66,1,0,0,1,0,0,0
2026-03-04 09:30:00,D01,S01,东向,城市快速路,4,53,73.62,11.81,4.89,1,0,0,0,0,1,0
2026-03-04 09:45:00,D01,S01,东向,城市快速路,4,50,75.77,19.9,4.75,1,0,0,0,0,0,0
2026-03-04 10:00:00,D01,S01,东向,城市快速路,4,40,72.13,15.84,4.99,1,0,0,0,0,1,0
2026-03-04 10:15:00,D01,S01,东向,城市快速路,4,38,81.67,16.59,4.41,1,0,0,0,0,0,0
2026-03-04 10:30:00,D01,S01,东向,城市快速路,4,40,68.69,17.02,5.24,1,0,0,0,0,1,1
2026-03-04 10:45:00,D01,S01,东向,城市快速路,4,33,73.16,9.67,4.92,1,0,0,0,0,1,0
2026-03-04 11:00:00,D01,S01,东向,城市快速路,4,36,83.59,18.91,4.31,1,0,0,0,0,0,0
2026-03-04 11:15:00,D01,S01,东向,城市快速路,4,38,81.63,12.45,4.41,1,0,0,0,0,0,0
2026-03-04 11:30:00,D01,S01,东向,城市快速路,4,37,71.36,14.99,5.05,1,0,0,0,0,1,0
2026-03-04 11:45:00,D01,S01,东向,城市快速路,4,38,78.38,11.43,4.59,1,0,0,0,0,0,0
2026-03-04 12:00:00,D01,S01,东向,城市快速路,4,24,77.79,10.39,4.63,1,0,0,0,0,0,0
2026-03-04 12:15:00,D01,S01,东向,城市快速路,4,40,89.71,15.86,4.01,0,0,0,0,0,0,0
2026-03-04 12:30:00,D01,S01,东向,城市快速路,4,37,88.77,14.79,4.06,0,0,0,0,0,0,0
2026-03-04 12:45:00,D01,S01,东向,城市快速路,4,28,87.8,13.74,4.1,0,0,0,0,0,0,0
2026-03-04 13:00:00,D01,S01,东向,城市快速路,4,34,89.16,14.31,4.04,0,0,0,0,0,0,0
2026-03-04 13:15:00,D01,S01,东向,城市快速路,4,26,87.85,9.89,4.1,0,0,0,0,0,0,0
2026-03-04 13:30:00,D01,S01,东向,城市快速路,4,32,85.97,9.65,4.19,0,0,0,0,0,0,0
2026-03-04 13:45:00,D01,S01,东向,城市快速路,4,28,89.14,14.67,4.04,0,0,0,0,0,0,0
2026-03-04 14:00:00,D01,S01,东向,城市快速路,4,34,88.69,13.46,4.06,0,0,0,0,0,0,0
2026-03-04 14:15:00,D01,S01,东向,城市快速路,4,33,80.45,16.37,4.47,0,0,0,0,0,0,0
2026-03-04 14:30:00,D01,S01,东向,城市快速路,4,30,87.77,11.81,4.1,0,0,0,0,0,0,0
2026-03-04 14:45:00,D01,S01,东向,城市快速路,4,32,89.96,10.74,4.0,0,0,0,0,0,0,0
2026-03-04 15:00:00,D01,S01,东向,城市快速路,4,21,89.79,10.45,4.01,0,0,0,0,0,0,0
2026-03-04 15:15:00,D01,S01,东向,城市快速路,4,34,85.25,11.34,4.22,0,0,0,0,0,0,0
2026-03-04 15:30:00,D01,S01,东向,城市快速路,4,32,78.45,10.43,4.59,0,0,0,0,0,0,0
2026-03-04 15:45:00,D01,S01,东向,城市快速路,4,44,88.34,14.69,4.08,0,0,0,0,0,0,0
2026-03-04 16:00:00,D01,S01,东向,城市快速路,4,44,79.26,15.58,4.54,1,0,0,0,0,0,0
2026-03-04 16:15:00,D01,S01,东向,城市快速路,4,58,75.66,21.08,4.76,1,0,0,0,0,0,0
2026-03-04 16:30:00,D01,S01,东向,城市快速路,4,70,66.03,25.05,5.45,1,0,0,1,0,1,1
2026-03-04 16:45:00,D01,S01,东向,城市快速路,4,71,76.96,23.15,4.68,1,0,0,1,0,0,0
2026-03-04 17:00:00,D01,S01,东向,城市快速路,4,80,69.06,22.77,5.21,1,0,0,1,0,1,1
2026-03-04 17:15:00,D01,S01,东向,城市快速路,4,71,70.01,20.27,5.14,1,0,0,1,0,1,0
2026-03-04 17:30:00,D01,S01,东向,城市快速路,4,90,59.56,28.66,6.04,1,0,0,1,0,1,1
2026-03-04 17:45:00,D01,S01,东向,城市快速路,4,87,63.82,24.13,5.64,1,0,0,1,0,1,1
2026-03-04 18:00:00,D01,S01,东向,城市快速路,4,86,70.81,27.16,5.08,1,0,0,1,0,1,0
2026-03-04 18:15:00,D01,S01,东向,城市快速路,4,90,67.03,26.26,5.37,1,0,0,1,0,1,1
2026-03-04 18:30:00,D01,S01,东向,城市快速路,4,76,74.31,23.13,4.84,1,0,0,1,0,1,0
2026-03-04 18:45:00,D01,S01,东向,城市快速路,4,77,69.56,23.21,5.18,1,0,0,1,0,1,1
2026-03-04 19:00:00,D01,S01,东向,城市快速路,4,63,79.25,22.38,4.54,1,0,0,1,0,0,0
2026-03-04 19:15:00,D01,S01,东向,城市快速路,4,40,71.07,13.63,5.07,1,0,0,1,0,1,0
2026-03-04 19:30:00,D01,S01,东向,城市快速路,4,40,75.34,15.39,4.78,1,0,0,0,0,0,0
2026-03-04 19:45:00,D01,S01,东向,城市快速路,4,45,81.35,17.96,4.43,1,0,0,0,0,0,0
2026-03-04 20:00:00,D01,S01,东向,城市快速路,4,43,75.94,17.74,4.74,1,0,0,0,0,0,0
2026-03-04 20:15:00,D01,S01,东向,城市快速路,4,40,77.16,15.29,4.67,1,0,0,0,0,0,0
2026-03-04 20:30:00,D01,S01,东向,城市快速路,4,44,73.97,17.96,4.87,1,0,0,0,0,1,0
2026-03-04 20:45:00,D01,S01,东向,城市快速路,4,33,81.43,14.74,4.42,1,0,0,0,0,0,0
2026-03-04 21:00:00,D01,S01,东向,城市快速路,4,23,72.34,14.0,4.98,1,0,0,0,0,1,0
2026-03-04 21:15:00,D01,S01,东向,城市快速路,4,42,80.66,20.24,4.46,0,0,0,0,0,0,0
2026-03-04 21:30:00,D01,S01,东向,城市快速路,4,37,74.24,13.83,4.85,0,0,0,0,0,1,0
2026-03-04 21:45:00,D01,S01,东向,城市快速路,4,38,95.29,13.45,3.78,0,0,0,0,0,0,0
2026-03-04 22:00:00,D01,S01,东向,城市快速路,4,31,82.23,13.97,4.38,0,0,0,0,0,0,0
2026-03-04 22:15:00,D01,S01,东向,城市快速路,4,32,83.14,13.26,4.33,0,0,0,0,0,0,0
2026-03-04 22:30:00,D01,S01,东向,城市快速路,4,32,80.4,12.68,4.48,0,0,0,0,0,0,0
2026-03-04 22:45:00,D01,S01,东向,城市快速路,4,29,85.84,15.36,4.19,0,0,0,0,0,0,0
2026-03-04 23:00:00,D01,S01,东向,城市快速路,4,31,90.06,12.11,4.0,0,0,0,0,0,0,0
2026-03-04 23:15:00,D01,S01,东向,城市快速路,4,36,88.63,14.54,4.06,0,0,0,0,0,0,0
2026-03-04 23:30:00,D01,S01,东向,城市快速路,4,20,89.35,12.77,4.03,0,0,0,0,0,0,0
2026-03-04 23:45:00,D01,S01,东向,城市快速路,4,26,82.8,10.11,4.35,0,0,0,0,0,0,0
2026-03-05 00:00:00,D01,S01,东向,城市快速路,4,32,80.51,13.76,4.47,0,0,0,0,0,0,0
2026-03-05 00:15:00,D01,S01,东向,城市快速路,4,37,83.0,13.07,4.34,0,0,0,0,0,0,0
2026-03-05 00:30:00,D01,S01,东向,城市快速路,4,39,80.43,12.74,4.48,0,0,0,0,0,0,0
2026-03-05 00:45:00,D01,S01,东向,城市快速路,4,40,84.93,15.46,4.24,0,0,0,0,0,0,0
2026-03-05 01:00:00,D01,S01,东向,城市快速路,4,32,79.04,13.34,4.55,0,0,0,0,0,0,0
2026-03-05 01:15:00,D01,S01,东向,城市快速路,4,24,78.32,7.39,4.6,0,0,0,0,0,0,0
2026-03-05 01:30:00,D01,S01,东向,城市快速路,4,30,80.29,15.99,4.48,0,0,0,0,0,0,0
2026-03-05 01:45:00,D01,S01,东向,城市快速路,4,31,88.84,13.3,4.05,0,0,0,0,0,0,0
2026-03-05 02:00:00,D01,S01,东向,城市快速路,4,41,84.01,15.79,4.29,0,0,0,0,0,0,0
2026-03-05 02:15:00,D01,S01,东向,城市快速路,4,37,74.14,14.23,4.86,0,0,0,0,0,1,0
2026-03-05 02:30:00,D01,S01,东向,城市快速路,4,22,85.01,9.95,4.23,0,0,0,0,0,0,0
2026-03-05 02:45:00,D01,S01,东向,城市快速路,4,37,82.01,14.17,4.39,0,0,0,0,0,0,0
2026-03-05 03:00:00,D01,S01,东向,城市快速路,4,27,82.36,12.35,4.37,0,0,0,0,0,0,0
2026-03-05 03:15:00,D01,S01,东向,城市快速路,4,31,83.1,15.79,4.33,0,0,0,0,0,0,0
2026-03-05 03:30:00,D01,S01,东向,城市快速路,4,35,87.15,12.14,4.13,0,0,0,0,0,0,0
2026-03-05 03:45:00,D01,S01,东向,城市快速路,4,26,85.53,8.05,4.21,0,0,0,0,0,0,0
2026-03-05 04:00:00,D01,S01,东向,城市快速路,4,42,86.0,12.71,4.19,0,0,0,0,0,0,0
2026-03-05 04:15:00,D01,S01,东向,城市快速路,4,35,84.76,12.07,4.25,0,0,0,0,0,0,0
2026-03-05 04:30:00,D01,S01,东向,城市快速路,4,23,90.65,10.99,3.97,0,0,0,0,0,0,0
2026-03-05 04:45:00,D01,S01,东向,城市快速路,4,34,88.32,12.59,4.08,0,0,0,0,0,0,0
2026-03-05 05:00:00,D01,S01,东向,城市快速路,4,23,91.09,12.54,3.95,0,0,0,0,0,0,0
2026-03-05 05:15:00,D01,S01,东向,城市快速路,4,27,90.96,12.08,3.96,0,0,0,0,0,0,0
2026-03-05 05:30:00,D01,S01,东向,城市快速路,4,28,86.06,12.21,4.18,0,0,0,0,0,0,0
2026-03-05 05:45:00,D01,S01,东向,城市快速路,4,36,83.08,14.45,4.33,0,0,0,0,0,0,0
2026-03-05 06:00:00,D01,S01,东向,城市快速路,4,37,88.76,17.86,4.06,0,0,0,0,0,0,0
2026-03-05 06:15:00,D01,S01,东向,城市快速路,4,59,78.99,20.15,4.56,0,0,0,0,0,0,0
2026-03-05 06:30:00,D01,S01,东向,城市快速路,4,56,73.55,17.58,4.89,0,0,0,0,0,1,0
2026-03-05 06:45:00,D01,S01,东向,城市快速路,4,60,84.93,16.64,4.24,0,0,0,0,0,0,0
2026-03-05 07:00:00,D01,S01,东向,城市快速路,4,73,76.33,27.36,4.72,0,0,0,1,0,0,0
2026-03-05 07:15:00,D01,S01,东向,城市快速路,4,67,82.56,23.37,4.36,0,0,0,1,0,0,0
2026-03-05 07:30:00,D01,S01,东向,城市快速路,4,73,83.21,25.44,4.33,0,0,0,1,0,0,0
2026-03-05 07:45:00,D01,S01,东向,城市快速路,4,92,71.61,28.84,5.03,0,0,0,1,0,1,0
2026-03-05 08:00:00,D01,S01,东向,城市快速路,4,85,72.65,24.4,4.96,0,0,0,1,0,1,0
2026-03-05 08:15:00,D01,S01,东向,城市快速路,4,77,83.55,22.42,4.31,0,0,0,1,0,0,0
2026-03-05 08:30:00,D01,S01,东向,城市快速路,4,77,80.27,29.24,4.49,0,0,0,1,0,0,0
2026-03-05 08:45:00,D01,S01,东向,城市快速路,4,73,77.07,23.54,4.67,0,0,0,1,0,0,0
2026-03-05 09:00:00,D01,S01,东向,城市快速路,4,58,88.78,18.85,4.06,0,0,0,1,0,0,0
2026-03-05 09:15:00,D01,S01,东向,城市快速路,4,59,89.11,14.45,4.04,0,0,0,1,0,0,0
2026-03-05 09:30:00,D01,S01,东向,城市快速路,4,46,76.47,13.23,4.71,0,0,0,0,0,0,0
2026-03-05 09:45:00,D01,S01,东向,城市快速路,4,63,77.21,19.59,4.66,0,0,0,0,0,0,0
2026-03-05 10:00:00,D01,S01,东向,城市快速路,4,36,76.0,16.07,4.74,0,0,0,0,0,0,0
2026-03-05 10:15:00,D01,S01,东向,城市快速路,4,37,89.76,14.85,4.01,0,0,0,0,0,0,0
2026-03-05 10:30:00,D01,S01,东向,城市快速路,4,20,82.8,9.85,4.35,0,0,0,0,0,0,0
2026-03-05 10:45:00,D01,S01,东向,城市快速路,4,31,86.54,14.63,4.16,0,0,0,0,0,0,0
2026-03-05 11:00:00,D01,S01,东向,城市快速路,4,27,84.33,14.8,4.27,0,0,0,0,0,0,0
2026-03-05 11:15:00,D01,S01,东向,城市快速路,4,35,80.8,11.96,4.46,0,0,0,0,0,0,0
2026-03-05 11:30:00,D01,S01,东向,城市快速路,4,29,80.12,12.73,4.49,0,0,0,0,0,0,0
2026-03-05 11:45:00,D01,S01,东向,城市快速路,4,20,87.02,13.73,4.14,0,0,0,0,0,0,0
2026-03-05 12:00:00,D01,S01,东向,城市快速路,4,38,89.14,13.12,4.04,0,0,0,0,0,0,0
2026-03-05 12:15:00,D01,S01,东向,城市快速路,4,36,88.68,18.54,4.06,0,0,0,0,0,0,0
2026-03-05 12:30:00,D01,S01,东向,城市快速路,4,32,80.28,19.53,4.48,0,0,0,0,0,0,0
2026-03-05 12:45:00,D01,S01,东向,城市快速路,4,30,74.87,10.6,4.81,0,0,0,0,0,1,0
2026-03-05 13:00:00,D01,S01,东向,城市快速路,4,27,84.18,10.21,4.28,0,0,0,0,0,0,0
2026-03-05 13:15:00,D01,S01,东向,城市快速路,4,26,85.25,13.92,4.22,0,0,0,0,0,0,0
2026-03-05 13:30:00,D01,S01,东向,城市快速路,4,21,90.28,4.67,3.99,0,0,0,0,0,0,0
2026-03-05 13:45:00,D01,S01,东向,城市快速路,4,37,86.3,17.53,4.17,0,0,0,0,0,0,0
2026-03-05 14:00:00,D01,S01,东向,城市快速路,4,24,86.48,14.06,4.16,0,0,0,0,0,0,0
2026-03-05 14:15:00,D01,S01,东向,城市快速路,4,18,84.12,7.22,4.28,0,0,0,0,0,0,0
2026-03-05 14:30:00,D01,S01,东向,城市快速路,4,32,90.37,16.75,3.98,0,0,0,0,0,0,0
2026-03-05 14:45:00,D01,S01,东向,城市快速路,4,30,79.76,14.39,4.51,0,0,0,0,0,0,0
2026-03-05 15:00:00,D01,S01,东向,城市快速路,4,28,83.93,10.54,4.29,0,0,0,0,0,0,0
2026-03-05 15:15:00,D01,S01,东向,城市快速路,4,33,86.94,12.92,4.14,0,0,0,0,0,0,0
2026-03-05 15:30:00,D01,S01,东向,城市快速路,4,38,83.94,13.38,4.29,0,0,0,0,0,0,0
2026-03-05 15:45:00,D01,S01,东向,城市快速路,4,43,84.18,16.6,4.28,0,0,0,0,0,0,0
2026-03-05 16:00:00,D01,S01,东向,城市快速路,4,49,80.13,18.5,4.49,0,0,0,0,0,0,0
2026-03-05 16:15:00,D01,S01,东向,城市快速路,4,54,83.99,21.06,4.29,0,0,0,0,0,0,0
2026-03-05 16:30:00,D01,S01,东向,城市快速路,4,61,85.79,25.24,4.2,0,0,0,1,0,0,0
2026-03-05 16:45:00,D01,S01,东向,城市快速路,4,77,76.79,20.75,4.69,0,0,0,1,0,0,0
2026-03-05 17:00:00,D01,S01,东向,城市快速路,4,78,74.14,24.13,4.86,0,0,0,1,0,1,0
2026-03-05 17:15:00,D01,S01,东向,城市快速路,4,87,72.96,24.0,4.93,0,0,0,1,0,1,0
2026-03-05 17:30:00,D01,S01,东向,城市快速路,4,96,67.83,29.03,5.31,0,0,0,1,0,1,1
2026-03-05 17:45:00,D01,S01,东向,城市快速路,4,87,72.46,26.0,4.97,0,0,0,1,0,1,0
2026-03-05 18:00:00,D01,S01,东向,城市快速路,4,96,75.63,24.15,4.76,0,0,0,1,0,0,0
2026-03-05 18:15:00,D01,S01,东向,城市快速路,4,78,76.74,24.72,4.69,0,0,0,1,0,0,0
2026-03-05 18:30:00,D01,S01,东向,城市快速路,4,84,78.17,29.45,4.61,0,0,0,1,0,0,0
2026-03-05 18:45:00,D01,S01,东向,城市快速路,4,70,82.07,18.72,4.39,0,0,0,1,0,0,0
2026-03-05 19:00:00,D01,S01,东向,城市快速路,4,70,80.32,20.98,4.48,0,0,0,1,0,0,0
2026-03-05 19:15:00,D01,S01,东向,城市快速路,4,61,80.73,19.37,4.46,0,0,0,1,0,0,0
2026-03-05 19:30:00,D01,S01,东向,城市快速路,4,45,82.28,14.6,4.38,0,0,0,0,0,0,0
2026-03-05 19:45:00,D01,S01,东向,城市快速路,4,55,84.67,18.37,4.25,0,0,0,0,0,0,0
2026-03-05 20:00:00,D01,S01,东向,城市快速路,4,36,89.36,11.02,4.03,0,0,0,0,0,0,0
2026-03-05 20:15:00,D01,S01,东向,城市快速路,4,39,82.23,14.13,4.38,0,0,0,0,0,0,0
2026-03-05 20:30:00,D01,S01,东向,城市快速路,4,36,89.17,16.86,4.04,0,0,0,0,0,0,0
2026-03-05 20:45:00,D01,S01,东向,城市快速路,4,19,80.69,8.84,4.46,0,0,0,0,0,0,0
2026-03-05 21:00:00,D01,S01,东向,城市快速路,4,23,85.14,10.31,4.23,0,0,0,0,0,0,0
2026-03-05 21:15:00,D01,S01,东向,城市快速路,4,27,88.58,9.29,4.06,0,0,0,0,0,0,0
2026-03-05 21:30:00,D01,S01,东向,城市快速路,4,17,76.78,9.6,4.69,0,0,0,0,0,0,0
2026-03-05 21:45:00,D01,S01,东向,城市快速路,4,31,88.66,14.66,4.06,0,0,0,0,0,0,0
2026-03-05 22:00:00,D01,S01,东向,城市快速路,4,27,80.07,11.6,4.5,0,0,0,0,0,0,0
2026-03-05 22:15:00,D01,S01,东向,城市快速路,4,34,81.56,15.24,4.41,0,0,0,0,0,0,0
2026-03-05 22:30:00,D01,S01,东向,城市快速路,4,38,78.31,16.0,4.6,0,0,0,0,0,0,0
2026-03-05 22:45:00,D01,S01,东向,城市快速路,4,25,73.41,9.63,4.9,0,0,0,0,0,1,0
2026-03-05 23:00:00,D01,S01,东向,城市快速路,4,39,75.99,15.02,4.74,0,0,0,0,0,0,0
2026-03-05 23:15:00,D01,S01,东向,城市快速路,4,28,86.38,12.52,4.17,0,0,0,0,0,0,0
2026-03-05 23:30:00,D01,S01,东向,城市快速路,4,20,94.48,10.52,3.81,0,0,0,0,0,0,0
2026-03-05 23:45:00,D01,S01,东向,城市快速路,4,27,83.35,15.1,4.32,0,0,0,0,0,0,0
2026-03-06 00:00:00,D01,S01,东向,城市快速路,4,27,84.4,12.73,4.27,0,0,0,0,0,0,0
2026-03-06 00:15:00,D01,S01,东向,城市快速路,4,29,78.02,11.37,4.61,0,0,0,0,0,0,0
2026-03-06 00:30:00,D01,S01,东向,城市快速路,4,31,86.14,13.12,4.18,0,0,0,0,0,0,0
2026-03-06 00:45:00,D01,S01,东向,城市快速路,4,34,83.97,20.78,4.29,0,0,0,0,0,0,0
2026-03-06 01:00:00,D01,S01,东向,城市快速路,4,28,77.21,11.44,4.66,0,0,0,0,0,0,0
2026-03-06 01:15:00,D01,S01,东向,城市快速路,4,30,75.56,14.82,4.76,0,0,0,0,0,0,0
2026-03-06 01:30:00,D01,S01,东向,城市快速路,4,28,85.65,12.78,4.2,0,0,0,0,0,0,0
2026-03-06 01:45:00,D01,S01,东向,城市快速路,4,33,86.86,9.25,4.14,0,0,0,0,0,0,0
2026-03-06 02:00:00,D01,S01,东向,城市快速路,4,25,85.33,10.14,4.22,0,0,0,0,0,0,0
2026-03-06 02:15:00,D01,S01,东向,城市快速路,4,42,84.46,17.26,4.26,0,0,0,0,0,0,0
2026-03-06 02:30:00,D01,S01,东向,城市快速路,4,36,89.62,16.04,4.02,0,0,0,0,0,0,0
2026-03-06 02:45:00,D01,S01,东向,城市快速路,4,27,82.55,13.44,4.36,0,0,0,0,0,0,0
2026-03-06 03:00:00,D01,S01,东向,城市快速路,4,35,78.71,15.3,4.57,0,0,0,0,0,0,0
2026-03-06 03:15:00,D01,S01,东向,城市快速路,4,37,76.47,16.02,4.71,0,0,0,0,0,0,0
2026-03-06 03:30:00,D01,S01,东向,城市快速路,4,27,90.01,10.95,4.0,0,0,0,0,0,0,0
2026-03-06 03:45:00,D01,S01,东向,城市快速路,4,41,83.49,14.98,4.31,0,0,0,0,0,0,0
2026-03-06 04:00:00,D01,S01,东向,城市快速路,4,32,89.86,11.12,4.01,0,0,0,0,0,0,0
2026-03-06 04:15:00,D01,S01,东向,城市快速路,4,34,85.71,16.73,4.2,0,0,0,0,0,0,0
2026-03-06 04:30:00,D01,S01,东向,城市快速路,4,23,88.56,10.1,4.07,0,0,0,0,0,0,0
2026-03-06 04:45:00,D01,S01,东向,城市快速路,4,42,82.32,16.85,4.37,0,0,0,0,0,0,0
2026-03-06 05:00:00,D01,S01,东向,城市快速路,4,20,87.23,11.31,4.13,0,0,0,0,0,0,0
2026-03-06 05:15:00,D01,S01,东向,城市快速路,4,39,86.09,15.75,4.18,0,0,0,0,0,0,0
2026-03-06 05:30:00,D01,S01,东向,城市快速路,4,22,88.52,10.26,4.07,0,0,0,0,0,0,0
2026-03-06 05:45:00,D01,S01,东向,城市快速路,4,28,88.11,14.46,4.09,0,0,0,0,0,0,0
2026-03-06 06:00:00,D01,S01,东向,城市快速路,4,49,84.77,16.59,4.25,0,0,0,0,0,0,0
2026-03-06 06:15:00,D01,S01,东向,城市快速路,4,35,91.57,14.61,3.93,0,0,0,0,0,0,0
2026-03-06 06:30:00,D01,S01,东向,城市快速路,4,49,79.16,21.79,4.55,0,0,0,0,0,0,0
2026-03-06 06:45:00,D01,S01,东向,城市快速路,4,56,85.02,18.3,4.23,0,0,0,0,0,0,0
2026-03-06 07:00:00,D01,S01,东向,城市快速路,4,57,81.71,18.06,4.41,0,0,0,1,0,0,0
2026-03-06 07:15:00,D01,S01,东向,城市快速路,4,68,86.67,21.54,4.15,0,0,0,1,0,0,0
2026-03-06 07:30:00,D01,S01,东向,城市快速路,4,74,76.61,19.98,4.7,0,0,0,1,0,0,0
2026-03-06 07:45:00,D01,S01,东向,城市快速路,4,73,87.64,26.1,4.11,0,0,0,1,0,0,0
2026-03-06 08:00:00,D01,S01,东向,城市快速路,4,78,76.95,24.45,4.68,0,0,0,1,0,0,0
2026-03-06 08:15:00,D01,S01,东向,城市快速路,4,85,72.87,23.59,4.94,0,0,0,1,0,1,0
2026-03-06 08:30:00,D01,S01,东向,城市快速路,4,84,79.33,24.77,4.54,0,0,0,1,0,0,0
2026-03-06 08:45:00,D01,S01,东向,城市快速路,4,66,77.05,21.37,4.67,0,0,0,1,0,0,0
2026-03-06 09:00:00,D01,S01,东向,城市快速路,4,67,89.57,24.63,4.02,0,0,0,1,0,0,0
2026-03-06 09:15:00,D01,S01,东向,城市快速路,4,50,82.05,16.18,4.39,0,0,0,1,0,0,0
2026-03-06 09:30:00,D01,S01,东向,城市快速路,4,50,87.39,14.43,4.12,0,0,0,0,0,0,0
2026-03-06 09:45:00,D01,S01,东向,城市快速路,4,29,74.82,11.09,4.81,0,0,0,0,0,1,0
2026-03-06 10:00:00,D01,S01,东向,城市快速路,4,35,77.12,17.21,4.67,0,0,0,0,0,0,0
2026-03-06 10:15:00,D01,S01,东向,城市快速路,4,28,81.78,16.68,4.4,0,0,0,0,0,0,0
2026-03-06 10:30:00,D01,S01,东向,城市快速路,4,21,85.51,11.09,4.21,0,0,0,0,0,0,0
2026-03-06 10:45:00,D01,S01,东向,城市快速路,4,39,82.49,11.1,4.36,0,0,0,0,0,0,0
2026-03-06 11:00:00,D01,S01,东向,城市快速路,4,39,85.28,18.39,4.22,0,0,0,0,0,0,0
2026-03-06 11:15:00,D01,S01,东向,城市快速路,4,35,81.21,13.97,4.43,0,0,0,0,0,0,0
2026-03-06 11:30:00,D01,S01,东向,城市快速路,4,33,90.81,,3.96,0,0,0,0,0,0,0
2026-03-06 11:45:00,D01,S01,东向,城市快速路,4,36,86.16,12.14,4.18,0,0,0,0,0,0,0
2026-03-06 12:00:00,D01,S01,东向,城市快速路,4,39,78.23,15.52,4.6,0,0,0,0,0,0,0
2026-03-06 12:15:00,D01,S01,东向,城市快速路,4,28,91.95,14.1,3.92,0,0,0,0,0,0,0
2026-03-06 12:30:00,D01,S01,东向,城市快速路,4,21,89.14,12.17,4.04,0,0,0,0,0,0,0
2026-03-06 12:45:00,D01,S01,东向,城市快速路,4,25,81.94,13.24,4.39,0,0,0,0,0,0,0
2026-03-06 13:00:00,D01,S01,东向,城市快速路,4,26,78.1,10.11,4.61,0,0,0,0,0,0,0
2026-03-06 13:15:00,D01,S01,东向,城市快速路,4,34,85.07,13.65,4.23,0,0,0,0,0,0,0
2026-03-06 13:30:00,D01,S01,东向,城市快速路,4,38,88.95,12.11,4.05,0,0,0,0,0,0,0
2026-03-06 13:45:00,D01,S01,东向,城市快速路,4,24,89.16,14.81,4.04,0,0,0,0,0,0,0
2026-03-06 14:00:00,D01,S01,东向,城市快速路,4,25,80.73,15.89,4.46,0,0,0,0,0,0,0
2026-03-06 14:15:00,D01,S01,东向,城市快速路,4,38,80.56,13.21,4.47,0,0,0,0,0,0,0
2026-03-06 14:30:00,D01,S01,东向,城市快速路,4,20,82.33,13.53,4.37,0,0,0,0,0,0,0
2026-03-06 14:45:00,D01,S01,东向,城市快速路,4,39,84.26,15.34,4.27,0,0,0,0,0,0,0
2026-03-06 15:00:00,D01,S01,东向,城市快速路,4,32,81.47,7.84,4.42,0,0,0,0,0,0,0
2026-03-06 15:15:00,D01,S01,东向,城市快速路,4,36,86.78,15.4,4.15,0,0,0,0,0,0,0
2026-03-06 15:30:00,D01,S01,东向,城市快速路,4,40,89.26,17.31,4.03,0,0,0,0,0,0,0
2026-03-06 15:45:00,D01,S01,东向,城市快速路,4,53,84.75,14.31,4.25,0,0,0,0,0,0,0
2026-03-06 16:00:00,D01,S01,东向,城市快速路,4,51,77.95,15.46,4.62,0,0,0,0,0,0,0
2026-03-06 16:15:00,D01,S01,东向,城市快速路,4,62,84.31,16.96,4.27,0,0,0,0,0,0,0
2026-03-06 16:30:00,D01,S01,东向,城市快速路,4,64,78.7,23.05,4.57,0,0,0,1,0,0,0
2026-03-06 16:45:00,D01,S01,东向,城市快速路,4,73,85.08,23.47,4.23,0,0,0,1,0,0,0
2026-03-06 17:00:00,D01,S01,东向,城市快速路,4,84,72.73,25.09,4.95,0,0,0,1,0,1,0
2026-03-06 17:15:00,D01,S01,东向,城市快速路,4,87,78.79,27.82,4.57,0,0,0,1,0,0,0
2026-03-06 17:30:00,D01,S01,东向,城市快速路,4,82,78.59,21.39,4.58,0,0,0,1,0,0,0
2026-03-06 17:45:00,D01,S01,东向,城市快速路,4,92,69.15,28.55,5.21,0,0,0,1,0,1,1
2026-03-06 18:00:00,D01,S01,东向,城市快速路,4,100,70.89,28.31,5.08,0,0,0,1,0,1,0
2026-03-06 18:15:00,D01,S01,东向,城市快速路,4,78,81.84,23.87,4.4,0,0,0,1,0,0,0
2026-03-06 18:30:00,D01,S01,东向,城市快速路,4,85,74.0,27.49,4.86,0,0,0,1,0,1,0
2026-03-06 18:45:00,D01,S01,东向,城市快速路,4,64,83.18,19.34,4.33,0,0,0,1,0,0,0
2026-03-06 19:00:00,D01,S01,东向,城市快速路,4,70,78.63,22.29,4.58,0,0,0,1,0,0,0
2026-03-06 19:15:00,D01,S01,东向,城市快速路,4,55,83.37,19.39,4.32,0,0,0,1,0,0,0
2026-03-06 19:30:00,D01,S01,东向,城市快速路,4,53,83.82,16.36,4.29,0,0,0,0,0,0,0
2026-03-06 19:45:00,D01,S01,东向,城市快速路,4,40,90.54,15.29,3.98,0,0,0,0,0,0,0
2026-03-06 20:00:00,D01,S01,东向,城市快速路,4,50,83.88,18.29,4.29,0,0,0,0,0,0,0
2026-03-06 20:15:00,D01,S01,东向,城市快速路,4,38,87.46,17.27,4.12,0,0,0,0,0,0,0
2026-03-06 20:30:00,D01,S01,东向,城市快速路,4,38,85.44,14.86,4.21,0,0,0,0,0,0,0
2026-03-06 20:45:00,D01,S01,东向,城市快速路,4,38,77.34,14.63,4.65,0,0,0,0,0,0,0
2026-03-06 21:00:00,D01,S01,东向,城市快速路,4,27,80.11,15.72,4.49,0,0,0,0,0,0,0
2026-03-06 21:15:00,D01,S01,东向,城市快速路,4,38,91.46,13.1,3.94,0,0,0,0,0,0,0
2026-03-06 21:30:00,D01,S01,东向,城市快速路,4,30,87.43,12.39,4.12,0,0,0,0,0,0,0
2026-03-06 21:45:00,D01,S01,东向,城市快速路,4,32,80.48,16.61,4.47,0,0,0,0,0,0,0
2026-03-06 22:00:00,D01,S01,东向,城市快速路,4,26,83.14,11.22,4.33,0,0,0,0,0,0,0
2026-03-06 22:15:00,D01,S01,东向,城市快速路,4,24,83.84,14.02,4.29,0,0,0,0,0,0,0
2026-03-06 22:30:00,D01,S01,东向,城市快速路,4,22,87.2,13.6,4.13,0,0,0,0,0,0,0
2026-03-06 22:45:00,D01,S01,东向,城市快速路,4,35,77.36,10.56,4.65,0,0,0,0,0,0,0
2026-03-06 23:00:00,D01,S01,东向,城市快速路,4,31,89.53,12.68,4.02,0,0,0,0,0,0,0
2026-03-06 23:15:00,D01,S01,东向,城市快速路,4,30,91.16,12.51,3.95,0,0,0,0,0,0,0
2026-03-06 23:30:00,D01,S01,东向,城市快速路,4,35,79.82,15.88,4.51,0,0,0,0,0,0,0
2026-03-06 23:45:00,D01,S01,东向,城市快速路,4,30,86.8,11.98,4.15,0,0,0,0,0,0,0
2026-03-07 00:00:00,D01,S01,东向,城市快速路,4,26,89.53,13.32,4.02,0,0,1,0,0,0,0
2026-03-07 00:15:00,D01,S01,东向,城市快速路,4,25,86.26,12.72,4.17,0,0,1,0,0,0,0
2026-03-07 00:30:00,D01,S01,东向,城市快速路,4,18,92.22,9.74,3.9,0,0,1,0,0,0,0
2026-03-07 00:45:00,D01,S01,东向,城市快速路,4,23,83.85,10.77,4.29,0,0,1,0,0,0,0
2026-03-07 01:00:00,D01,S01,东向,城市快速路,4,24,78.85,10.94,4.57,0,0,1,0,0,0,0
2026-03-07 01:15:00,D01,S01,东向,城市快速路,4,27,82.66,9.39,4.36,0,0,1,0,0,0,0
2026-03-07 01:30:00,D01,S01,东向,城市快速路,4,18,80.5,8.94,4.47,0,0,1,0,0,0,0
2026-03-07 01:45:00,D01,S01,东向,城市快速路,4,14,86.18,5.79,4.18,0,0,1,0,0,0,0
2026-03-07 02:00:00,D01,S01,东向,城市快速路,4,21,94.99,10.84,3.79,0,0,1,0,0,0,0
2026-03-07 02:15:00,D01,S01,东向,城市快速路,4,26,83.05,10.58,4.33,0,0,1,0,0,0,0
2026-03-07 02:30:00,D01,S01,东向,城市快速路,4,17,87.15,10.19,4.13,0,0,1,0,0,0,0
2026-03-07 02:45:00,D01,S01,东向,城市快速路,4,20,84.27,9.17,4.27,0,0,1,0,0,0,0
2026-03-07 03:00:00,D01,S01,东向,城市快速路,4,23,77.94,14.04,4.62,0,0,1,0,0,0,0
2026-03-07 03:15:00,D01,S01,东向,城市快速路,4,24,85.42,13.64,4.21,0,0,1,0,0,0,0
2026-03-07 03:30:00,D01,S01,东向,城市快速路,4,9,88.5,8.54,4.07,0,0,1,0,0,0,0
2026-03-07 03:45:00,D01,S01,东向,城市快速路,4,24,85.77,8.96,4.2,0,0,1,0,0,0,0
2026-03-07 04:00:00,D01,S01,东向,城市快速路,4,23,84.1,7.68,4.28,0,0,1,0,0,0,0
2026-03-07 04:15:00,D01,S01,东向,城市快速路,4,14,86.16,7.92,4.18,0,0,1,0,0,0,0
2026-03-07 04:30:00,D01,S01,东向,城市快速路,4,32,86.39,12.38,4.17,0,0,1,0,0,0,0
2026-03-07 04:45:00,D01,S01,东向,城市快速路,4,6,93.21,8.19,3.86,0,0,1,0,0,0,0
2026-03-07 05:00:00,D01,S01,东向,城市快速路,4,24,81.7,13.21,4.41,0,0,1,0,0,0,0
2026-03-07 05:15:00,D01,S01,东向,城市快速路,4,20,88.68,10.42,4.06,0,0,1,0,0,0,0
2026-03-07 05:30:00,D01,S01,东向,城市快速路,4,32,82.24,15.47,4.38,0,0,1,0,0,0,0
2026-03-07 05:45:00,D01,S01,东向,城市快速路,4,22,82.48,9.58,4.36,0,0,1,0,0,0,0
2026-03-07 06:00:00,D01,S01,东向,城市快速路,4,25,85.44,12.27,4.21,0,0,1,0,0,0,0
2026-03-07 06:15:00,D01,S01,东向,城市快速路,4,21,92.41,16.21,3.9,0,0,1,0,0,0,0
2026-03-07 06:30:00,D01,S01,东向,城市快速路,4,42,85.47,18.26,4.21,0,0,1,0,0,0,0
2026-03-07 06:45:00,D01,S01,东向,城市快速路,4,43,78.82,16.44,4.57,0,0,1,0,0,0,0
2026-03-07 07:00:00,D01,S01,东向,城市快速路,4,43,76.57,8.8,4.7,0,0,1,1,0,0,0
2026-03-07 07:15:00,D01,S01,东向,城市快速路,4,64,84.35,19.77,4.27,0,0,1,1,0,0,0
2026-03-07 07:30:00,D01,S01,东向,城市快速路,4,66,83.11,17.26,4.33,0,0,1,1,0,0,0
2026-03-07 07:45:00,D01,S01,东向,城市快速路,4,57,82.89,16.94,4.34,0,0,1,1,0,0,0
2026-03-07 08:00:00,D01,S01,东向,城市快速路,4,69,79.8,24.71,4.51,0,0,1,1,0,0,0
2026-03-07 08:15:00,D01,S01,东向,城市快速路,4,58,75.7,21.49,4.76,0,0,1,1,0,0,0
2026-03-07 08:30:00,D01,S01,东向,城市快速路,4,58,74.68,17.27,4.82,0,0,1,1,0,1,0
2026-03-07 08:45:00,D01,S01,东向,城市快速路,4,51,77.1,15.75,4.67,0,0,1,1,0,0,0
2026-03-07 09:00:00,D01,S01,东向,城市快速路,4,47,86.49,15.16,4.16,0,0,1,1,0,0,0
2026-03-07 09:15:00,D01,S01,东向,城市快速路,4,48,83.61,16.13,4.31,0,0,1,1,0,0,0
2026-03-07 09:30:00,D01,S01,东向,城市快速路,4,35,86.09,14.78,4.18,0,0,1,0,0,0,0
2026-03-07 09:45:00,D01,S01,东向,城市快速路,4,38,79.28,17.21,4.54,0,0,1,0,0,0,0
2026-03-07 10:00:00,D01,S01,东向,城市快速路,4,31,88.59,14.46,4.06,0,0,1,0,0,0,0
2026-03-07 10:15:00,D01,S01,东向,城市快速路,4,20,84.46,12.27,4.26,0,0,1,0,0,0,0
2026-03-07 10:30:00,D01,S01,东向,城市快速路,4,19,84.73,10.72,4.25,0,0,1,0,0,0,0
2026-03-07 10:45:00,D01,S01,东向,城市快速路,4,35,83.98,14.51,4.29,0,0,1,0,0,0,0
2026-03-07 11:00:00,D01,S01,东向,城市快速路,4,18,79.24,10.94,4.54,0,0,1,0,0,0,0
2026-03-07 11:15:00,D01,S01,东向,城市快速路,4,25,85.76,11.19,4.2,0,0,1,0,0,0,0
2026-03-07 11:30:00,D01,S01,东向,城市快速路,4,18,82.62,6.03,4.36,0,0,1,0,0,0,0
2026-03-07 11:45:00,D01,S01,东向,城市快速路,4,19,76.16,8.72,4.73,0,0,1,0,0,0,0
2026-03-07 12:00:00,D01,S01,东向,城市快速路,4,23,76.38,11.66,4.71,0,0,1,0,0,0,0
2026-03-07 12:15:00,D01,S01,东向,城市快速路,4,24,83.87,12.68,4.29,0,0,1,0,0,0,0
2026-03-07 12:30:00,D01,S01,东向,城市快速路,4,32,86.4,12.03,4.17,0,0,1,0,0,0,0
2026-03-07 12:45:00,D01,S01,东向,城市快速路,4,40,80.88,13.27,4.45,0,0,1,0,0,0,0
2026-03-07 13:00:00,D01,S01,东向,城市快速路,4,34,81.9,12.76,4.4,0,0,1,0,0,0,0
2026-03-07 13:15:00,D01,S01,东向,城市快速路,4,30,87.89,12.47,4.1,0,0,1,0,0,0,0
2026-03-07 13:30:00,D01,S01,东向,城市快速路,4,35,85.49,16.61,4.21,0,0,1,0,0,0,0
2026-03-07 13:45:00,D01,S01,东向,城市快速路,4,31,82.68,16.4,4.35,0,0,1,0,0,0,0
2026-03-07 14:00:00,D01,S01,东向,城市快速路,4,16,89.96,7.33,4.0,0,0,1,0,0,0,0
2026-03-07 14:15:00,D01,S01,东向,城市快速路,4,30,76.77,11.15,4.69,0,0,1,0,0,0,0
2026-03-07 14:30:00,D01,S01,东向,城市快速路,4,27,87.77,14.97,4.1,0,0,1,0,0,0,0
2026-03-07 14:45:00,D01,S01,东向,城市快速路,4,18,87.76,11.36,4.1,0,0,1,0,0,0,0
2026-03-07 15:00:00,D01,S01,东向,城市快速路,4,23,90.26,8.74,3.99,0,0,1,0,0,0,0
2026-03-07 15:15:00,D01,S01,东向,城市快速路,4,25,83.96,12.03,4.29,0,0,1,0,0,0,0
2026-03-07 15:30:00,D01,S01,东向,城市快速路,4,29,89.28,13.29,4.03,0,0,1,0,0,0,0
2026-03-07 15:45:00,D01,S01,东向,城市快速路,4,29,84.99,14.66,4.24,0,0,1,0,0,0,0
2026-03-07 16:00:00,D01,S01,东向,城市快速路,4,39,80.6,12.98,4.47,0,0,1,0,0,0,0
2026-03-07 16:15:00,D01,S01,东向,城市快速路,4,40,93.17,16.93,3.86,0,0,1,0,0,0,0
2026-03-07 16:30:00,D01,S01,东向,城市快速路,4,55,88.86,18.55,4.05,0,0,1,1,0,0,0
2026-03-07 16:45:00,D01,S01,东向,城市快速路,4,69,79.14,23.11,4.55,0,0,1,1,0,0,0
2026-03-07 17:00:00,D01,S01,东向,城市快速路,4,63,77.75,17.49,4.63,0,0,1,1,0,0,0
2026-03-07 17:15:00,D01,S01,东向,城市快速路,4,59,84.71,17.67,4.25,0,0,1,1,0,0,0
2026-03-07 17:30:00,D01,S01,东向,城市快速路,4,74,73.46,21.6,4.9,0,0,1,1,0,1,0
2026-03-07 17:45:00,D01,S01,东向,城市快速路,4,73,78.09,20.0,4.61,0,0,1,1,0,0,0
2026-03-07 18:00:00,D01,S01,东向,城市快速路,4,65,82.43,21.99,4.37,0,0,1,1,0,0,0
2026-03-07 18:15:00,D01,S01,东向,城市快速路,4,62,87.97,19.12,4.09,0,0,1,1,0,0,0
2026-03-07 18:30:00,D01,S01,东向,城市快速路,4,69,84.24,23.39,4.27,0,0,1,1,0,0,0
2026-03-07 18:45:00,D01,S01,东向,城市快速路,4,58,82.49,18.36,4.36,0,0,1,1,0,0,0
2026-03-07 19:00:00,D01,S01,东向,城市快速路,4,53,83.03,12.84,4.34,0,0,1,1,0,0,0
2026-03-07 19:15:00,D01,S01,东向,城市快速路,4,41,82.04,16.66,4.39,0,0,1,1,0,0,0
2026-03-07 19:30:00,D01,S01,东向,城市快速路,4,35,81.48,15.96,4.42,0,0,1,0,0,0,0
2026-03-07 19:45:00,D01,S01,东向,城市快速路,4,34,79.19,10.82,4.55,0,0,1,0,0,0,0
2026-03-07 20:00:00,D01,S01,东向,城市快速路,4,41,79.91,19.47,4.5,0,0,1,0,0,0,0
2026-03-07 20:15:00,D01,S01,东向,城市快速路,4,28,82.74,15.82,4.35,0,0,1,0,0,0,0
2026-03-07 20:30:00,D01,S01,东向,城市快速路,4,34,81.6,15.35,4.41,0,0,1,0,0,0,0
2026-03-07 20:45:00,D01,S01,东向,城市快速路,4,30,83.75,12.25,4.3,0,0,1,0,0,0,0
2026-03-07 21:00:00,D01,S01,东向,城市快速路,4,25,76.43,9.97,4.71,0,0,1,0,0,0,0
2026-03-07 21:15:00,D01,S01,东向,城市快速路,4,26,93.21,14.14,3.86,0,0,1,0,0,0,0
2026-03-07 21:30:00,D01,S01,东向,城市快速路,4,25,88.68,11.91,4.06,0,0,1,0,0,0,0
2026-03-07 21:45:00,D01,S01,东向,城市快速路,4,24,83.51,10.26,4.31,0,0,1,0,0,0,0
2026-03-07 22:00:00,D01,S01,东向,城市快速路,4,17,93.92,11.85,3.83,0,0,1,0,0,0,0
2026-03-07 22:15:00,D01,S01,东向,城市快速路,4,29,79.56,15.96,4.52,0,0,1,0,0,0,0
2026-03-07 22:30:00,D01,S01,东向,城市快速路,4,20,84.04,11.87,4.28,0,0,1,0,0,0,0
2026-03-07 22:45:00,D01,S01,东向,城市快速路,4,18,81.99,9.11,4.39,0,0,1,0,0,0,0
2026-03-07 23:00:00,D01,S01,东向,城市快速路,4,23,77.81,8.53,4.63,0,0,1,0,0,0,0
2026-03-07 23:15:00,D01,S01,东向,城市快速路,4,21,90.56,9.35,3.98,0,0,1,0,0,0,0
2026-03-07 23:30:00,D01,S01,东向,城市快速路,4,23,89.04,13.93,4.04,0,0,1,0,0,0,0
2026-03-07 23:45:00,D01,S01,东向,城市快速路,4,30,84.56,13.64,4.26,0,0,1,0,0,0,0
2026-03-08 00:00:00,D01,S01,东向,城市快速路,4,20,82.11,7.72,4.38,0,0,1,0,0,0,0
2026-03-08 00:15:00,D01,S01,东向,城市快速路,4,28,89.4,10.87,4.03,0,0,1,0,0,0,0
2026-03-08 00:30:00,D01,S01,东向,城市快速路,4,25,83.9,12.73,4.29,0,0,1,0,0,0,0
2026-03-08 00:45:00,D01,S01,东向,城市快速路,4,20,85.61,9.64,4.21,0,0,1,0,0,0,0
2026-03-08 01:00:00,D01,S01,东向,城市快速路,4,28,87.18,12.79,4.13,0,0,1,0,0,0,0
2026-03-08 01:15:00,D01,S01,东向,城市快速路,4,33,80.28,15.28,4.48,0,0,1,0,0,0,0
2026-03-08 01:30:00,D01,S01,东向,城市快速路,4,17,80.8,9.32,4.46,0,0,1,0,0,0,0
2026-03-08 01:45:00,D01,S01,东向,城市快速路,4,26,91.72,12.79,3.93,0,0,1,0,0,0,0
2026-03-08 02:00:00,D01,S01,东向,城市快速路,4,23,85.96,10.3,4.19,0,0,1,0,0,0,0
2026-03-08 02:15:00,D01,S01,东向,城市快速路,4,35,75.1,14.43,4.79,0,0,1,0,0,0,0
2026-03-08 02:30:00,D01,S01,东向,城市快速路,4,22,88.65,8.88,4.06,0,0,1,0,0,0,0
2026-03-08 02:45:00,D01,S01,东向,城市快速路,4,24,84.86,12.19,4.24,0,0,1,0,0,0,0
2026-03-08 03:00:00,D01,S01,东向,城市快速路,4,20,87.44,11.78,4.12,0,0,1,0,0,0,0
2026-03-08 03:15:00,D01,S01,东向,城市快速路,4,11,94.08,13.21,3.83,0,0,1,0,0,0,0
2026-03-08 03:30:00,D01,S01,东向,城市快速路,4,21,87.92,5.9,4.09,0,0,1,0,0,0,0
2026-03-08 03:45:00,D01,S01,东向,城市快速路,4,17,88.99,10.26,4.05,0,0,1,0,0,0,0
2026-03-08 04:00:00,D01,S01,东向,城市快速路,4,20,85.48,15.43,4.21,0,0,1,0,0,0,0
2026-03-08 04:15:00,D01,S01,东向,城市快速路,4,25,87.05,13.99,4.14,0,0,1,0,0,0,0
2026-03-08 04:30:00,D01,S01,东向,城市快速路,4,23,88.37,11.28,4.07,0,0,1,0,0,0,0
2026-03-08 04:45:00,D01,S01,东向,城市快速路,4,29,84.43,14.78,4.26,0,0,1,0,0,0,0
2026-03-08 05:00:00,D01,S01,东向,城市快速路,4,31,80.55,13.2,4.47,0,0,1,0,0,0,0
2026-03-08 05:15:00,D01,S01,东向,城市快速路,4,33,90.42,15.42,3.98,0,0,1,0,0,0,0
2026-03-08 05:30:00,D01,S01,东向,城市快速路,4,28,87.96,7.19,4.09,0,0,1,0,0,0,0
2026-03-08 05:45:00,D01,S01,东向,城市快速路,4,38,82.6,15.51,4.36,0,0,1,0,0,0,0
2026-03-08 06:00:00,D01,S01,东向,城市快速路,4,25,91.57,12.3,3.93,0,0,1,0,0,0,0
2026-03-08 06:15:00,D01,S01,东向,城市快速路,4,33,77.51,11.68,4.64,0,0,1,0,0,0,0
2026-03-08 06:30:00,D01,S01,东向,城市快速路,4,39,77.0,15.91,4.68,0,0,1,0,0,0,0
2026-03-08 06:45:00,D01,S01,东向,城市快速路,4,40,85.28,15.48,4.22,0,0,1,0,0,0,0
2026-03-08 07:00:00,D01,S01,东向,城市快速路,4,55,78.96,19.19,4.56,0,0,1,1,0,0,0
2026-03-08 07:15:00,D01,S01,东向,城市快速路,4,54,82.09,19.58,4.39,0,0,1,1,0,0,0
2026-03-08 07:30:00,D01,S01,东向,城市快速路,4,68,69.97,15.34,5.14,0,0,1,1,0,1,1
2026-03-08 07:45:00,D01,S01,东向,城市快速路,4,61,78.12,22.67,4.61,0,0,1,1,0,0,0
2026-03-08 08:00:00,D01,S01,东向,城市快速路,4,61,83.25,23.41,4.32,0,0,1,1,0,0,0
2026-03-08 08:15:00,D01,S01,东向,城市快速路,4,63,83.78,19.37,4.3,0,0,1,1,0,0,0
2026-03-08 08:30:00,D01,S01,东向,城市快速路,4,74,83.95,21.57,4.29,0,0,1,1,0,0,0
2026-03-08 08:45:00,D01,S01,东向,城市快速路,4,60,79.82,19.52,4.51,0,0,1,1,0,0,0
2026-03-08 09:00:00,D01,S01,东向,城市快速路,4,46,80.57,14.52,4.47,0,0,1,1,0,0,0
2026-03-08 09:15:00,D01,S01,东向,城市快速路,4,50,79.57,18.24,4.52,0,0,1,1,0,0,0
2026-03-08 09:30:00,D01,S01,东向,城市快速路,4,47,79.0,14.52,4.56,0,0,1,0,0,0,0
2026-03-08 09:45:00,D01,S01,东向,城市快速路,4,32,82.97,14.47,4.34,0,0,1,0,0,0,0
2026-03-08 10:00:00,D01,S01,东向,城市快速路,4,29,81.69,10.88,4.41,0,0,1,0,0,0,0
2026-03-08 10:15:00,D01,S01,东向,城市快速路,4,35,88.73,13.83,4.06,0,0,1,0,0,0,0
2026-03-08 10:30:00,D01,S01,东向,城市快速路,4,23,90.97,9.11,3.96,0,0,1,0,0,0,0
2026-03-08 10:45:00,D01,S01,东向,城市快速路,4,16,87.0,7.18,4.14,0,0,1,0,0,0,0
2026-03-08 11:00:00,D01,S01,东向,城市快速路,4,33,83.96,11.22,4.29,0,0,1,0,0,0,0
2026-03-08 11:15:00,D01,S01,东向,城市快速路,4,19,84.32,9.58,4.27,0,0,1,0,0,0,0
2026-03-08 11:30:00,D01,S01,东向,城市快速路,4,19,87.8,8.61,4.1,0,0,1,0,0,0,0
2026-03-08 11:45:00,D01,S01,东向,城市快速路,4,24,86.78,9.03,4.15,0,0,1,0,0,0,0
2026-03-08 12:00:00,D01,S01,东向,城市快速路,4,25,84.32,11.41,4.27,0,0,1,0,0,0,0
2026-03-08 12:15:00,D01,S01,东向,城市快速路,4,23,78.22,9.86,4.6,0,0,1,0,0,0,0
2026-03-08 12:30:00,D01,S01,东向,城市快速路,4,23,92.17,14.82,3.91,0,0,1,0,0,0,0
2026-03-08 12:45:00,D01,S01,东向,城市快速路,4,26,81.46,8.98,4.42,0,0,1,0,0,0,0
2026-03-08 13:00:00,D01,S01,东向,城市快速路,4,17,82.51,10.33,4.36,0,0,1,0,0,0,0
2026-03-08 13:15:00,D01,S01,东向,城市快速路,4,16,83.94,7.18,4.29,0,0,1,0,0,0,0
2026-03-08 13:30:00,D01,S01,东向,城市快速路,4,26,81.47,13.95,4.42,0,0,1,0,0,0,0
2026-03-08 13:45:00,D01,S01,东向,城市快速路,4,18,84.01,10.93,4.29,0,0,1,0,0,0,0
2026-03-08 14:00:00,D01,S01,东向,城市快速路,4,26,78.49,11.18,4.59,0,0,1,0,0,0,0
2026-03-08 14:15:00,D01,S01,东向,城市快速路,4,28,92.32,15.26,3.9,0,0,1,0,0,0,0
2026-03-08 14:30:00,D01,S01,东向,城市快速路,4,30,87.31,9.94,4.12,0,0,1,0,0,0,0
2026-03-08 14:45:00,D01,S01,东向,城市快速路,4,31,88.28,11.16,4.08,0,0,1,0,0,0,0
2026-03-08 15:00:00,D01,S01,东向,城市快速路,4,26,83.99,12.16,4.29,0,0,1,0,0,0,0
2026-03-08 15:15:00,D01,S01,东向,城市快速路,4,33,83.28,11.66,4.32,0,0,1,0,0,0,0
2026-03-08 15:30:00,D01,S01,东向,城市快速路,4,34,82.44,9.9,4.37,0,0,1,0,0,0,0
2026-03-08 15:45:00,D01,S01,东向,城市快速路,4,36,76.52,12.66,4.7,0,0,1,0,0,0,0
2026-03-08 16:00:00,D01,S01,东向,城市快速路,4,32,82.47,17.78,4.36,0,0,1,0,0,0,0
2026-03-08 16:15:00,D01,S01,东向,城市快速路,4,41,86.46,10.63,4.16,0,0,1,0,0,0,0
2026-03-08 16:30:00,D01,S01,东向,城市快速路,4,55,87.55,14.97,4.11,0,0,1,1,0,0,0
2026-03-08 16:45:00,D01,S01,东向,城市快速路,4,64,72.71,21.63,4.95,0,0,1,1,0,1,0
2026-03-08 17:00:00,D01,S01,东向,城市快速路,4,66,84.04,21.12,4.28,0,0,1,1,0,0,0
2026-03-08 17:15:00,D01,S01,东向,城市快速路,4,73,80.57,23.43,4.47,0,0,1,1,0,0,0
2026-03-08 17:30:00,D01,S01,东向,城市快速路,4,76,74.41,20.7,4.84,0,0,1,1,0,1,0
2026-03-08 17:45:00,D01,S01,东向,城市快速路,4,77,73.86,23.28,4.87,0,0,1,1,0,1,0
2026-03-08 18:00:00,D01,S01,东向,城市快速路,4,67,78.9,18.51,4.56,0,0,1,1,0,0,0
2026-03-08 18:15:00,D01,S01,东向,城市快速路,4,66,81.04,20.63,4.44,0,0,1,1,0,0,0
2026-03-08 18:30:00,D01,S01,东向,城市快速路,4,62,76.38,19.69,4.71,0,0,1,1,0,0,0
2026-03-08 18:45:00,D01,S01,东向,城市快速路,4,63,87.28,20.05,4.12,0,0,1,1,0,0,0
2026-03-08 19:00:00,D01,S01,东向,城市快速路,4,49,79.48,19.55,4.53,0,0,1,1,0,0,0
2026-03-08 19:15:00,D01,S01,东向,城市快速路,4,46,74.95,16.2,4.8,0,0,1,1,0,1,0
2026-03-08 19:30:00,D01,S01,东向,城市快速路,4,40,82.68,14.35,4.35,0,0,1,0,0,0,0
2026-03-08 19:45:00,D01,S01,东向,城市快速路,4,39,83.82,15.14,4.29,0,0,1,0,0,0,0
2026-03-08 20:00:00,D01,S01,东向,城市快速路,4,40,78.63,15.59,4.58,0,0,1,0,0,0,0
2026-03-08 20:15:00,D01,S01,东向,城市快速路,4,34,88.09,12.5,4.09,0,0,1,0,0,0,0
2026-03-08 20:30:00,D01,S01,东向,城市快速路,4,22,82.77,8.45,4.35,0,0,1,0,0,0,0
2026-03-08 20:45:00,D01,S01,东向,城市快速路,4,14,91.85,12.49,3.92,0,0,1,0,0,0,0
2026-03-08 21:00:00,D01,S01,东向,城市快速路,4,28,85.94,14.33,4.19,0,0,1,0,0,0,0
2026-03-08 21:15:00,D01,S01,东向,城市快速路,4,19,87.83,10.54,4.1,0,0,1,0,0,0,0
2026-03-08 21:30:00,D01,S01,东向,城市快速路,4,23,84.44,12.57,4.26,0,0,1,0,0,0,0
2026-03-08 21:45:00,D01,S01,东向,城市快速路,4,31,89.98,13.85,4.0,0,0,1,0,0,0,0
2026-03-08 22:00:00,D01,S01,东向,城市快速路,4,24,90.69,8.73,3.97,0,0,1,0,0,0,0
2026-03-08 22:15:00,D01,S01,东向,城市快速路,4,18,88.25,11.77,4.08,0,0,1,0,0,0,0
2026-03-08 22:30:00,D01,S01,东向,城市快速路,4,19,88.64,9.55,4.06,0,0,1,0,0,0,0
2026-03-08 22:45:00,D01,S01,东向,城市快速路,4,37,77.71,14.01,4.63,0,0,1,0,0,0,0
2026-03-08 23:00:00,D01,S01,东向,城市快速路,4,24,88.34,9.94,4.08,0,0,1,0,0,0,0
2026-03-08 23:15:00,D01,S01,东向,城市快速路,4,31,84.31,13.21,4.27,0,0,1,0,0,0,0
2026-03-08 23:30:00,D01,S01,东向,城市快速路,4,18,91.77,9.32,3.92,0,0,1,0,0,0,0
2026-03-08 23:45:00,D01,S01,东向,城市快速路,4,3,90.96,10.74,3.96,0,0,1,0,0,0,0
2026-03-09 00:00:00,D01,S01,东向,城市快速路,4,23,92.21,7.88,3.9,0,0,0,0,0,0,0
2026-03-09 00:15:00,D01,S01,东向,城市快速路,4,31,87.79,15.52,4.1,0,0,0,0,0,0,0
2026-03-09 00:30:00,D01,S01,东向,城市快速路,4,38,83.9,11.25,4.29,0,0,0,0,0,0,0
2026-03-09 00:45:00,D01,S01,东向,城市快速路,4,34,81.74,11.75,4.4,0,0,0,0,0,0,0
2026-03-09 01:00:00,D01,S01,东向,城市快速路,4,32,91.94,11.57,3.92,0,0,0,0,0,0,0
2026-03-09 01:15:00,D01,S01,东向,城市快速路,4,20,88.68,10.83,4.06,0,0,0,0,0,0,0
2026-03-09 01:30:00,D01,S01,东向,城市快速路,4,20,85.17,9.73,4.23,0,0,0,0,0,0,0
2026-03-09 01:45:00,D01,S01,东向,城市快速路,4,24,75.24,11.59,4.78,0,0,0,0,0,0,0
2026-03-09 02:00:00,D01,S01,东向,城市快速路,4,35,88.72,16.68,4.06,0,0,0,0,0,0,0
2026-03-09 02:15:00,D01,S01,东向,城市快速路,4,34,89.02,13.75,4.04,0,0,0,0,0,0,0
2026-03-09 02:30:00,D01,S01,东向,城市快速路,4,26,83.18,12.58,4.33,0,0,0,0,0,0,0
2026-03-09 02:45:00,D01,S01,东向,城市快速路,4,37,81.61,13.46,4.41,0,0,0,0,0,0,0
2026-03-09 03:00:00,D01,S01,东向,城市快速路,4,35,88.24,15.09,4.08,0,0,0,0,0,0,0
2026-03-09 03:15:00,D01,S01,东向,城市快速路,4,26,85.76,13.39,4.2,0,0,0,0,0,0,0
2026-03-09 03:30:00,D01,S01,东向,城市快速路,4,32,78.86,14.89,4.57,0,0,0,0,0,0,0
2026-03-09 03:45:00,D01,S01,东向,城市快速路,4,30,81.23,10.24,4.43,0,0,0,0,0,0,0
2026-03-09 04:00:00,D01,S01,东向,城市快速路,4,36,80.67,18.59,4.46,0,0,0,0,0,0,0
2026-03-09 04:15:00,D01,S01,东向,城市快速路,4,36,78.74,13.64,4.57,0,0,0,0,0,0,0
2026-03-09 04:30:00,D01,S01,东向,城市快速路,4,32,84.52,17.01,4.26,0,0,0,0,0,0,0
2026-03-09 04:45:00,D01,S01,东向,城市快速路,4,25,77.07,10.1,4.67,0,0,0,0,0,0,0
2026-03-09 05:00:00,D01,S01,东向,城市快速路,4,37,86.62,16.66,4.16,0,0,0,0,0,0,0
2026-03-09 05:15:00,D01,S01,东向,城市快速路,4,24,82.78,10.72,4.35,0,0,0,0,0,0,0
2026-03-09 05:30:00,D01,S01,东向,城市快速路,4,34,85.03,12.07,4.23,0,0,0,0,0,0,0
2026-03-09 05:45:00,D01,S01,东向,城市快速路,4,38,83.75,17.45,4.3,0,0,0,0,0,0,0
2026-03-09 06:00:00,D01,S01,东向,城市快速路,4,46,76.41,16.66,4.71,1,0,0,0,0,0,0
2026-03-09 06:15:00,D01,S01,东向,城市快速路,4,49,78.89,15.77,4.56,1,0,0,0,0,0,0
2026-03-09 06:30:00,D01,S01,东向,城市快速路,4,43,80.75,15.03,4.46,1,0,0,0,0,0,0
2026-03-09 06:45:00,D01,S01,东向,城市快速路,4,53,79.49,17.15,4.53,1,0,0,0,0,0,0
2026-03-09 07:00:00,D01,S01,东向,城市快速路,4,60,78.47,18.09,4.59,1,0,0,1,0,0,0
2026-03-09 07:15:00,D01,S01,东向,城市快速路,4,65,73.08,22.32,4.93,1,0,0,1,0,1,0
2026-03-09 07:30:00,D01,S01,东向,城市快速路,4,78,71.36,23.52,5.04,1,0,0,1,0,1,0
2026-03-09 07:45:00,D01,S01,东向,城市快速路,4,78,64.29,22.66,5.6,1,0,0,1,0,1,1
2026-03-09 08:00:00,D01,S01,东向,城市快速路,4,74,69.4,21.24,5.19,1,0,0,1,0,1,1
2026-03-09 08:15:00,D01,S01,东向,城市快速路,4,70,70.22,18.21,5.13,1,0,0,1,0,1,0
2026-03-09 08:30:00,D01,S01,东向,城市快速路,4,85,71.97,25.28,5.0,1,0,0,1,0,1,0
2026-03-09 08:45:00,D01,S01,东向,城市快速路,4,57,78.93,16.15,4.56,1,0,0,1,0,0,0
2026-03-09 09:00:00,D01,S01,东向,城市快速路,4,64,77.97,21.07,4.62,1,0,0,1,0,0,0
2026-03-09 09:15:00,D01,S01,东向,城市快速路,4,59,79.57,19.15,4.52,1,0,0,1,0,0,0
2026-03-09 09:30:00,D01,S01,东向,城市快速路,4,45,74.63,17.25,4.82,1,0,0,0,0,1,0
2026-03-09 09:45:00,D01,S01,东向,城市快速路,4,26,81.1,11.23,4.44,1,0,0,0,0,0,0
2026-03-09 10:00:00,D01,S01,东向,城市快速路,4,41,72.72,16.69,4.95,1,0,0,0,0,1,0
2026-03-09 10:15:00,D01,S01,东向,城市快速路,4,20,76.78,10.49,4.69,1,0,0,0,0,0,0
2026-03-09 10:30:00,D01,S01,东向,城市快速路,4,27,72.5,12.67,4.97,1,0,0,0,0,1,0
2026-03-09 10:45:00,D01,S01,东向,城市快速路,4,20,76.16,9.84,4.73,1,0,0,0,0,0,0
2026-03-09 11:00:00,D01,S01,东向,城市快速路,4,38,80.56,15.14,4.47,1,0,0,0,0,0,0
2026-03-09 11:15:00,D01,S01,东向,城市快速路,4,20,75.38,9.08,4.78,1,0,0,0,0,0,0
2026-03-09 11:30:00,D01,S01,东向,城市快速路,4,33,74.21,11.33,4.85,1,0,0,0,0,1,0
2026-03-09 11:45:00,D01,S01,东向,城市快速路,4,30,77.78,13.89,4.63,1,0,0,0,0,0,0
2026-03-09 12:00:00,D01,S01,东向,城市快速路,4,29,75.43,13.5,4.77,1,0,0,0,1,0,0
2026-03-09 12:15:00,D01,S01,东向,城市快速路,4,28,81.42,11.83,4.42,0,0,0,0,0,0,0
2026-03-09 12:30:00,D01,S01,东向,城市快速路,4,34,83.38,15.17,4.32,0,0,0,0,0,0,0
2026-03-09 12:45:00,D01,S01,东向,城市快速路,4,32,89.42,11.71,4.03,0,0,0,0,0,0,0
2026-03-09 13:00:00,D01,S01,东向,城市快速路,4,32,86.04,14.28,4.18,0,0,0,0,0,0,0
2026-03-09 13:15:00,D01,S01,东向,城市快速路,4,33,75.45,12.23,4.77,0,0,0,0,0,0,0
2026-03-09 13:30:00,D01,S01,东向,城市快速路,4,29,85.32,5.96,4.22,0,0,0,0,0,0,0
2026-03-09 13:45:00,D01,S01,东向,城市快速路,4,35,78.15,11.63,4.61,0,0,0,0,0,0,0
2026-03-09 14:00:00,D01,S01,东向,城市快速路,4,40,79.5,13.27,4.53,0,0,0,0,0,0,0
2026-03-09 14:15:00,D01,S01,东向,城市快速路,4,29,89.01,11.64,4.04,0,0,0,0,0,0,0
2026-03-09 14:30:00,D01,S01,东向,城市快速路,4,43,76.47,17.6,4.71,0,0,0,0,0,0,0
2026-03-09 14:45:00,D01,S01,东向,城市快速路,4,36,83.98,13.8,4.29,0,0,0,0,0,0,0
2026-03-09 15:00:00,D01,S01,东向,城市快速路,4,30,87.65,17.17,4.11,0,0,0,0,0,0,0
2026-03-09 15:15:00,D01,S01,东向,城市快速路,4,35,79.2,15.46,4.55,0,0,0,0,0,0,0
2026-03-09 15:30:00,D01,S01,东向,城市快速路,4,35,83.19,14.14,4.33,0,0,0,0,0,0,0
2026-03-09 15:45:00,D01,S01,东向,城市快速路,4,55,83.49,19.4,4.31,0,0,0,0,0,0,0
2026-03-09 16:00:00,D01,S01,东向,城市快速路,4,45,74.27,13.71,4.85,1,0,0,0,0,1,0
2026-03-09 16:15:00,D01,S01,东向,城市快速路,4,57,83.7,21.09,4.3,1,0,0,0,0,0,0
2026-03-09 16:30:00,D01,S01,东向,城市快速路,4,61,78.28,20.62,4.6,1,0,0,1,0,0,0
2026-03-09 16:45:00,D01,S01,东向,城市快速路,4,71,70.04,25.3,5.14,1,0,0,1,0,1,0
2026-03-09 17:00:00,D01,S01,东向,城市快速路,4,90,64.09,25.94,5.62,1,0,0,1,0,1,1
2026-03-09 17:15:00,D01,S01,东向,城市快速路,4,78,75.49,28.04,4.77,1,0,0,1,0,0,0
2026-03-09 17:30:00,D01,S01,东向,城市快速路,4,84,72.0,22.33,5.0,1,0,0,1,0,1,0
2026-03-09 17:45:00,D01,S01,东向,城市快速路,4,99,65.0,26.48,5.54,1,0,0,1,0,1,1
2026-03-09 18:00:00,D01,S01,东向,城市快速路,4,81,75.36,30.64,4.78,1,0,0,1,0,0,1
2026-03-09 18:15:00,D01,S01,东向,城市快速路,4,78,66.92,22.76,5.38,1,0,0,1,0,1,1
2026-03-09 18:30:00,D01,S01,东向,城市快速路,4,69,74.65,19.92,4.82,1,0,0,1,0,1,0
2026-03-09 18:45:00,D01,S01,东向,城市快速路,4,63,71.47,20.85,5.04,1,0,0,1,0,1,0
2026-03-09 19:00:00,D01,S01,东向,城市快速路,4,60,74.66,22.18,4.82,1,0,0,1,0,1,0
2026-03-09 19:15:00,D01,S01,东向,城市快速路,4,45,81.21,15.61,4.43,1,0,0,1,0,0,0
2026-03-09 19:30:00,D01,S01,东向,城市快速路,4,50,71.9,19.11,5.01,1,0,0,0,0,1,0
2026-03-09 19:45:00,D01,S01,东向,城市快速路,4,47,80.3,16.8,4.48,1,0,0,0,0,0,0
2026-03-09 20:00:00,D01,S01,东向,城市快速路,4,38,73.16,14.69,4.92,1,0,0,0,0,1,0
2026-03-09 20:15:00,D01,S01,东向,城市快速路,4,36,82.8,13.97,4.35,1,0,0,0,0,0,0
2026-03-09 20:30:00,D01,S01,东向,城市快速路,4,31,68.77,13.77,5.24,1,0,0,0,0,1,1
2026-03-09 20:45:00,D01,S01,东向,城市快速路,4,27,80.43,12.05,4.48,1,0,0,0,0,0,0
2026-03-09 21:00:00,D01,S01,东向,城市快速路,4,24,72.25,8.91,4.98,1,0,0,0,0,1,0
2026-03-09 21:15:00,D01,S01,东向,城市快速路,4,29,84.02,8.99,4.28,0,0,0,0,0,0,0
2026-03-09 21:30:00,D01,S01,东向,城市快速路,4,38,84.92,16.1,4.24,0,0,0,0,0,0,0
2026-03-09 21:45:00,D01,S01,东向,城市快速路,4,24,84.79,12.95,4.25,0,0,0,0,0,0,0
2026-03-09 22:00:00,D01,S01,东向,城市快速路,4,26,,13.12,4.57,0,0,0,0,0,0,0
2026-03-09 22:15:00,D01,S01,东向,城市快速路,4,28,78.02,13.0,4.61,0,0,0,0,0,0,0
2026-03-09 22:30:00,D01,S01,东向,城市快速路,4,25,83.45,14.15,4.31,0,0,0,0,0,0,0
2026-03-09 22:45:00,D01,S01,东向,城市快速路,4,42,84.34,10.27,4.27,0,0,0,0,0,0,0
2026-03-09 23:00:00,D01,S01,东向,城市快速路,4,17,78.1,6.69,4.61,0,0,0,0,0,0,0
2026-03-09 23:15:00,D01,S01,东向,城市快速路,4,30,83.07,13.35,4.33,0,0,0,0,0,0,0
2026-03-09 23:30:00,D01,S01,东向,城市快速路,4,22,96.0,8.06,3.75,0,0,0,0,0,0,0
2026-03-09 23:45:00,D01,S01,东向,城市快速路,4,30,85.63,9.4,4.2,0,0,0,0,0,0,0
2026-03-10 00:00:00,D01,S01,东向,城市快速路,4,23,86.71,12.01,4.15,0,0,0,0,0,0,0
2026-03-10 00:15:00,D01,S01,东向,城市快速路,4,29,86.46,9.55,4.16,0,0,0,0,0,0,0
2026-03-10 00:30:00,D01,S01,东向,城市快速路,4,34,88.17,15.0,4.08,0,0,0,0,0,0,0
2026-03-10 00:45:00,D01,S01,东向,城市快速路,4,30,88.18,15.49,4.08,0,0,0,0,0,0,0
2026-03-10 01:00:00,D01,S01,东向,城市快速路,4,26,80.31,11.44,4.48,0,0,0,0,0,0,0
2026-03-10 01:15:00,D01,S01,东向,城市快速路,4,38,80.3,15.22,4.48,0,0,0,0,0,0,0
2026-03-10 01:30:00,D01,S01,东向,城市快速路,4,30,86.57,14.38,4.16,0,0,0,0,0,0,0
2026-03-10 01:45:00,D01,S01,东向,城市快速路,4,27,86.28,12.96,4.17,0,0,0,0,0,0,0
2026-03-10 02:00:00,D01,S01,东向,城市快速路,4,26,79.78,11.81,4.51,0,0,0,0,0,0,0
2026-03-10 02:15:00,D01,S01,东向,城市快速路,4,34,83.18,12.04,4.33,0,0,0,0,0,0,0
2026-03-10 02:30:00,D01,S01,东向,城市快速路,4,31,90.78,13.2,3.97,0,0,0,0,0,0,0
2026-03-10 02:45:00,D01,S01,东向,城市快速路,4,31,88.68,14.86,4.06,0,0,0,0,0,0,0
2026-03-10 03:00:00,D01,S01,东向,城市快速路,4,23,79.92,10.76,4.5,0,0,0,0,0,0,0
2026-03-10 03:15:00,D01,S01,东向,城市快速路,4,39,88.71,15.97,4.06,0,0,0,0,0,0,0
2026-03-10 03:30:00,D01,S01,东向,城市快速路,4,29,85.9,12.93,4.19,0,0,0,0,0,0,0
2026-03-10 03:45:00,D01,S01,东向,城市快速路,4,38,82.22,16.25,4.38,0,0,0,0,0,0,0
2026-03-10 04:00:00,D01,S01,东向,城市快速路,4,22,89.08,10.28,4.04,0,0,0,0,0,0,0
2026-03-10 04:15:00,D01,S01,东向,城市快速路,4,31,75.86,11.54,4.75,0,0,0,0,0,0,0
2026-03-10 04:30:00,D01,S01,东向,城市快速路,4,30,93.63,15.64,3.84,0,0,0,0,0,0,0
2026-03-10 04:45:00,D01,S01,东向,城市快速路,4,32,82.99,14.98,4.34,0,0,0,0,0,0,0
2026-03-10 05:00:00,D01,S01,东向,城市快速路,4,32,74.9,12.42,4.81,0,0,0,0,0,1,0
2026-03-10 05:15:00,D01,S01,东向,城市快速路,4,30,86.49,12.28,4.16,0,0,0,0,0,0,0
2026-03-10 05:30:00,D01,S01,东向,城市快速路,4,45,77.43,13.69,4.65,0,0,0,0,0,0,0
2026-03-10 05:45:00,D01,S01,东向,城市快速路,4,27,83.43,11.89,4.31,0,0,0,0,0,0,0
2026-03-10 06:00:00,D01,S01,东向,城市快速路,4,33,84.42,14.55,4.26,0,0,0,0,0,0,0
2026-03-10 06:15:00,D01,S01,东向,城市快速路,4,51,81.67,15.77,4.41,0,0,0,0,0,0,0
2026-03-10 06:30:00,D01,S01,东向,城市快速路,4,58,77.94,15.78,4.62,0,0,0,0,0,0,0
2026-03-10 06:45:00,D01,S01,东向,城市快速路,4,47,80.39,19.31,4.48,0,0,0,0,0,0,0
2026-03-10 07:00:00,D01,S01,东向,城市快速路,4,60,73.88,20.7,4.87,0,0,0,1,0,1,0
2026-03-10 07:15:00,D01,S01,东向,城市快速路,4,71,84.94,23.3,4.24,0,0,0,1,0,0,0
2026-03-10 07:30:00,D01,S01,东向,城市快速路,4,75,76.05,24.25,4.73,0,0,0,1,0,0,0
2026-03-10 07:45:00,D01,S01,东向,城市快速路,4,88,68.52,27.74,5.25,0,0,0,1,0,1,1
2026-03-10 08:00:00,D01,S01,东向,城市快速路,4,92,68.2,29.5,5.28,0,0,0,1,0,1,1
2026-03-10 08:15:00,D01,S01,东向,城市快速路,4,84,76.78,24.28,4.69,0,0,0,1,0,0,0
2026-03-10 08:30:00,D01,S01,东向,城市快速路,4,73,77.59,19.71,4.64,0,0,0,1,0,0,0
2026-03-10 08:45:00,D01,S01,东向,城市快速路,4,66,82.91,18.26,4.34,0,0,0,1,0,0,0
2026-03-10 09:00:00,D01,S01,东向,城市快速路,4,66,78.72,21.05,4.57,0,0,0,1,0,0,0
2026-03-10 09:15:00,D01,S01,东向,城市快速路,4,55,80.88,19.88,4.45,0,0,0,1,0,0,0
2026-03-10 09:30:00,D01,S01,东向,城市快速路,4,49,85.16,15.63,4.23,0,0,0,0,0,0,0
2026-03-10 09:45:00,D01,S01,东向,城市快速路,4,41,81.05,17.54,4.44,0,0,0,0,0,0,0
2026-03-10 10:00:00,D01,S01,东向,城市快速路,4,45,92.27,12.44,3.9,0,0,0,0,0,0,0
2026-03-10 10:15:00,D01,S01,东向,城市快速路,4,33,81.07,8.21,4.44,0,0,0,0,0,0,0
2026-03-10 10:30:00,D01,S01,东向,城市快速路,4,38,80.48,14.78,4.47,0,0,0,0,0,0,0
2026-03-10 10:45:00,D01,S01,东向,城市快速路,4,37,81.37,16.77,4.42,0,0,0,0,0,0,0
2026-03-10 11:00:00,D01,S01,东向,城市快速路,4,31,84.46,12.88,4.26,0,0,0,0,0,0,0
2026-03-10 11:15:00,D01,S01,东向,城市快速路,4,24,85.69,11.55,4.2,0,0,0,0,0,0,0
2026-03-10 11:30:00,D01,S01,东向,城市快速路,4,45,77.3,18.81,4.66,0,0,0,0,0,0,0
2026-03-10 11:45:00,D01,S01,东向,城市快速路,4,31,81.07,12.5,4.44,0,0,0,0,0,0,0
2026-03-10 12:00:00,D01,S01,东向,城市快速路,4,23,88.57,10.78,4.06,0,0,0,0,0,0,0
2026-03-10 12:15:00,D01,S01,东向,城市快速路,4,27,86.42,13.75,4.17,0,0,0,0,0,0,0
2026-03-10 12:30:00,D01,S01,东向,城市快速路,4,31,80.67,13.67,4.46,0,0,0,0,0,0,0
2026-03-10 12:45:00,D01,S01,东向,城市快速路,4,24,89.96,9.16,4.0,0,0,0,0,0,0,0
2026-03-10 13:00:00,D01,S01,东向,城市快速路,4,26,84.11,12.89,4.28,0,0,0,0,0,0,0
2026-03-10 13:15:00,D01,S01,东向,城市快速路,4,27,82.79,10.04,4.35,0,0,0,0,0,0,0
2026-03-10 13:30:00,D01,S01,东向,城市快速路,4,28,77.22,13.74,4.66,0,0,0,0,0,0,0
2026-03-10 13:45:00,D01,S01,东向,城市快速路,4,35,80.04,16.38,4.5,0,0,0,0,0,0,0
2026-03-10 14:00:00,D01,S01,东向,城市快速路,4,31,85.08,15.11,4.23,0,0,0,0,0,0,0
2026-03-10 14:15:00,D01,S01,东向,城市快速路,4,28,82.37,13.42,4.37,0,0,0,0,0,0,0
2026-03-10 14:30:00,D01,S01,东向,城市快速路,4,31,75.13,10.9,4.79,0,0,0,0,0,0,0
2026-03-10 14:45:00,D01,S01,东向,城市快速路,4,27,85.84,9.92,4.19,0,0,0,0,0,0,0
2026-03-10 15:00:00,D01,S01,东向,城市快速路,4,30,81.89,13.97,4.4,0,0,0,0,0,0,0
2026-03-10 15:15:00,D01,S01,东向,城市快速路,4,34,77.72,13.9,4.63,0,0,0,0,0,0,0
2026-03-10 15:30:00,D01,S01,东向,城市快速路,4,32,80.33,12.45,4.48,0,0,0,0,0,0,0
2026-03-10 15:45:00,D01,S01,东向,城市快速路,4,52,91.04,15.5,3.95,0,0,0,0,0,0,0
2026-03-10 16:00:00,D01,S01,东向,城市快速路,4,52,78.8,17.06,4.57,0,0,0,0,0,0,0
2026-03-10 16:15:00,D01,S01,东向,城市快速路,4,66,76.67,21.58,4.7,0,0,0,0,0,0,0
2026-03-10 16:30:00,D01,S01,东向,城市快速路,4,56,77.48,19.65,4.65,0,0,0,1,0,0,0
2026-03-10 16:45:00,D01,S01,东向,城市快速路,4,66,80.78,22.41,4.46,0,0,0,1,0,0,0
2026-03-10 17:00:00,D01,S01,东向,城市快速路,4,87,82.89,28.95,4.34,0,0,0,1,0,0,0
2026-03-10 17:15:00,D01,S01,东向,城市快速路,4,91,78.45,20.28,4.59,0,0,0,1,0,0,0
2026-03-10 17:30:00,D01,S01,东向,城市快速路,4,91,79.3,28.05,4.54,0,0,0,1,0,0,0
2026-03-10 17:45:00,D01,S01,东向,城市快速路,4,98,74.17,29.27,4.85,0,0,0,1,0,1,0
2026-03-10 18:00:00,D01,S01,东向,城市快速路,4,87,76.22,28.59,4.72,0,0,0,1,0,0,0
2026-03-10 18:15:00,D01,S01,东向,城市快速路,4,84,73.89,22.99,4.87,0,0,0,1,0,1,0
2026-03-10 18:30:00,D01,S01,东向,城市快速路,4,77,82.55,21.77,4.36,0,0,0,1,0,0,0
2026-03-10 18:45:00,D01,S01,东向,城市快速路,4,76,83.28,24.87,4.32,0,0,0,1,0,0,0
2026-03-10 19:00:00,D01,S01,东向,城市快速路,4,69,93.66,25.32,3.84,0,0,0,1,0,0,0
2026-03-10 19:15:00,D01,S01,东向,城市快速路,4,56,84.71,14.18,4.25,0,0,0,1,0,0,0
2026-03-10 19:30:00,D01,S01,东向,城市快速路,4,50,77.25,18.02,4.66,0,0,0,0,0,0,0
2026-03-10 19:45:00,D01,S01,东向,城市快速路,4,45,85.03,13.63,4.23,0,0,0,0,0,0,0
2026-03-10 20:00:00,D01,S01,东向,城市快速路,4,36,86.05,14.03,4.18,0,0,0,0,0,0,0
2026-03-10 20:15:00,D01,S01,东向,城市快速路,4,23,87.39,13.46,4.12,0,0,0,0,0,0,0
2026-03-10 20:30:00,D01,S01,东向,城市快速路,4,30,86.53,12.14,4.16,0,0,0,0,0,0,0
2026-03-10 20:45:00,D01,S01,东向,城市快速路,4,33,89.39,10.68,4.03,0,0,0,0,0,0,0
2026-03-10 21:00:00,D01,S01,东向,城市快速路,4,27,83.44,11.57,4.31,0,0,0,0,0,0,0
2026-03-10 21:15:00,D01,S01,东向,城市快速路,4,27,81.18,11.42,4.43,0,0,0,0,0,0,0
2026-03-10 21:30:00,D01,S01,东向,城市快速路,4,26,85.71,8.43,4.2,0,0,0,0,0,0,0
2026-03-10 21:45:00,D01,S01,东向,城市快速路,4,32,84.5,10.73,4.26,0,0,0,0,0,0,0
2026-03-10 22:00:00,D01,S01,东向,城市快速路,4,12,93.45,5.31,3.85,0,0,0,0,0,0,0
2026-03-10 22:15:00,D01,S01,东向,城市快速路,4,23,87.5,13.42,4.11,0,0,0,0,0,0,0
2026-03-10 22:30:00,D01,S01,东向,城市快速路,4,21,96.0,11.79,3.75,0,0,0,0,0,0,0
2026-03-10 22:45:00,D01,S01,东向,城市快速路,4,16,81.52,14.38,4.42,0,0,0,0,0,0,0
2026-03-10 23:00:00,D01,S01,东向,城市快速路,4,34,83.5,16.94,4.31,0,0,0,0,0,0,0
2026-03-10 23:15:00,D01,S01,东向,城市快速路,4,32,82.67,13.06,4.35,0,0,0,0,0,0,0
2026-03-10 23:30:00,D01,S01,东向,城市快速路,4,27,83.11,8.79,4.33,0,0,0,0,0,0,0
2026-03-10 23:45:00,D01,S01,东向,城市快速路,4,26,90.39,13.03,3.98,0,0,0,0,0,0,0
2026-03-11 00:00:00,D01,S01,东向,城市快速路,4,31,88.64,12.06,4.06,0,0,0,0,0,0,0
2026-03-11 00:15:00,D01,S01,东向,城市快速路,4,29,82.29,9.47,4.37,0,0,0,0,0,0,0
2026-03-11 00:30:00,D01,S01,东向,城市快速路,4,27,80.15,10.94,4.49,0,0,0,0,0,0,0
2026-03-11 00:45:00,D01,S01,东向,城市快速路,4,29,85.22,16.16,4.22,0,0,0,0,0,0,0
2026-03-11 01:00:00,D01,S01,东向,城市快速路,4,32,87.0,14.26,4.14,0,0,0,0,0,0,0
2026-03-11 01:15:00,D01,S01,东向,城市快速路,4,23,79.92,9.34,4.5,0,0,0,0,0,0,0
2026-03-11 01:30:00,D01,S01,东向,城市快速路,4,31,85.68,13.8,4.2,0,0,0,0,0,0,0
2026-03-11 01:45:00,D01,S01,东向,城市快速路,4,32,83.17,15.39,4.33,0,0,0,0,0,0,0
2026-03-11 02:00:00,D01,S01,东向,城市快速路,4,21,85.86,12.16,4.19,0,0,0,0,0,0,0
2026-03-11 02:15:00,D01,S01,东向,城市快速路,4,29,82.05,11.93,4.39,0,0,0,0,0,0,0
2026-03-11 02:30:00,D01,S01,东向,城市快速路,4,30,85.77,12.57,4.2,0,0,0,0,0,0,0
2026-03-11 02:45:00,D01,S01,东向,城市快速路,4,27,77.94,12.43,4.62,0,0,0,0,0,0,0
2026-03-11 03:00:00,D01,S01,东向,城市快速路,4,32,77.72,15.18,4.63,0,0,0,0,0,0,0
2026-03-11 03:15:00,D01,S01,东向,城市快速路,4,21,87.4,8.81,4.12,0,0,0,0,0,0,0
2026-03-11 03:30:00,D01,S01,东向,城市快速路,4,41,82.93,16.21,4.34,0,0,0,0,0,0,0
2026-03-11 03:45:00,D01,S01,东向,城市快速路,4,32,87.35,15.29,4.12,0,0,0,0,0,0,0
2026-03-11 04:00:00,D01,S01,东向,城市快速路,4,26,84.16,11.86,4.28,0,0,0,0,0,0,0
2026-03-11 04:15:00,D01,S01,东向,城市快速路,4,34,80.03,13.0,4.5,0,0,0,0,0,0,0
2026-03-11 04:30:00,D01,S01,东向,城市快速路,4,25,86.22,7.52,4.18,0,0,0,0,0,0,0
2026-03-11 04:45:00,D01,S01,东向,城市快速路,4,31,85.52,11.15,4.21,0,0,0,0,0,0,0
2026-03-11 05:00:00,D01,S01,东向,城市快速路,4,28,81.34,13.3,4.43,0,0,0,0,0,0,0
2026-03-11 05:15:00,D01,S01,东向,城市快速路,4,20,87.47,7.16,4.12,0,0,0,0,0,0,0
2026-03-11 05:30:00,D01,S01,东向,城市快速路,4,35,84.14,17.56,4.28,0,0,0,0,0,0,0
2026-03-11 05:45:00,D01,S01,东向,城市快速路,4,39,80.86,12.53,4.45,0,0,0,0,0,0,0
2026-03-11 06:00:00,D01,S01,东向,城市快速路,4,32,88.52,15.23,4.07,0,0,0,0,0,0,0
2026-03-11 06:15:00,D01,S01,东向,城市快速路,4,38,82.97,15.12,4.34,0,0,0,0,0,0,0
2026-03-11 06:30:00,D01,S01,东向,城市快速路,4,47,82.42,18.99,4.37,0,0,0,0,0,0,0
2026-03-11 06:45:00,D01,S01,东向,城市快速路,4,56,86.21,20.03,4.18,0,0,0,0,0,0,0
2026-03-11 07:00:00,D01,S01,东向,城市快速路,4,62,83.46,21.74,4.31,0,0,0,1,0,0,0
2026-03-11 07:15:00,D01,S01,东向,城市快速路,4,75,86.68,24.18,4.15,0,0,0,1,0,0,0
2026-03-11 07:30:00,D01,S01,东向,城市快速路,4,69,87.31,18.94,4.12,0,0,0,1,0,0,0
2026-03-11 07:45:00,D01,S01,东向,城市快速路,4,83,76.86,25.4,4.68,0,0,0,1,0,0,0
2026-03-11 08:00:00,D01,S01,东向,城市快速路,4,87,82.38,22.02,4.37,0,0,0,1,0,0,0
2026-03-11 08:15:00,D01,S01,东向,城市快速路,4,88,72.76,24.63,4.95,0,0,0,1,0,1,0
2026-03-11 08:30:00,D01,S01,东向,城市快速路,4,86,71.22,29.86,5.05,0,0,0,1,0,1,0
2026-03-11 08:45:00,D01,S01,东向,城市快速路,4,75,81.1,20.33,4.44,0,0,0,1,0,0,0
2026-03-11 09:00:00,D01,S01,东向,城市快速路,4,66,77.62,22.0,4.64,0,0,0,1,0,0,0
2026-03-11 09:15:00,D01,S01,东向,城市快速路,4,54,87.09,20.2,4.13,0,0,0,1,0,0,0
2026-03-11 09:30:00,D01,S01,东向,城市快速路,4,55,90.21,20.95,3.99,0,0,0,0,0,0,0
2026-03-11 09:45:00,D01,S01,东向,城市快速路,4,45,84.42,21.14,4.26,0,0,0,0,0,0,0
2026-03-11 10:00:00,D01,S01,东向,城市快速路,4,41,83.81,17.62,4.3,0,0,0,0,0,0,0
2026-03-11 10:15:00,D01,S01,东向,城市快速路,4,44,89.06,18.59,4.04,0,0,0,0,0,0,0
2026-03-11 10:30:00,D01,S01,东向,城市快速路,4,22,89.68,10.74,4.01,0,0,0,0,0,0,0
2026-03-11 10:45:00,D01,S01,东向,城市快速路,4,21,87.21,12.82,4.13,0,0,0,0,0,0,0
2026-03-11 11:00:00,D01,S01,东向,城市快速路,4,34,91.62,12.2,3.93,0,0,0,0,0,0,0
2026-03-11 11:15:00,D01,S01,东向,城市快速路,4,39,76.08,16.4,4.73,0,0,0,0,0,0,0
2026-03-11 11:30:00,D01,S01,东向,城市快速路,4,31,86.19,13.86,4.18,0,0,0,0,0,0,0
2026-03-11 11:45:00,D01,S01,东向,城市快速路,4,30,83.12,14.53,4.33,0,0,0,0,0,0,0
2026-03-11 12:00:00,D01,S01,东向,城市快速路,4,19,88.7,9.9,4.06,0,0,0,0,0,0,0
2026-03-11 12:15:00,D01,S01,东向,城市快速路,4,28,90.22,12.04,3.99,0,0,0,0,0,0,0
2026-03-11 12:30:00,D01,S01,东向,城市快速路,4,28,79.34,16.73,4.54,0,0,0,0,0,0,0
2026-03-11 12:45:00,D01,S01,东向,城市快速路,4,42,85.63,14.37,4.2,0,0,0,0,0,0,0
2026-03-11 13:00:00,D01,S01,东向,城市快速路,4,23,90.93,9.58,3.96,0,0,0,0,0,0,0
2026-03-11 13:15:00,D01,S01,东向,城市快速路,4,26,89.22,10.38,4.03,0,0,0,0,0,0,0
2026-03-11 13:30:00,D01,S01,东向,城市快速路,4,31,88.19,11.22,4.08,0,0,0,0,0,0,0
2026-03-11 13:45:00,D01,S01,东向,城市快速路,4,27,79.3,15.83,4.54,0,0,0,0,0,0,0
2026-03-11 14:00:00,D01,S01,东向,城市快速路,4,27,86.37,14.85,4.17,0,0,0,0,0,0,0
2026-03-11 14:15:00,D01,S01,东向,城市快速路,4,26,89.29,14.0,4.03,0,0,0,0,0,0,0
2026-03-11 14:30:00,D01,S01,东向,城市快速路,4,41,75.37,10.2,4.78,0,0,0,0,0,0,0
2026-03-11 14:45:00,D01,S01,东向,城市快速路,4,37,91.32,13.4,3.94,0,0,0,0,0,0,0
2026-03-11 15:00:00,D01,S01,东向,城市快速路,4,36,85.49,12.89,4.21,0,0,0,0,0,0,0
2026-03-11 15:15:00,D01,S01,东向,城市快速路,4,38,82.04,15.08,4.39,0,0,0,0,0,0,0
2026-03-11 15:30:00,D01,S01,东向,城市快速路,4,42,80.17,12.76,4.49,0,0,0,0,0,0,0
2026-03-11 15:45:00,D01,S01,东向,城市快速路,4,45,84.47,19.94,4.26,0,0,0,0,0,0,0
2026-03-11 16:00:00,D01,S01,东向,城市快速路,4,56,87.58,20.3,4.11,0,0,0,0,0,0,0
2026-03-11 16:15:00,D01,S01,东向,城市快速路,4,60,83.47,21.19,4.31,0,0,0,0,0,0,0
2026-03-11 16:30:00,D01,S01,东向,城市快速路,4,69,77.39,20.63,4.65,0,0,0,1,0,0,0
2026-03-11 16:45:00,D01,S01,东向,城市快速路,4,77,85.04,23.42,4.23,0,0,0,1,0,0,0
2026-03-11 17:00:00,D01,S01,东向,城市快速路,4,76,89.33,20.16,4.03,0,0,0,1,0,0,0
2026-03-11 17:15:00,D01,S01,东向,城市快速路,4,86,71.86,25.23,5.01,0,0,0,1,0,1,0
2026-03-11 17:30:00,D01,S01,东向,城市快速路,4,94,80.98,28.19,4.45,0,0,0,1,0,0,0
2026-03-11 17:45:00,D01,S01,东向,城市快速路,4,101,69.42,32.22,5.19,0,0,0,1,0,1,1
2026-03-11 18:00:00,D01,S01,东向,城市快速路,4,88,67.61,25.55,5.32,0,0,0,1,0,1,1
2026-03-11 18:15:00,D01,S01,东向,城市快速路,4,88,82.34,27.37,4.37,0,0,0,1,0,0,0
2026-03-11 18:30:00,D01,S01,东向,城市快速路,4,85,70.46,23.29,5.11,0,0,0,1,0,1,0
2026-03-11 18:45:00,D01,S01,东向,城市快速路,4,64,75.12,21.6,4.79,0,0,0,1,0,0,0
2026-03-11 19:00:00,D01,S01,东向,城市快速路,4,74,80.6,22.6,4.47,0,0,0,1,0,0,0
2026-03-11 19:15:00,D01,S01,东向,城市快速路,4,41,82.46,15.4,4.37,0,0,0,1,0,0,0
2026-03-11 19:30:00,D01,S01,东向,城市快速路,4,45,78.69,17.01,4.57,0,0,0,0,0,0,0
2026-03-11 19:45:00,D01,S01,东向,城市快速路,4,46,80.03,14.98,4.5,0,0,0,0,0,0,0
2026-03-11 20:00:00,D01,S01,东向,城市快速路,4,45,70.83,16.64,5.08,0,0,0,0,0,1,0
2026-03-11 20:15:00,D01,S01,东向,城市快速路,4,43,82.02,16.98,4.39,0,0,0,0,0,0,0
2026-03-11 20:30:00,D01,S01,东向,城市快速路,4,43,81.99,15.41,4.39,0,0,0,0,0,0,0
2026-03-11 20:45:00,D01,S01,东向,城市快速路,4,27,86.62,12.03,4.16,0,0,0,0,0,0,0
2026-03-11 21:00:00,D01,S01,东向,城市快速路,4,37,77.06,17.24,4.67,0,0,0,0,0,0,0
2026-03-11 21:15:00,D01,S01,东向,城市快速路,4,30,81.08,14.22,4.44,0,0,0,0,0,0,0
2026-03-11 21:30:00,D01,S01,东向,城市快速路,4,35,85.36,13.82,4.22,0,0,0,0,0,0,0
2026-03-11 21:45:00,D01,S01,东向,城市快速路,4,34,81.67,16.3,4.41,0,0,0,0,0,0,0
2026-03-11 22:00:00,D01,S01,东向,城市快速路,4,31,81.29,15.8,4.43,0,0,0,0,0,0,0
2026-03-11 22:15:00,D01,S01,东向,城市快速路,4,32,82.41,13.85,4.37,0,0,0,0,0,0,0
2026-03-11 22:30:00,D01,S01,东向,城市快速路,4,39,80.53,15.35,4.47,0,0,0,0,0,0,0
2026-03-11 22:45:00,D01,S01,东向,城市快速路,4,23,85.66,9.88,4.2,0,0,0,0,0,0,0
2026-03-11 23:00:00,D01,S01,东向,城市快速路,4,21,87.1,13.61,4.13,0,0,0,0,0,0,0
2026-03-11 23:15:00,D01,S01,东向,城市快速路,4,25,85.2,9.22,4.23,0,0,0,0,0,0,0
2026-03-11 23:30:00,D01,S01,东向,城市快速路,4,30,87.81,9.83,4.1,0,0,0,0,0,0,0
2026-03-11 23:45:00,D01,S01,东向,城市快速路,4,36,84.92,13.47,4.24,0,0,0,0,0,0,0
2026-03-12 00:00:00,D01,S01,东向,城市快速路,4,33,76.42,14.12,4.71,0,0,0,0,0,0,0
2026-03-12 00:15:00,D01,S01,东向,城市快速路,4,38,89.71,10.63,4.01,0,0,0,0,0,0,0
2026-03-12 00:30:00,D01,S01,东向,城市快速路,4,17,82.67,8.91,4.35,0,0,0,0,0,0,0
2026-03-12 00:45:00,D01,S01,东向,城市快速路,4,33,94.93,12.33,3.79,0,0,0,0,0,0,0
2026-03-12 01:00:00,D01,S01,东向,城市快速路,4,36,81.38,15.86,4.42,0,0,0,0,0,0,0
2026-03-12 01:15:00,D01,S01,东向,城市快速路,4,28,88.1,13.13,4.09,0,0,0,0,0,0,0
2026-03-12 01:30:00,D01,S01,东向,城市快速路,4,32,78.94,14.01,4.56,0,0,0,0,0,0,0
2026-03-12 01:45:00,D01,S01,东向,城市快速路,4,42,81.55,13.14,4.41,0,0,0,0,0,0,0
2026-03-12 02:00:00,D01,S01,东向,城市快速路,4,32,89.23,13.63,4.03,0,0,0,0,0,0,0
2026-03-12 02:15:00,D01,S01,东向,城市快速路,4,32,81.07,14.7,4.44,0,0,0,0,0,0,0
2026-03-12 02:30:00,D01,S01,东向,城市快速路,4,23,86.01,9.82,4.19,0,0,0,0,0,0,0
2026-03-12 02:45:00,D01,S01,东向,城市快速路,4,28,82.03,11.95,4.39,0,0,0,0,0,0,0
2026-03-12 03:00:00,D01,S01,东向,城市快速路,4,28,94.82,11.04,3.8,0,0,0,0,0,0,0
2026-03-12 03:15:00,D01,S01,东向,城市快速路,4,29,88.37,11.48,4.07,0,0,0,0,0,0,0
2026-03-12 03:30:00,D01,S01,东向,城市快速路,4,26,85.57,10.34,4.21,0,0,0,0,0,0,0
2026-03-12 03:45:00,D01,S01,东向,城市快速路,4,22,86.1,11.02,4.18,0,0,0,0,0,0,0
2026-03-12 04:00:00,D01,S01,东向,城市快速路,4,24,81.95,16.85,4.39,0,0,0,0,0,0,0
2026-03-12 04:15:00,D01,S01,东向,城市快速路,4,32,84.06,15.01,4.28,0,0,0,0,0,0,0
2026-03-12 04:30:00,D01,S01,东向,城市快速路,4,29,88.75,15.48,4.06,0,0,0,0,0,0,0
2026-03-12 04:45:00,D01,S01,东向,城市快速路,4,31,86.78,10.39,4.15,0,0,0,0,0,0,0
2026-03-12 05:00:00,D01,S01,东向,城市快速路,4,25,81.31,12.45,4.43,0,0,0,0,0,0,0
2026-03-12 05:15:00,D01,S01,东向,城市快速路,4,26,89.67,10.49,4.01,0,0,0,0,0,0,0
2026-03-12 05:30:00,D01,S01,东向,城市快速路,4,37,77.91,14.16,4.62,0,0,0,0,0,0,0
2026-03-12 05:45:00,D01,S01,东向,城市快速路,4,30,80.52,16.5,4.47,0,0,0,0,0,0,0
2026-03-12 06:00:00,D01,S01,东向,城市快速路,4,43,82.28,16.22,4.38,0,0,0,0,0,0,0
2026-03-12 06:15:00,D01,S01,东向,城市快速路,4,39,80.27,14.54,4.48,0,0,0,0,0,0,0
2026-03-12 06:30:00,D01,S01,东向,城市快速路,4,52,83.09,18.65,4.33,0,0,0,0,0,0,0
2026-03-12 06:45:00,D01,S01,东向,城市快速路,4,57,89.19,19.56,4.04,0,0,0,0,0,0,0
2026-03-12 07:00:00,D01,S01,东向,城市快速路,4,52,84.76,16.55,4.25,0,0,0,1,0,0,0
2026-03-12 07:15:00,D01,S01,东向,城市快速路,4,71,73.47,24.52,4.9,0,0,0,1,0,1,0
2026-03-12 07:30:00,D01,S01,东向,城市快速路,4,77,74.95,21.82,4.8,0,0,0,1,0,1,0
2026-03-12 07:45:00,D01,S01,东向,城市快速路,4,76,81.59,26.06,4.41,0,0,0,1,0,0,0
2026-03-12 08:00:00,D01,S01,东向,城市快速路,4,84,77.08,26.25,4.67,0,0,0,1,0,0,0
2026-03-12 08:15:00,D01,S01,东向,城市快速路,4,81,81.76,21.63,4.4,0,0,0,1,0,0,0
2026-03-12 08:30:00,D01,S01,东向,城市快速路,4,71,83.1,19.28,4.33,0,0,0,1,0,0,0
2026-03-12 08:45:00,D01,S01,东向,城市快速路,4,73,76.97,23.59,4.68,0,0,0,1,0,0,0
2026-03-12 09:00:00,D01,S01,东向,城市快速路,4,55,91.46,20.82,3.94,0,0,0,1,0,0,0
2026-03-12 09:15:00,D01,S01,东向,城市快速路,4,47,75.38,16.24,4.78,0,0,0,1,0,0,0
2026-03-12 09:30:00,D01,S01,东向,城市快速路,4,50,84.58,15.18,4.26,0,0,0,0,0,0,0
2026-03-12 09:45:00,D01,S01,东向,城市快速路,4,37,81.01,19.1,4.44,0,0,0,0,0,0,0
2026-03-12 10:00:00,D01,S01,东向,城市快速路,4,37,85.06,16.91,4.23,0,0,0,0,0,0,0
2026-03-12 10:15:00,D01,S01,东向,城市快速路,4,39,81.89,17.9,4.4,0,0,0,0,0,0,0
2026-03-12 10:30:00,D01,S01,东向,城市快速路,4,30,89.61,11.11,4.02,0,0,0,0,0,0,0
2026-03-12 10:45:00,D01,S01,东向,城市快速路,4,35,84.46,15.34,4.26,0,0,0,0,0,0,0
2026-03-12 11:00:00,D01,S01,东向,城市快速路,4,31,79.73,12.0,4.52,0,0,0,0,0,0,0
2026-03-12 11:15:00,D01,S01,东向,城市快速路,4,21,83.54,8.3,4.31,0,0,0,0,0,0,0
2026-03-12 11:30:00,D01,S01,东向,城市快速路,4,27,87.15,10.18,4.13,0,0,0,0,0,0,0
2026-03-12 11:45:00,D01,S01,东向,城市快速路,4,26,85.82,11.82,4.19,0,0,0,0,0,0,0
2026-03-12 12:00:00,D01,S01,东向,城市快速路,4,38,87.8,14.26,4.1,0,0,0,0,0,0,0
2026-03-12 12:15:00,D01,S01,东向,城市快速路,4,29,85.61,17.57,4.21,0,0,0,0,0,0,0
2026-03-12 12:30:00,D01,S01,东向,城市快速路,4,33,87.03,17.13,4.14,0,0,0,0,0,0,0
2026-03-12 12:45:00,D01,S01,东向,城市快速路,4,37,85.05,15.1,4.23,0,0,0,0,0,0,0
2026-03-12 13:00:00,D01,S01,东向,城市快速路,4,39,87.67,14.64,4.11,0,0,0,0,0,0,0
2026-03-12 13:15:00,D01,S01,东向,城市快速路,4,27,82.32,14.09,4.37,0,0,0,0,0,0,0
2026-03-12 13:30:00,D01,S01,东向,城市快速路,4,35,86.67,13.07,4.15,0,0,0,0,0,0,0
2026-03-12 13:45:00,D01,S01,东向,城市快速路,4,32,91.31,7.84,3.94,0,0,0,0,0,0,0
2026-03-12 14:00:00,D01,S01,东向,城市快速路,4,33,90.27,13.35,3.99,0,0,0,0,0,0,0
2026-03-12 14:15:00,D01,S01,东向,城市快速路,4,26,85.53,12.22,4.21,0,0,0,0,0,0,0
2026-03-12 14:30:00,D01,S01,东向,城市快速路,4,26,84.71,15.42,4.25,0,0,0,0,0,0,0
2026-03-12 14:45:00,D01,S01,东向,城市快速路,4,24,76.93,9.8,4.68,0,0,0,0,0,0,0
2026-03-12 15:00:00,D01,S01,东向,城市快速路,4,28,90.63,11.51,3.97,0,0,0,0,0,0,0
2026-03-12 15:15:00,D01,S01,东向,城市快速路,4,39,79.65,17.06,4.52,0,0,0,0,0,0,0
2026-03-12 15:30:00,D01,S01,东向,城市快速路,4,41,79.07,12.42,4.55,0,0,0,0,0,0,0
2026-03-12 15:45:00,D01,S01,东向,城市快速路,4,46,76.52,17.44,4.7,0,0,0,0,0,0,0
2026-03-12 16:00:00,D01,S01,东向,城市快速路,4,51,86.6,16.52,4.16,0,0,0,0,0,0,0
2026-03-12 16:15:00,D01,S01,东向,城市快速路,4,59,78.87,14.61,4.56,0,0,0,0,0,0,0
2026-03-12 16:30:00,D01,S01,东向,城市快速路,4,59,77.18,20.15,4.66,0,0,0,1,0,0,0
2026-03-12 16:45:00,D01,S01,东向,城市快速路,4,72,78.89,21.8,4.56,0,0,0,1,0,0,0
2026-03-12 17:00:00,D01,S01,东向,城市快速路,4,81,76.95,27.14,4.68,0,0,0,1,0,0,0
2026-03-12 17:15:00,D01,S01,东向,城市快速路,4,93,69.61,25.5,5.17,0,0,0,1,0,1,1
2026-03-12 17:30:00,D01,S01,东向,城市快速路,4,95,71.22,26.45,5.05,0,0,0,1,0,1,0
2026-03-12 17:45:00,D01,S01,东向,城市快速路,4,85,73.78,22.02,4.88,0,0,0,1,0,1,0
2026-03-12 18:00:00,D01,S01,东向,城市快速路,4,89,69.15,28.3,5.21,0,0,0,1,0,1,1
2026-03-12 18:15:00,D01,S01,东向,城市快速路,4,86,75.56,25.97,4.76,0,0,0,1,0,0,0
2026-03-12 18:30:00,D01,S01,东向,城市快速路,4,80,68.73,27.34,5.24,0,0,0,1,0,1,1
2026-03-12 18:45:00,D01,S01,东向,城市快速路,4,66,78.74,15.48,4.57,0,0,0,1,0,0,0
2026-03-12 19:00:00,D01,S01,东向,城市快速路,4,72,83.75,20.63,4.3,0,0,0,1,0,0,0
2026-03-12 19:15:00,D01,S01,东向,城市快速路,4,53,83.73,19.28,4.3,0,0,0,1,0,0,0
2026-03-12 19:30:00,D01,S01,东向,城市快速路,4,56,79.32,21.41,4.54,0,0,0,0,0,0,0
2026-03-12 19:45:00,D01,S01,东向,城市快速路,4,48,72.84,18.76,4.94,0,0,0,0,0,1,0
2026-03-12 20:00:00,D01,S01,东向,城市快速路,4,41,82.47,13.88,4.37,0,0,0,0,0,0,0
2026-03-12 20:15:00,D01,S01,东向,城市快速路,4,38,79.83,14.46,4.51,0,0,0,0,0,0,0
2026-03-12 20:30:00,D01,S01,东向,城市快速路,4,37,87.69,15.39,4.11,0,0,0,0,0,0,0
2026-03-12 20:45:00,D01,S01,东向,城市快速路,4,33,84.14,10.81,4.28,0,0,0,0,0,0,0
2026-03-12 21:00:00,D01,S01,东向,城市快速路,4,30,80.66,11.98,4.46,0,0,0,0,0,0,0
2026-03-12 21:15:00,D01,S01,东向,城市快速路,4,27,79.51,11.65,4.53,0,0,0,0,0,0,0
2026-03-12 21:30:00,D01,S01,东向,城市快速路,4,37,85.46,16.18,4.21,0,0,0,0,0,0,0
2026-03-12 21:45:00,D01,S01,东向,城市快速路,4,25,86.92,12.63,4.14,0,0,0,0,0,0,0
2026-03-12 22:00:00,D01,S01,东向,城市快速路,4,30,84.46,13.78,4.26,0,0,0,0,0,0,0
2026-03-12 22:15:00,D01,S01,东向,城市快速路,4,32,79.49,11.06,4.53,0,0,0,0,0,0,0
2026-03-12 22:30:00,D01,S01,东向,城市快速路,4,21,87.42,8.33,4.12,0,0,0,0,0,0,0
2026-03-12 22:45:00,D01,S01,东向,城市快速路,4,38,77.56,13.62,4.64,0,0,0,0,0,0,0
2026-03-12 23:00:00,D01,S01,东向,城市快速路,4,38,77.19,14.21,4.66,0,0,0,0,0,0,0
2026-03-12 23:15:00,D01,S01,东向,城市快速路,4,25,82.13,9.09,4.38,0,0,0,0,0,0,0
2026-03-12 23:30:00,D01,S01,东向,城市快速路,4,33,81.26,13.43,4.43,0,0,0,0,0,0,0
2026-03-12 23:45:00,D01,S01,东向,城市快速路,4,32,86.86,14.45,4.14,0,0,0,0,0,0,0
2026-03-13 00:00:00,D01,S01,东向,城市快速路,4,38,86.29,18.2,4.17,0,0,0,0,0,0,0
2026-03-13 00:15:00,D01,S01,东向,城市快速路,4,30,89.37,13.5,4.03,0,0,0,0,0,0,0
2026-03-13 00:30:00,D01,S01,东向,城市快速路,4,31,82.1,13.58,4.39,0,0,0,0,0,0,0
2026-03-13 00:45:00,D01,S01,东向,城市快速路,4,24,83.95,10.07,4.29,0,0,0,0,0,0,0
2026-03-13 01:00:00,D01,S01,东向,城市快速路,4,26,83.55,5.06,4.31,0,0,0,0,0,0,0
2026-03-13 01:15:00,D01,S01,东向,城市快速路,4,47,83.79,16.02,4.3,0,0,0,0,0,0,0
2026-03-13 01:30:00,D01,S01,东向,城市快速路,4,23,87.44,12.25,4.12,0,0,0,0,0,0,0
2026-03-13 01:45:00,D01,S01,东向,城市快速路,4,30,81.84,11.89,4.4,0,0,0,0,0,0,0
2026-03-13 02:00:00,D01,S01,东向,城市快速路,4,32,77.82,12.01,4.63,0,0,0,0,0,0,0
2026-03-13 02:15:00,D01,S01,东向,城市快速路,4,37,77.33,16.53,4.66,0,0,0,0,0,0,0
2026-03-13 02:30:00,D01,S01,东向,城市快速路,4,32,85.75,13.31,4.2,0,0,0,0,0,0,0
2026-03-13 02:45:00,D01,S01,东向,城市快速路,4,25,83.96,10.03,4.29,0,0,0,0,0,0,0
2026-03-13 03:00:00,D01,S01,东向,城市快速路,4,28,78.47,15.3,4.59,0,0,0,0,0,0,0
2026-03-13 03:15:00,D01,S01,东向,城市快速路,4,32,83.57,16.79,4.31,0,0,0,0,0,0,0
2026-03-13 03:30:00,D01,S01,东向,城市快速路,4,20,91.55,10.66,3.93,0,0,0,0,0,0,0
2026-03-13 03:45:00,D01,S01,东向,城市快速路,4,30,84.97,10.23,4.24,0,0,0,0,0,0,0
2026-03-13 04:00:00,D01,S01,东向,城市快速路,4,22,82.23,8.51,4.38,0,0,0,0,0,0,0
2026-03-13 04:15:00,D01,S01,东向,城市快速路,4,21,87.58,11.08,4.11,0,0,0,0,0,0,0
2026-03-13 04:30:00,D01,S01,东向,城市快速路,4,31,79.23,16.09,4.54,0,0,0,0,0,0,0
2026-03-13 04:45:00,D01,S01,东向,城市快速路,4,20,80.89,10.42,4.45,0,0,0,0,0,0,0
2026-03-13 05:00:00,D01,S01,东向,城市快速路,4,35,83.05,15.65,4.33,0,0,0,0,0,0,0
2026-03-13 05:15:00,D01,S01,东向,城市快速路,4,36,84.87,14.63,4.24,0,0,0,0,0,0,0
2026-03-13 05:30:00,D01,S01,东向,城市快速路,4,33,79.2,14.31,4.55,0,0,0,0,0,0,0
2026-03-13 05:45:00,D01,S01,东向,城市快速路,4,40,92.47,18.02,3.89,0,0,0,0,0,0,0
2026-03-13 06:00:00,D01,S01,东向,城市快速路,4,43,71.71,14.54,5.02,1,0,0,0,0,1,0
2026-03-13 06:15:00,D01,S01,东向,城市快速路,4,34,74.74,15.23,4.82,1,0,0,0,0,1,0
2026-03-13 06:30:00,D01,S01,东向,城市快速路,4,45,72.37,15.1,4.97,1,0,0,0,0,1,0
2026-03-13 06:45:00,D01,S01,东向,城市快速路,4,45,75.77,20.15,4.75,1,0,0,0,0,0,0
2026-03-13 07:00:00,D01,S01,东向,城市快速路,4,64,62.54,17.22,5.76,1,0,0,1,0,1,1
2026-03-13 07:15:00,D01,S01,东向,城市快速路,4,69,72.58,18.16,4.96,1,0,0,1,0,1,0
2026-03-13 07:30:00,D01,S01,东向,城市快速路,4,84,67.66,23.13,5.32,1,0,0,1,0,1,1
2026-03-13 07:45:00,D01,S01,东向,城市快速路,4,81,63.54,19.75,5.67,1,0,0,1,0,1,1
2026-03-13 08:00:00,D01,S01,东向,城市快速路,4,88,71.64,26.95,5.02,1,0,0,1,0,1,0
2026-03-13 08:15:00,D01,S01,东向,城市快速路,4,80,71.62,24.06,5.03,1,0,0,1,0,1,0
2026-03-13 08:30:00,D01,S01,东向,城市快速路,4,85,68.56,26.85,5.25,1,0,0,1,0,1,1
2026-03-13 08:45:00,D01,S01,东向,城市快速路,4,84,65.64,30.39,5.48,1,0,0,1,0,1,1
2026-03-13 09:00:00,D01,S01,东向,城市快速路,4,70,71.05,20.83,5.07,1,0,0,1,0,1,0
2026-03-13 09:15:00,D01,S01,东向,城市快速路,4,55,73.08,21.71,4.93,1,0,0,1,0,1,0
2026-03-13 09:30:00,D01,S01,东向,城市快速路,4,40,73.01,20.13,4.93,1,0,0,0,0,1,0
2026-03-13 09:45:00,D01,S01,东向,城市快速路,4,48,72.72,14.5,4.95,1,0,0,0,0,1,0
2026-03-13 10:00:00,D01,S01,东向,城市快速路,4,32,77.58,15.04,4.64,1,0,0,0,0,0,0
2026-03-13 10:15:00,D01,S01,东向,城市快速路,4,28,85.26,11.53,4.22,1,0,0,0,0,0,0
2026-03-13 10:30:00,D01,S01,东向,城市快速路,4,38,79.04,14.9,4.55,1,0,0,0,0,0,0
2026-03-13 10:45:00,D01,S01,东向,城市快速路,4,41,73.89,14.48,4.87,1,0,0,0,0,1,0
2026-03-13 11:00:00,D01,S01,东向,城市快速路,4,31,73.95,12.59,4.87,1,0,0,0,0,1,0
2026-03-13 11:15:00,D01,S01,东向,城市快速路,4,34,69.39,12.07,5.19,1,0,0,0,0,1,1
2026-03-13 11:30:00,D01,S01,东向,城市快速路,4,35,72.73,18.06,4.95,1,0,0,0,0,1,0
2026-03-13 11:45:00,D01,S01,东向,城市快速路,4,25,85.39,12.94,4.22,1,0,0,0,0,0,0
2026-03-13 12:00:00,D01,S01,东向,城市快速路,4,31,74.56,13.43,4.83,1,0,0,0,0,1,0
2026-03-13 12:15:00,D01,S01,东向,城市快速路,4,37,76.26,17.86,4.72,0,0,0,0,0,0,0
2026-03-13 12:30:00,D01,S01,东向,城市快速路,4,27,76.57,9.86,4.7,0,0,0,0,0,0,0
2026-03-13 12:45:00,D01,S01,东向,城市快速路,4,32,86.15,16.43,4.18,0,0,0,0,0,0,0
2026-03-13 13:00:00,D01,S01,东向,城市快速路,4,35,94.33,12.4,3.82,0,0,0,0,0,0,0
2026-03-13 13:15:00,D01,S01,东向,城市快速路,4,30,91.41,12.47,3.94,0,0,0,0,0,0,0
2026-03-13 13:30:00,D01,S01,东向,城市快速路,4,35,83.23,15.36,4.33,0,0,0,0,0,0,0
2026-03-13 13:45:00,D01,S01,东向,城市快速路,4,39,87.01,15.59,4.14,0,0,0,0,0,0,0
2026-03-13 14:00:00,D01,S01,东向,城市快速路,4,36,86.23,10.19,4.17,0,0,0,0,0,0,0
2026-03-13 14:15:00,D01,S01,东向,城市快速路,4,28,84.62,11.82,4.25,0,0,0,0,0,0,0
2026-03-13 14:30:00,D01,S01,东向,城市快速路,4,34,76.77,15.36,4.69,0,0,0,0,0,0,0
2026-03-13 14:45:00,D01,S01,东向,城市快速路,4,41,85.62,15.11,4.2,0,0,0,0,0,0,0
2026-03-13 15:00:00,D01,S01,东向,城市快速路,4,35,84.73,15.24,4.25,0,0,0,0,0,0,0
2026-03-13 15:15:00,D01,S01,东向,城市快速路,4,28,80.24,12.36,4.49,0,0,0,0,0,0,0
2026-03-13 15:30:00,D01,S01,东向,城市快速路,4,49,71.13,20.05,5.06,0,0,0,0,0,1,0
2026-03-13 15:45:00,D01,S01,东向,城市快速路,4,49,87.71,17.84,4.1,0,0,0,0,0,0,0
2026-03-13 16:00:00,D01,S01,东向,城市快速路,4,54,77.97,15.39,4.62,1,0,0,0,0,0,0
2026-03-13 16:15:00,D01,S01,东向,城市快速路,4,58,80.24,16.81,4.49,1,0,0,0,0,0,0
2026-03-13 16:30:00,D01,S01,东向,城市快速路,4,73,69.48,23.81,5.18,1,0,0,1,0,1,1
2026-03-13 16:45:00,D01,S01,东向,城市快速路,4,82,68.48,26.74,5.26,1,0,0,1,0,1,1
2026-03-13 17:00:00,D01,S01,东向,城市快速路,4,90,69.99,27.44,5.14,1,0,0,1,0,1,1
2026-03-13 17:15:00,D01,S01,东向,城市快速路,4,80,69.52,23.43,5.18,1,0,0,1,0,1,1
2026-03-13 17:30:00,D01,S01,东向,城市快速路,4,94,66.69,31.27,5.4,1,0,0,1,0,1,1
2026-03-13 17:45:00,D01,S01,东向,城市快速路,4,91,74.97,24.81,4.8,1,0,0,1,0,1,0
2026-03-13 18:00:00,D01,S01,东向,城市快速路,4,91,62.96,27.39,5.72,1,0,0,1,0,1,1
2026-03-13 18:15:00,D01,S01,东向,城市快速路,4,91,73.11,25.22,4.92,1,0,0,1,0,1,0
2026-03-13 18:30:00,D01,S01,东向,城市快速路,4,78,69.38,20.94,5.19,1,0,0,1,0,1,1
2026-03-13 18:45:00,D01,S01,东向,城市快速路,4,76,76.13,28.51,4.73,1,0,0,1,0,0,0
2026-03-13 19:00:00,D01,S01,东向,城市快速路,4,65,71.7,20.95,5.02,1,0,0,1,0,1,0
2026-03-13 19:15:00,D01,S01,东向,城市快速路,4,60,74.89,17.46,4.81,1,0,0,1,0,1,0
2026-03-13 19:30:00,D01,S01,东向,城市快速路,4,45,74.99,14.64,4.8,1,0,0,0,0,1,0
2026-03-13 19:45:00,D01,S01,东向,城市快速路,4,38,75.77,12.06,4.75,1,0,0,0,0,0,0
2026-03-13 20:00:00,D01,S01,东向,城市快速路,4,48,81.62,16.49,4.41,1,0,0,0,0,0,0
2026-03-13 20:15:00,D01,S01,东向,城市快速路,4,32,70.55,14.33,5.1,1,0,0,0,0,1,0
2026-03-13 20:30:00,D01,S01,东向,城市快速路,4,43,68.51,12.47,5.25,1,0,0,0,0,1,1
2026-03-13 20:45:00,D01,S01,东向,城市快速路,4,29,84.76,13.24,4.25,1,0,0,0,0,0,0
2026-03-13 21:00:00,D01,S01,东向,城市快速路,4,35,79.19,11.26,4.55,1,0,0,0,0,0,0
2026-03-13 21:15:00,D01,S01,东向,城市快速路,4,24,88.62,13.44,4.06,0,0,0,0,0,0,0
2026-03-13 21:30:00,D01,S01,东向,城市快速路,4,33,81.37,11.66,4.42,0,0,0,0,0,0,0
2026-03-13 21:45:00,D01,S01,东向,城市快速路,4,35,85.43,14.91,4.21,0,0,0,0,0,0,0
2026-03-13 22:00:00,D01,S01,东向,城市快速路,4,25,77.37,14.0,4.65,0,0,0,0,0,0,0
2026-03-13 22:15:00,D01,S01,东向,城市快速路,4,37,85.49,13.7,4.21,0,0,0,0,0,0,0
2026-03-13 22:30:00,D01,S01,东向,城市快速路,4,33,82.95,14.67,4.34,0,0,0,0,0,0,0
2026-03-13 22:45:00,D01,S01,东向,城市快速路,4,36,79.53,14.35,4.53,0,0,0,0,0,0,0
2026-03-13 23:00:00,D01,S01,东向,城市快速路,4,11,90.31,10.58,3.99,0,0,0,0,0,0,0
2026-03-13 23:15:00,D01,S01,东向,城市快速路,4,26,89.78,14.2,4.01,0,0,0,0,0,0,0
2026-03-13 23:30:00,D01,S01,东向,城市快速路,4,35,79.81,13.69,4.51,0,0,0,0,0,0,0
2026-03-13 23:45:00,D01,S01,东向,城市快速路,4,35,83.53,11.27,4.31,0,0,0,0,0,0,0
2026-03-14 00:00:00,D01,S01,东向,城市快速路,4,29,77.51,8.72,4.64,0,0,1,0,0,0,0
2026-03-14 00:15:00,D01,S01,东向,城市快速路,4,13,89.55,9.58,4.02,0,0,1,0,0,0,0
2026-03-14 00:30:00,D01,S01,东向,城市快速路,4,32,87.43,13.49,4.12,0,0,1,0,0,0,0
2026-03-14 00:45:00,D01,S01,东向,城市快速路,4,23,91.96,10.62,3.91,0,0,1,0,0,0,0
2026-03-14 01:00:00,D01,S01,东向,城市快速路,4,21,82.53,10.29,4.36,0,0,1,0,0,0,0
2026-03-14 01:15:00,D01,S01,东向,城市快速路,4,23,77.62,11.24,4.64,0,0,1,0,0,0,0
2026-03-14 01:30:00,D01,S01,东向,城市快速路,4,39,87.57,14.98,4.11,0,0,1,0,0,0,0
2026-03-14 01:45:00,D01,S01,东向,城市快速路,4,19,87.88,12.42,4.1,0,0,1,0,0,0,0
2026-03-14 02:00:00,D01,S01,东向,城市快速路,4,25,90.25,9.89,3.99,0,0,1,0,0,0,0
2026-03-14 02:15:00,D01,S01,东向,城市快速路,4,17,86.08,6.26,4.18,0,0,1,0,0,0,0
2026-03-14 02:30:00,D01,S01,东向,城市快速路,4,17,95.37,13.18,3.77,0,0,1,0,0,0,0
2026-03-14 02:45:00,D01,S01,东向,城市快速路,4,24,83.67,11.41,4.3,0,0,1,0,0,0,0
2026-03-14 03:00:00,D01,S01,东向,城市快速路,4,27,85.37,15.42,4.22,0,0,1,0,0,0,0
2026-03-14 03:15:00,D01,S01,东向,城市快速路,4,24,80.01,10.59,4.5,0,0,1,0,0,0,0
2026-03-14 03:30:00,D01,S01,东向,城市快速路,4,18,86.47,4.44,4.16,0,0,1,0,0,0,0
2026-03-14 03:45:00,D01,S01,东向,城市快速路,4,23,94.0,11.91,3.83,0,0,1,0,0,0,0
2026-03-14 04:00:00,D01,S01,东向,城市快速路,4,22,82.06,9.09,4.39,0,0,1,0,0,0,0
2026-03-14 04:15:00,D01,S01,东向,城市快速路,4,33,93.96,11.16,3.83,0,0,1,0,0,0,0
2026-03-14 04:30:00,D01,S01,东向,城市快速路,4,22,87.28,14.59,4.12,0,0,1,0,0,0,0
2026-03-14 04:45:00,D01,S01,东向,城市快速路,4,33,91.97,18.71,3.91,0,0,1,0,0,0,0
2026-03-14 05:00:00,D01,S01,东向,城市快速路,4,16,88.03,6.5,4.09,0,0,1,0,0,0,0
2026-03-14 05:15:00,D01,S01,东向,城市快速路,4,20,93.11,13.11,3.87,0,0,1,0,0,0,0
2026-03-14 05:30:00,D01,S01,东向,城市快速路,4,15,92.73,11.31,3.88,0,0,1,0,0,0,0
2026-03-14 05:45:00,D01,S01,东向,城市快速路,4,27,86.66,9.91,4.15,0,0,1,0,0,0,0
2026-03-14 06:00:00,D01,S01,东向,城市快速路,4,32,71.84,6.71,5.01,0,0,1,0,0,1,0
2026-03-14 06:15:00,D01,S01,东向,城市快速路,4,34,77.96,8.25,4.62,0,0,1,0,0,0,0
2026-03-14 06:30:00,D01,S01,东向,城市快速路,4,33,84.47,14.75,4.26,0,0,1,0,0,0,0
2026-03-14 06:45:00,D01,S01,东向,城市快速路,4,37,82.69,12.86,4.35,0,0,1,0,0,0,0
2026-03-14 07:00:00,D01,S01,东向,城市快速路,4,52,84.26,17.17,4.27,0,0,1,1,0,0,0
2026-03-14 07:15:00,D01,S01,东向,城市快速路,4,68,77.15,19.37,4.67,0,0,1,1,0,0,0
2026-03-14 07:30:00,D01,S01,东向,城市快速路,4,64,66.2,21.79,5.44,0,0,1,1,0,1,1
2026-03-14 07:45:00,D01,S01,东向,城市快速路,4,65,82.71,23.73,4.35,0,0,1,1,0,0,0
2026-03-14 08:00:00,D01,S01,东向,城市快速路,4,65,87.06,23.54,4.14,0,0,1,1,0,0,0
2026-03-14 08:15:00,D01,S01,东向,城市快速路,4,66,73.37,21.02,4.91,0,0,1,1,0,1,0
2026-03-14 08:30:00,D01,S01,东向,城市快速路,4,63,82.96,24.49,4.34,0,0,1,1,0,0,0
2026-03-14 08:45:00,D01,S01,东向,城市快速路,4,57,83.31,19.46,4.32,0,0,1,1,0,0,0
2026-03-14 09:00:00,D01,S01,东向,城市快速路,4,53,77.22,19.33,4.66,0,0,1,1,0,0,0
2026-03-14 09:15:00,D01,S01,东向,城市快速路,4,47,78.07,21.43,4.61,0,0,1,1,0,0,0
2026-03-14 09:30:00,D01,S01,东向,城市快速路,4,43,85.62,12.73,4.2,0,0,1,0,0,0,0
2026-03-14 09:45:00,D01,S01,东向,城市快速路,4,31,79.31,13.41,4.54,0,0,1,0,0,0,0
2026-03-14 10:00:00,D01,S01,东向,城市快速路,4,26,83.29,11.35,4.32,0,0,1,0,0,0,0
2026-03-14 10:15:00,D01,S01,东向,城市快速路,4,20,78.41,11.41,4.59,0,0,1,0,0,0,0
2026-03-14 10:30:00,D01,S01,东向,城市快速路,4,21,88.67,10.86,4.06,0,0,1,0,0,0,0
2026-03-14 10:45:00,D01,S01,东向,城市快速路,4,32,83.3,15.92,4.32,0,0,1,0,0,0,0
2026-03-14 11:00:00,D01,S01,东向,城市快速路,4,26,86.55,10.21,4.16,0,0,1,0,0,0,0
2026-03-14 11:15:00,D01,S01,东向,城市快速路,4,25,78.49,11.69,4.59,0,0,1,0,0,0,0
2026-03-14 11:30:00,D01,S01,东向,城市快速路,4,31,86.85,13.3,4.15,0,0,1,0,0,0,0
2026-03-14 11:45:00,D01,S01,东向,城市快速路,4,20,85.88,11.39,4.19,0,0,1,0,0,0,0
2026-03-14 12:00:00,D01,S01,东向,城市快速路,4,30,82.84,15.36,4.35,0,0,1,0,0,0,0
2026-03-14 12:15:00,D01,S01,东向,城市快速路,4,29,83.65,12.74,4.3,0,0,1,0,0,0,0
2026-03-14 12:30:00,D01,S01,东向,城市快速路,4,13,92.41,7.23,3.9,0,0,1,0,0,0,0
2026-03-14 12:45:00,D01,S01,东向,城市快速路,4,14,83.93,8.72,4.29,0,0,1,0,0,0,0
2026-03-14 13:00:00,D01,S01,东向,城市快速路,4,13,79.47,9.43,4.53,0,0,1,0,0,0,0
2026-03-14 13:15:00,D01,S01,东向,城市快速路,4,14,88.92,9.87,4.05,0,0,1,0,0,0,0
2026-03-14 13:30:00,D01,S01,东向,城市快速路,4,26,82.23,8.08,4.38,0,0,1,0,0,0,0
2026-03-14 13:45:00,D01,S01,东向,城市快速路,4,30,91.4,12.76,3.94,0,0,1,0,0,0,0
2026-03-14 14:00:00,D01,S01,东向,城市快速路,4,30,82.08,13.4,4.39,0,0,1,0,0,0,0
2026-03-14 14:15:00,D01,S01,东向,城市快速路,4,20,84.0,10.68,4.29,0,0,1,0,0,0,0
2026-03-14 14:30:00,D01,S01,东向,城市快速路,4,33,82.9,12.6,4.34,0,0,1,0,0,0,0
2026-03-14 14:45:00,D01,S01,东向,城市快速路,4,21,89.39,10.5,4.03,0,0,1,0,0,0,0
2026-03-14 15:00:00,D01,S01,东向,城市快速路,4,27,84.01,14.25,4.29,0,0,1,0,0,0,0
2026-03-14 15:15:00,D01,S01,东向,城市快速路,4,23,81.73,12.59,4.4,0,0,1,0,0,0,0
2026-03-14 15:30:00,D01,S01,东向,城市快速路,4,32,83.37,13.8,4.32,0,0,1,0,0,0,0
2026-03-14 15:45:00,D01,S01,东向,城市快速路,4,36,82.58,13.24,4.36,0,0,1,0,0,0,0
2026-03-14 16:00:00,D01,S01,东向,城市快速路,4,42,83.23,16.26,4.33,0,0,1,0,0,0,0
2026-03-14 16:15:00,D01,S01,东向,城市快速路,4,42,79.34,13.68,4.54,0,0,1,0,0,0,0
2026-03-14 16:30:00,D01,S01,东向,城市快速路,4,46,83.16,16.03,4.33,0,0,1,1,0,0,0
2026-03-14 16:45:00,D01,S01,东向,城市快速路,4,53,84.44,18.01,4.26,0,0,1,1,0,0,0
2026-03-14 17:00:00,D01,S01,东向,城市快速路,4,63,73.36,23.77,4.91,0,0,1,1,0,1,0
2026-03-14 17:15:00,D01,S01,东向,城市快速路,4,63,79.6,17.7,4.52,0,0,1,1,0,0,0
2026-03-14 17:30:00,D01,S01,东向,城市快速路,4,65,81.57,18.94,4.41,0,0,1,1,0,0,0
2026-03-14 17:45:00,D01,S01,东向,城市快速路,4,71,71.46,22.01,5.04,0,0,1,1,0,1,0
2026-03-14 18:00:00,D01,S01,东向,城市快速路,4,81,78.1,21.11,4.61,0,0,1,1,0,0,0
2026-03-14 18:15:00,D01,S01,东向,城市快速路,4,56,90.13,15.98,3.99,0,0,1,1,0,0,0
2026-03-14 18:30:00,D01,S01,东向,城市快速路,4,55,88.26,17.53,4.08,0,0,1,1,0,0,0
2026-03-14 18:45:00,D01,S01,东向,城市快速路,4,54,88.53,15.33,4.07,0,0,1,1,0,0,0
2026-03-14 19:00:00,D01,S01,东向,城市快速路,4,55,82.21,17.21,4.38,0,0,1,1,0,0,0
2026-03-14 19:15:00,D01,S01,东向,城市快速路,4,51,79.19,13.8,4.55,0,0,1,1,0,0,0
2026-03-14 19:30:00,D01,S01,东向,城市快速路,4,29,87.66,12.52,4.11,0,0,1,0,0,0,0
2026-03-14 19:45:00,D01,S01,东向,城市快速路,4,32,85.17,11.32,4.23,0,0,1,0,0,0,0
2026-03-14 20:00:00,D01,S01,东向,城市快速路,4,29,81.8,14.45,4.4,0,0,1,0,0,0,0
2026-03-14 20:15:00,D01,S01,东向,城市快速路,4,37,82.24,15.3,4.38,0,0,1,0,0,0,0
2026-03-14 20:30:00,D01,S01,东向,城市快速路,4,28,87.97,10.55,4.09,0,0,1,0,0,0,0
2026-03-14 20:45:00,D01,S01,东向,城市快速路,4,23,82.79,8.99,4.35,0,0,1,0,0,0,0
2026-03-14 21:00:00,D01,S01,东向,城市快速路,4,25,79.96,12.01,4.5,0,0,1,0,0,0,0
2026-03-14 21:15:00,D01,S01,东向,城市快速路,4,13,88.79,8.52,4.05,0,0,1,0,0,0,0
2026-03-14 21:30:00,D01,S01,东向,城市快速路,4,22,86.08,10.38,4.18,0,0,1,0,1,0,0
2026-03-14 21:45:00,D01,S01,东向,城市快速路,4,31,77.7,14.56,4.63,0,0,1,0,0,0,0
2026-03-14 22:00:00,D01,S01,东向,城市快速路,4,19,90.3,8.19,3.99,0,0,1,0,0,0,0
2026-03-14 22:15:00,D01,S01,东向,城市快速路,4,23,86.99,11.95,4.14,0,0,1,0,0,0,0
2026-03-14 22:30:00,D01,S01,东向,城市快速路,4,12,88.86,6.88,4.05,0,0,1,0,0,0,0
2026-03-14 22:45:00,D01,S01,东向,城市快速路,4,15,84.91,9.62,4.24,0,0,1,0,0,0,0
2026-03-14 23:00:00,D01,S01,东向,城市快速路,4,19,83.03,11.8,4.34,0,0,1,0,0,0,0
2026-03-14 23:15:00,D01,S01,东向,城市快速路,4,31,90.65,13.8,3.97,0,0,1,0,0,0,0
2026-03-14 23:30:00,D01,S01,东向,城市快速路,4,21,90.47,13.27,3.98,0,0,1,0,0,0,0
2026-03-14 23:45:00,D01,S01,东向,城市快速路,4,18,84.45,10.62,4.26,0,0,1,0,0,0,0
2026-03-15 00:00:00,D01,S01,东向,城市快速路,4,34,81.84,18.66,4.4,0,0,1,0,0,0,0
2026-03-15 00:15:00,D01,S01,东向,城市快速路,4,28,80.64,11.82,4.46,0,0,1,0,0,0,0
2026-03-15 00:30:00,D01,S01,东向,城市快速路,4,25,92.54,16.26,3.89,0,0,1,0,0,0,0
2026-03-15 00:45:00,D01,S01,东向,城市快速路,4,21,92.13,11.28,3.91,0,0,1,0,0,0,0
2026-03-15 01:00:00,D01,S01,东向,城市快速路,4,23,85.33,10.38,4.22,0,0,1,0,0,0,0
2026-03-15 01:15:00,D01,S01,东向,城市快速路,4,21,88.02,10.83,4.09,0,0,1,0,0,0,0
2026-03-15 01:30:00,D01,S01,东向,城市快速路,4,20,80.47,10.65,4.47,0,0,1,0,0,0,0
2026-03-15 01:45:00,D01,S01,东向,城市快速路,4,11,83.24,6.83,4.33,0,0,1,0,0,0,0
2026-03-15 02:00:00,D01,S01,东向,城市快速路,4,24,89.47,8.59,4.02,0,0,1,0,0,0,0
2026-03-15 02:15:00,D01,S01,东向,城市快速路,4,30,90.45,13.66,3.98,0,0,1,0,0,0,0
2026-03-15 02:30:00,D01,S01,东向,城市快速路,4,16,89.13,13.12,4.04,0,0,1,0,0,0,0
2026-03-15 02:45:00,D01,S01,东向,城市快速路,4,19,82.87,9.8,4.34,0,0,1,0,0,0,0
2026-03-15 03:00:00,D01,S01,东向,城市快速路,4,25,87.18,9.52,4.13,0,0,1,0,0,0,0
2026-03-15 03:15:00,D01,S01,东向,城市快速路,4,27,77.92,14.03,4.62,0,0,1,0,0,0,0
2026-03-15 03:30:00,D01,S01,东向,城市快速路,4,33,92.02,12.72,3.91,0,0,1,0,0,0,0
2026-03-15 03:45:00,D01,S01,东向,城市快速路,4,25,83.93,13.56,4.29,0,0,1,0,0,0,0
2026-03-15 04:00:00,D01,S01,东向,城市快速路,4,22,82.47,9.4,4.37,0,0,1,0,0,0,0
2026-03-15 04:15:00,D01,S01,东向,城市快速路,4,19,84.67,10.97,4.25,0,0,1,0,0,0,0
2026-03-15 04:30:00,D01,S01,东向,城市快速路,4,22,90.22,9.02,3.99,0,0,1,0,0,0,0
2026-03-15 04:45:00,D01,S01,东向,城市快速路,4,17,84.92,9.29,4.24,0,0,1,0,0,0,0
2026-03-15 05:00:00,D01,S01,东向,城市快速路,4,29,80.68,12.78,4.46,0,0,1,0,0,0,0
2026-03-15 05:15:00,D01,S01,东向,城市快速路,4,27,92.11,12.63,3.91,0,0,1,0,0,0,0
2026-03-15 05:30:00,D01,S01,东向,城市快速路,4,22,86.49,13.79,4.16,0,0,1,0,0,0,0
2026-03-15 05:45:00,D01,S01,东向,城市快速路,4,34,84.84,17.13,4.24,0,0,1,0,0,0,0
2026-03-15 06:00:00,D01,S01,东向,城市快速路,4,34,81.12,12.4,4.44,0,0,1,0,0,0,0
2026-03-15 06:15:00,D01,S01,东向,城市快速路,4,31,88.99,15.64,4.05,0,0,1,0,0,0,0
2026-03-15 06:30:00,D01,S01,东向,城市快速路,4,37,91.65,14.81,3.93,0,0,1,0,0,0,0
2026-03-15 06:45:00,D01,S01,东向,城市快速路,4,48,74.53,14.13,4.83,0,0,1,0,0,1,0
2026-03-15 07:00:00,D01,S01,东向,城市快速路,4,43,85.46,17.6,4.21,0,0,1,1,0,0,0
2026-03-15 07:15:00,D01,S01,东向,城市快速路,4,64,84.14,21.36,4.28,0,0,1,1,0,0,0
2026-03-15 07:30:00,D01,S01,东向,城市快速路,4,63,86.52,18.86,4.16,0,0,1,1,0,0,0
2026-03-15 07:45:00,D01,S01,东向,城市快速路,4,69,82.1,20.86,4.38,0,0,1,1,0,0,0
2026-03-15 08:00:00,D01,S01,东向,城市快速路,4,57,83.08,19.82,4.33,0,0,1,1,0,0,0
2026-03-15 08:15:00,D01,S01,东向,城市快速路,4,71,82.39,24.51,4.37,0,0,1,1,0,0,0
2026-03-15 08:30:00,D01,S01,东向,城市快速路,4,59,78.82,17.7,4.57,0,0,1,1,0,0,0
2026-03-15 08:45:00,D01,S01,东向,城市快速路,4,49,82.87,17.72,4.34,0,0,1,1,0,0,0
2026-03-15 09:00:00,D01,S01,东向,城市快速路,4,48,86.52,15.75,4.16,0,0,1,1,0,0,0
2026-03-15 09:15:00,D01,S01,东向,城市快速路,4,41,83.11,13.64,4.33,0,0,1,1,0,0,0
2026-03-15 09:30:00,D01,S01,东向,城市快速路,4,42,80.83,16.7,4.45,0,0,1,0,0,0,0
2026-03-15 09:45:00,D01,S01,东向,城市快速路,4,36,93.47,12.13,3.85,0,0,1,0,0,0,0
2026-03-15 10:00:00,D01,S01,东向,城市快速路,4,29,89.29,13.8,4.03,0,0,1,0,0,0,0
2026-03-15 10:15:00,D01,S01,东向,城市快速路,4,24,83.05,10.12,4.33,0,0,1,0,0,0,0
2026-03-15 10:30:00,D01,S01,东向,城市快速路,4,28,84.88,13.87,4.24,0,0,1,0,0,0,0
2026-03-15 10:45:00,D01,S01,东向,城市快速路,4,16,87.81,12.27,4.1,0,0,1,0,0,0,0
2026-03-15 11:00:00,D01,S01,东向,城市快速路,4,20,82.97,12.81,4.34,0,0,1,0,0,0,0
2026-03-15 11:15:00,D01,S01,东向,城市快速路,4,24,85.86,11.0,4.19,0,0,1,0,0,0,0
2026-03-15 11:30:00,D01,S01,东向,城市快速路,4,23,84.96,9.32,4.24,0,0,1,0,0,0,0
2026-03-15 11:45:00,D01,S01,东向,城市快速路,4,19,80.6,9.25,4.47,0,0,1,0,0,0,0
2026-03-15 12:00:00,D01,S01,东向,城市快速路,4,38,80.27,13.13,4.48,0,0,1,0,0,0,0
2026-03-15 12:15:00,D01,S01,东向,城市快速路,4,28,79.14,10.7,4.55,0,0,1,0,0,0,0
2026-03-15 12:30:00,D01,S01,东向,城市快速路,4,29,86.23,10.08,4.18,0,0,1,0,0,0,0
2026-03-15 12:45:00,D01,S01,东向,城市快速路,4,17,89.13,8.52,4.04,0,0,1,0,0,0,0
2026-03-15 13:00:00,D01,S01,东向,城市快速路,4,22,82.37,10.97,4.37,0,0,1,0,0,0,0
2026-03-15 13:15:00,D01,S01,东向,城市快速路,4,15,89.46,7.54,4.02,0,0,1,0,0,0,0
2026-03-15 13:30:00,D01,S01,东向,城市快速路,4,26,96.0,12.19,3.75,0,0,1,0,0,0,0
2026-03-15 13:45:00,D01,S01,东向,城市快速路,4,16,89.21,12.35,4.04,0,0,1,0,0,0,0
2026-03-15 14:00:00,D01,S01,东向,城市快速路,4,9,86.6,9.66,4.16,0,0,1,0,0,0,0
2026-03-15 14:15:00,D01,S01,东向,城市快速路,4,17,87.56,10.42,4.11,0,0,1,0,0,0,0
2026-03-15 14:30:00,D01,S01,东向,城市快速路,4,27,89.5,12.33,4.02,0,0,1,0,0,0,0
2026-03-15 14:45:00,D01,S01,东向,城市快速路,4,29,92.07,14.67,3.91,0,0,1,0,0,0,0
2026-03-15 15:00:00,D01,S01,东向,城市快速路,4,15,83.68,9.72,4.3,0,0,1,0,0,0,0
2026-03-15 15:15:00,D01,S01,东向,城市快速路,4,31,91.27,13.87,3.94,0,0,1,0,0,0,0
2026-03-15 15:30:00,D01,S01,东向,城市快速路,4,39,84.1,14.33,4.28,0,0,1,0,0,0,0
2026-03-15 15:45:00,D01,S01,东向,城市快速路,4,36,89.77,13.21,4.01,0,0,1,0,0,0,0
2026-03-15 16:00:00,D01,S01,东向,城市快速路,4,41,84.92,14.67,4.24,0,0,1,0,0,0,0
2026-03-15 16:15:00,D01,S01,东向,城市快速路,4,46,88.74,15.48,4.06,0,0,1,0,0,0,0
2026-03-15 16:30:00,D01,S01,东向,城市快速路,4,46,81.25,16.46,4.43,0,0,1,1,0,0,0
2026-03-15 16:45:00,D01,S01,东向,城市快速路,4,58,78.41,19.83,4.59,0,0,1,1,0,0,0
2026-03-15 17:00:00,D01,S01,东向,城市快速路,4,67,79.47,21.64,4.53,0,0,1,1,0,0,0
2026-03-15 17:15:00,D01,S01,东向,城市快速路,4,64,82.85,20.07,4.35,0,0,1,1,0,0,0
2026-03-15 17:30:00,D01,S01,东向,城市快速路,4,69,77.82,20.64,4.63,0,0,1,1,0,0,0
2026-03-15 17:45:00,D01,S01,东向,城市快速路,4,72,70.31,23.41,5.12,0,0,1,1,0,1,0
2026-03-15 18:00:00,D01,S01,东向,城市快速路,4,84,79.34,27.75,4.54,0,0,1,1,0,0,0
2026-03-15 18:15:00,D01,S01,东向,城市快速路,4,63,81.73,16.34,4.4,0,0,1,1,0,0,0
2026-03-15 18:30:00,D01,S01,东向,城市快速路,4,62,85.68,17.61,4.2,0,0,1,1,0,0,0
2026-03-15 18:45:00,D01,S01,东向,城市快速路,4,56,77.72,17.08,4.63,0,0,1,1,0,0,0
2026-03-15 19:00:00,D01,S01,东向,城市快速路,4,56,77.34,21.56,4.65,0,0,1,1,0,0,0
2026-03-15 19:15:00,D01,S01,东向,城市快速路,4,36,83.23,13.17,4.33,0,0,1,1,0,0,0
2026-03-15 19:30:00,D01,S01,东向,城市快速路,4,50,82.96,16.2,4.34,0,0,1,0,0,0,0
2026-03-15 19:45:00,D01,S01,东向,城市快速路,4,40,79.78,20.0,4.51,0,0,1,0,0,0,0
2026-03-15 20:00:00,D01,S01,东向,城市快速路,4,32,75.85,8.98,4.75,0,0,1,0,0,0,0
2026-03-15 20:15:00,D01,S01,东向,城市快速路,4,34,75.77,13.58,4.75,0,0,1,0,0,0,0
2026-03-15 20:30:00,D01,S01,东向,城市快速路,4,34,86.22,13.46,4.18,0,0,1,0,0,0,0
2026-03-15 20:45:00,D01,S01,东向,城市快速路,4,28,92.02,16.01,3.91,0,0,1,0,0,0,0
2026-03-15 21:00:00,D01,S01,东向,城市快速路,4,27,92.13,12.87,3.91,0,0,1,0,0,0,0
2026-03-15 21:15:00,D01,S01,东向,城市快速路,4,24,85.97,12.4,4.19,0,0,1,0,0,0,0
2026-03-15 21:30:00,D01,S01,东向,城市快速路,4,23,85.99,14.03,4.19,0,0,1,0,0,0,0
2026-03-15 21:45:00,D01,S01,东向,城市快速路,4,20,87.09,10.99,4.13,0,0,1,0,0,0,0
2026-03-15 22:00:00,D01,S01,东向,城市快速路,4,22,82.71,13.92,4.35,0,0,1,0,0,0,0
2026-03-15 22:15:00,D01,S01,东向,城市快速路,4,29,84.1,12.1,4.28,0,0,1,0,0,0,0
2026-03-15 22:30:00,D01,S01,东向,城市快速路,4,24,86.17,12.29,4.18,0,0,1,0,0,0,0
2026-03-15 22:45:00,D01,S01,东向,城市快速路,4,12,77.67,8.64,4.64,0,0,1,0,0,0,0
2026-03-15 23:00:00,D01,S01,东向,城市快速路,4,20,86.18,10.35,4.18,0,0,1,0,0,0,0
2026-03-15 23:15:00,D01,S01,东向,城市快速路,4,22,87.37,14.34,4.12,0,0,1,0,0,0,0
2026-03-15 23:30:00,D01,S01,东向,城市快速路,4,17,84.75,9.07,4.25,0,0,1,0,0,0,0
2026-03-15 23:45:00,D01,S01,东向,城市快速路,4,29,86.36,15.47,4.17,0,0,1,0,0,0,0
2026-03-02 00:00:00,D02,S02,西向,城市快速路,4,25,81.97,11.54,4.39,0,0,0,0,0,0,0
2026-03-02 00:15:00,D02,S02,西向,城市快速路,4,18,85.03,8.64,4.23,0,0,0,0,0,0,0
2026-03-02 00:30:00,D02,S02,西向,城市快速路,4,30,83.85,15.01,4.29,0,0,0,0,0,0,0
2026-03-02 00:45:00,D02,S02,西向,城市快速路,4,30,85.6,9.5,4.21,0,0,0,0,0,0,0
2026-03-02 01:00:00,D02,S02,西向,城市快速路,4,37,80.6,14.21,4.47,0,0,0,0,0,0,0
2026-03-02 01:15:00,D02,S02,西向,城市快速路,4,35,84.81,13.62,4.24,0,0,0,0,0,0,0
2026-03-02 01:30:00,D02,S02,西向,城市快速路,4,34,82.01,14.34,4.39,0,0,0,0,0,0,0
2026-03-02 01:45:00,D02,S02,西向,城市快速路,4,36,88.24,13.79,4.08,0,0,0,0,0,0,0
2026-03-02 02:00:00,D02,S02,西向,城市快速路,4,23,84.91,11.89,4.24,0,0,0,0,0,0,0
2026-03-02 02:15:00,D02,S02,西向,城市快速路,4,38,76.81,18.03,4.69,0,0,0,0,0,0,0
2026-03-02 02:30:00,D02,S02,西向,城市快速路,4,26,86.61,11.72,4.16,0,0,0,0,0,0,0
2026-03-02 02:45:00,D02,S02,西向,城市快速路,4,22,82.35,14.17,4.37,0,0,0,0,0,0,0
2026-03-02 03:00:00,D02,S02,西向,城市快速路,4,35,82.57,17.14,4.36,0,0,0,0,0,0,0
2026-03-02 03:15:00,D02,S02,西向,城市快速路,4,33,89.14,11.62,4.04,0,0,0,0,0,0,0
2026-03-02 03:30:00,D02,S02,西向,城市快速路,4,27,91.13,13.47,3.95,0,0,0,0,0,0,0
2026-03-02 03:45:00,D02,S02,西向,城市快速路,4,28,90.32,14.79,3.99,0,0,0,0,0,0,0
2026-03-02 04:00:00,D02,S02,西向,城市快速路,4,38,88.28,13.62,4.08,0,0,0,0,0,0,0
2026-03-02 04:15:00,D02,S02,西向,城市快速路,4,30,81.61,9.07,4.41,0,0,0,0,0,0,0
2026-03-02 04:30:00,D02,S02,西向,城市快速路,4,22,81.54,8.89,4.42,0,0,0,0,0,0,0
2026-03-02 04:45:00,D02,S02,西向,城市快速路,4,18,85.41,9.72,4.21,0,0,0,0,0,0,0
2026-03-02 05:00:00,D02,S02,西向,城市快速路,4,31,86.76,11.06,4.15,0,0,0,0,0,0,0
2026-03-02 05:15:00,D02,S02,西向,城市快速路,4,31,81.38,13.71,4.42,0,0,0,0,0,0,0
2026-03-02 05:30:00,D02,S02,西向,城市快速路,4,25,85.31,13.58,4.22,0,0,0,0,0,0,0
2026-03-02 05:45:00,D02,S02,西向,城市快速路,4,38,81.91,16.87,4.4,0,0,0,0,0,0,0
2026-03-02 06:00:00,D02,S02,西向,城市快速路,4,39,85.6,17.38,4.21,0,0,0,0,0,0,0
2026-03-02 06:15:00,D02,S02,西向,城市快速路,4,40,89.83,16.0,4.01,0,0,0,0,0,0,0
2026-03-02 06:30:00,D02,S02,西向,城市快速路,4,57,82.53,14.23,4.36,0,0,0,0,0,0,0
2026-03-02 06:45:00,D02,S02,西向,城市快速路,4,44,79.86,16.34,4.51,0,0,0,0,0,0,0
2026-03-02 07:00:00,D02,S02,西向,城市快速路,4,59,89.8,17.69,4.01,0,0,0,1,0,0,0
2026-03-02 07:15:00,D02,S02,西向,城市快速路,4,75,74.35,21.52,4.84,0,0,0,1,0,1,0
2026-03-02 07:30:00,D02,S02,西向,城市快速路,4,82,82.37,23.19,4.37,0,0,0,1,0,0,0
2026-03-02 07:45:00,D02,S02,西向,城市快速路,4,94,70.67,28.23,5.09,0,0,0,1,0,1,0
2026-03-02 08:00:00,D02,S02,西向,城市快速路,4,93,70.55,29.39,5.1,0,0,0,1,0,1,0
2026-03-02 08:15:00,D02,S02,西向,城市快速路,4,82,80.44,24.51,4.48,0,0,0,1,0,0,0
2026-03-02 08:30:00,D02,S02,西向,城市快速路,4,86,75.99,25.98,4.74,0,0,0,1,0,0,0
2026-03-02 08:45:00,D02,S02,西向,城市快速路,4,81,80.92,22.57,4.45,0,0,0,1,0,0,0
2026-03-02 09:00:00,D02,S02,西向,城市快速路,4,66,75.33,21.92,4.78,0,0,0,1,0,0,0
2026-03-02 09:15:00,D02,S02,西向,城市快速路,4,51,92.63,17.53,3.89,0,0,0,1,0,0,0
2026-03-02 09:30:00,D02,S02,西向,城市快速路,4,52,81.11,19.47,4.44,0,0,0,0,0,0,0
2026-03-02 09:45:00,D02,S02,西向,城市快速路,4,39,83.1,12.79,4.33,0,0,0,0,0,0,0
2026-03-02 10:00:00,D02,S02,西向,城市快速路,4,34,85.91,14.56,4.19,0,0,0,0,0,0,0
2026-03-02 10:15:00,D02,S02,西向,城市快速路,4,48,83.82,14.74,4.29,0,0,0,0,0,0,0
2026-03-02 10:30:00,D02,S02,西向,城市快速路,4,30,91.4,11.58,3.94,0,0,0,0,0,0,0
2026-03-02 10:45:00,D02,S02,西向,城市快速路,4,38,82.23,14.76,4.38,0,0,0,0,0,0,0
2026-03-02 11:00:00,D02,S02,西向,城市快速路,4,46,83.69,16.85,4.3,0,0,0,0,0,0,0
2026-03-02 11:15:00,D02,S02,西向,城市快速路,4,26,87.26,13.27,4.13,0,0,0,0,0,0,0
2026-03-02 11:30:00,D02,S02,西向,城市快速路,4,31,84.87,11.13,4.24,0,0,0,0,0,0,0
2026-03-02 11:45:00,D02,S02,西向,城市快速路,4,39,81.18,14.82,4.43,0,0,0,0,0,0,0
2026-03-02 12:00:00,D02,S02,西向,城市快速路,4,24,81.67,8.88,4.41,0,0,0,0,0,0,0
2026-03-02 12:15:00,D02,S02,西向,城市快速路,4,31,86.36,14.89,4.17,0,0,0,0,0,0,0
2026-03-02 12:30:00,D02,S02,西向,城市快速路,4,29,84.44,11.05,4.26,0,0,0,0,0,0,0
2026-03-02 12:45:00,D02,S02,西向,城市快速路,4,29,82.24,10.08,4.38,0,0,0,0,0,0,0
2026-03-02 13:00:00,D02,S02,西向,城市快速路,4,26,92.91,18.28,3.87,0,0,0,0,0,0,0
2026-03-02 13:15:00,D02,S02,西向,城市快速路,4,22,84.84,10.57,4.24,0,0,0,0,0,0,0
2026-03-02 13:30:00,D02,S02,西向,城市快速路,4,31,80.78,12.36,4.46,0,0,0,0,0,0,0
2026-03-02 13:45:00,D02,S02,西向,城市快速路,4,20,90.74,9.22,3.97,0,0,0,0,0,0,0
2026-03-02 14:00:00,D02,S02,西向,城市快速路,4,33,89.15,13.12,4.04,0,0,0,0,0,0,0
2026-03-02 14:15:00,D02,S02,西向,城市快速路,4,27,85.08,14.07,4.23,0,0,0,0,0,0,0
2026-03-02 14:30:00,D02,S02,西向,城市快速路,4,32,80.02,15.05,4.5,0,0,0,0,0,0,0
2026-03-02 14:45:00,D02,S02,西向,城市快速路,4,24,85.64,8.52,4.2,0,0,0,0,0,0,0
2026-03-02 15:00:00,D02,S02,西向,城市快速路,4,35,82.29,14.21,4.37,0,0,0,0,0,0,0
2026-03-02 15:15:00,D02,S02,西向,城市快速路,4,39,87.26,18.25,4.13,0,0,0,0,0,0,0
2026-03-02 15:30:00,D02,S02,西向,城市快速路,4,35,89.94,15.63,4.0,0,0,0,0,0,0,0
2026-03-02 15:45:00,D02,S02,西向,城市快速路,4,55,80.87,16.12,4.45,0,0,0,0,0,0,0
2026-03-02 16:00:00,D02,S02,西向,城市快速路,4,47,81.37,16.08,4.42,0,0,0,0,0,0,0
2026-03-02 16:15:00,D02,S02,西向,城市快速路,4,68,76.92,21.35,4.68,0,0,0,0,0,0,0
2026-03-02 16:30:00,D02,S02,西向,城市快速路,4,67,81.73,21.01,4.4,0,0,0,1,0,0,0
2026-03-02 16:45:00,D02,S02,西向,城市快速路,4,78,79.06,22.44,4.55,0,0,0,1,0,0,0
2026-03-02 17:00:00,D02,S02,西向,城市快速路,4,86,78.83,25.92,4.57,0,0,0,1,0,0,0
2026-03-02 17:15:00,D02,S02,西向,城市快速路,4,94,74.91,27.78,4.81,0,0,0,1,0,1,0
2026-03-02 17:30:00,D02,S02,西向,城市快速路,4,92,76.94,25.71,4.68,0,0,0,1,0,0,0
2026-03-02 17:45:00,D02,S02,西向,城市快速路,4,87,76.69,24.71,4.69,0,0,0,1,0,0,0
2026-03-02 18:00:00,D02,S02,西向,城市快速路,4,78,78.15,22.2,4.61,0,0,0,1,0,0,0
2026-03-02 18:15:00,D02,S02,西向,城市快速路,4,71,77.38,22.07,4.65,0,0,0,1,0,0,0
2026-03-02 18:30:00,D02,S02,西向,城市快速路,4,74,77.14,20.15,4.67,0,0,0,1,0,0,0
2026-03-02 18:45:00,D02,S02,西向,城市快速路,4,65,77.97,21.23,4.62,0,0,0,1,0,0,0
2026-03-02 19:00:00,D02,S02,西向,城市快速路,4,60,82.14,22.03,4.38,0,0,0,1,0,0,0
2026-03-02 19:15:00,D02,S02,西向,城市快速路,4,51,73.33,18.29,4.91,0,0,0,1,0,1,0
2026-03-02 19:30:00,D02,S02,西向,城市快速路,4,50,75.13,19.11,4.79,0,0,0,0,0,0,0
2026-03-02 19:45:00,D02,S02,西向,城市快速路,4,26,78.78,16.14,4.57,0,0,0,0,0,0,0
2026-03-02 20:00:00,D02,S02,西向,城市快速路,4,48,82.29,18.12,4.38,0,0,0,0,0,0,0
2026-03-02 20:15:00,D02,S02,西向,城市快速路,4,36,82.43,13.34,4.37,0,0,0,0,0,0,0
2026-03-02 20:30:00,D02,S02,西向,城市快速路,4,41,86.83,16.76,4.15,0,0,0,0,0,0,0
2026-03-02 20:45:00,D02,S02,西向,城市快速路,4,37,84.01,13.78,4.29,0,0,0,0,0,0,0
2026-03-02 21:00:00,D02,S02,西向,城市快速路,4,31,87.92,13.54,4.09,0,0,0,0,0,0,0
2026-03-02 21:15:00,D02,S02,西向,城市快速路,4,24,81.6,11.97,4.41,0,0,0,0,0,0,0
2026-03-02 21:30:00,D02,S02,西向,城市快速路,4,28,83.26,9.51,4.32,0,0,0,0,0,0,0
2026-03-02 21:45:00,D02,S02,西向,城市快速路,4,39,82.46,11.84,4.37,0,0,0,0,0,0,0
2026-03-02 22:00:00,D02,S02,西向,城市快速路,4,37,89.54,11.37,4.02,0,0,0,0,0,0,0
2026-03-02 22:15:00,D02,S02,西向,城市快速路,4,27,84.76,10.01,4.25,0,0,0,0,0,0,0
2026-03-02 22:30:00,D02,S02,西向,城市快速路,4,29,85.51,14.29,4.21,0,0,0,0,0,0,0
2026-03-02 22:45:00,D02,S02,西向,城市快速路,4,29,81.79,11.52,4.4,0,0,0,0,0,0,0
2026-03-02 23:00:00,D02,S02,西向,城市快速路,4,26,96.0,11.78,3.75,0,0,0,0,0,0,0
2026-03-02 23:15:00,D02,S02,西向,城市快速路,4,25,86.84,9.34,4.15,0,0,0,0,0,0,0
2026-03-02 23:30:00,D02,S02,西向,城市快速路,4,33,82.77,15.22,4.35,0,0,0,0,0,0,0
2026-03-02 23:45:00,D02,S02,西向,城市快速路,4,22,95.44,13.23,3.77,0,0,0,0,0,0,0
2026-03-03 00:00:00,D02,S02,西向,城市快速路,4,28,84.65,17.11,4.25,0,0,0,0,0,0,0
2026-03-03 00:15:00,D02,S02,西向,城市快速路,4,32,81.61,10.55,4.41,0,0,0,0,0,0,0
2026-03-03 00:30:00,D02,S02,西向,城市快速路,4,27,83.14,13.84,4.33,0,0,0,0,0,0,0
2026-03-03 00:45:00,D02,S02,西向,城市快速路,4,23,80.6,12.22,4.47,0,0,0,0,0,0,0
2026-03-03 01:00:00,D02,S02,西向,城市快速路,4,36,87.98,16.59,4.09,0,0,0,0,0,0,0
2026-03-03 01:15:00,D02,S02,西向,城市快速路,4,33,84.05,10.14,4.28,0,0,0,0,0,0,0
2026-03-03 01:30:00,D02,S02,西向,城市快速路,4,33,90.54,15.14,3.98,0,0,0,0,0,0,0
2026-03-03 01:45:00,D02,S02,西向,城市快速路,4,35,87.61,11.71,4.11,0,0,0,0,0,0,0
2026-03-03 02:00:00,D02,S02,西向,城市快速路,4,35,80.53,12.77,4.47,0,0,0,0,0,0,0
2026-03-03 02:15:00,D02,S02,西向,城市快速路,4,33,79.67,13.81,4.52,0,0,0,0,0,0,0
2026-03-03 02:30:00,D02,S02,西向,城市快速路,4,36,86.35,13.4,4.17,0,0,0,0,0,0,0
2026-03-03 02:45:00,D02,S02,西向,城市快速路,4,43,89.36,15.06,4.03,0,0,0,0,0,0,0
2026-03-03 03:00:00,D02,S02,西向,城市快速路,4,32,85.14,16.36,4.23,0,0,0,0,0,0,0
2026-03-03 03:15:00,D02,S02,西向,城市快速路,4,26,82.61,9.26,4.36,0,0,0,0,0,0,0
2026-03-03 03:30:00,D02,S02,西向,城市快速路,4,37,77.64,17.09,4.64,0,0,0,0,0,0,0
2026-03-03 03:45:00,D02,S02,西向,城市快速路,4,34,92.33,13.7,3.9,0,0,0,0,0,0,0
2026-03-03 04:00:00,D02,S02,西向,城市快速路,4,41,90.21,13.93,3.99,0,0,0,0,0,0,0
2026-03-03 04:15:00,D02,S02,西向,城市快速路,4,27,89.2,9.97,4.04,0,0,0,0,0,0,0
2026-03-03 04:30:00,D02,S02,西向,城市快速路,4,21,80.36,8.57,4.48,0,0,0,0,0,0,0
2026-03-03 04:45:00,D02,S02,西向,城市快速路,4,24,81.3,9.68,4.43,0,0,0,0,0,0,0
2026-03-03 05:00:00,D02,S02,西向,城市快速路,4,32,87.65,13.94,4.11,0,0,0,0,0,0,0
2026-03-03 05:15:00,D02,S02,西向,城市快速路,4,38,85.94,16.06,4.19,0,0,0,0,0,0,0
2026-03-03 05:30:00,D02,S02,西向,城市快速路,4,35,75.96,12.03,4.74,0,0,0,0,1,0,0
2026-03-03 05:45:00,D02,S02,西向,城市快速路,4,33,85.15,16.62,4.23,0,0,0,0,0,0,0
2026-03-03 06:00:00,D02,S02,西向,城市快速路,4,38,84.81,9.05,4.24,0,0,0,0,0,0,0
2026-03-03 06:15:00,D02,S02,西向,城市快速路,4,40,87.59,15.61,4.11,0,0,0,0,0,0,0
2026-03-03 06:30:00,D02,S02,西向,城市快速路,4,51,87.64,18.18,4.11,0,0,0,0,0,0,0
2026-03-03 06:45:00,D02,S02,西向,城市快速路,4,47,73.66,17.7,4.89,0,0,0,0,0,1,0
2026-03-03 07:00:00,D02,S02,西向,城市快速路,4,57,79.53,19.08,4.53,0,0,0,1,0,0,0
2026-03-03 07:15:00,D02,S02,西向,城市快速路,4,54,80.38,21.33,4.48,0,0,0,1,0,0,0
2026-03-03 07:30:00,D02,S02,西向,城市快速路,4,71,78.0,21.37,4.62,0,0,0,1,0,0,0
2026-03-03 07:45:00,D02,S02,西向,城市快速路,4,74,76.33,23.35,4.72,0,0,0,1,0,0,0
2026-03-03 08:00:00,D02,S02,西向,城市快速路,4,85,76.19,23.05,4.72,0,0,0,1,0,0,0
2026-03-03 08:15:00,D02,S02,西向,城市快速路,4,77,80.45,30.41,4.47,0,0,0,1,0,0,1
2026-03-03 08:30:00,D02,S02,西向,城市快速路,4,82,72.14,24.88,4.99,0,0,0,1,0,1,0
2026-03-03 08:45:00,D02,S02,西向,城市快速路,4,72,92.06,20.43,3.91,0,0,0,1,0,0,0
2026-03-03 09:00:00,D02,S02,西向,城市快速路,4,57,88.41,18.95,4.07,0,0,0,1,0,0,0
2026-03-03 09:15:00,D02,S02,西向,城市快速路,4,68,75.76,24.07,4.75,0,0,0,1,0,0,0
2026-03-03 09:30:00,D02,S02,西向,城市快速路,4,41,81.26,15.89,4.43,0,0,0,0,0,0,0
2026-03-03 09:45:00,D02,S02,西向,城市快速路,4,46,83.54,16.65,4.31,0,0,0,0,0,0,0
2026-03-03 10:00:00,D02,S02,西向,城市快速路,4,45,86.12,15.18,4.18,0,0,0,0,0,0,0
2026-03-03 10:15:00,D02,S02,西向,城市快速路,4,33,82.38,13.49,4.37,0,0,0,0,0,0,0
2026-03-03 10:30:00,D02,S02,西向,城市快速路,4,39,82.33,17.89,4.37,0,0,0,0,0,0,0
2026-03-03 10:45:00,D02,S02,西向,城市快速路,4,37,89.64,16.5,4.02,0,0,0,0,0,0,0
2026-03-03 11:00:00,D02,S02,西向,城市快速路,4,25,89.47,11.19,4.02,0,0,0,0,0,0,0
2026-03-03 11:15:00,D02,S02,西向,城市快速路,4,30,83.85,17.95,4.29,0,0,0,0,0,0,0
2026-03-03 11:30:00,D02,S02,西向,城市快速路,4,31,84.8,13.98,4.25,0,0,0,0,0,0,0
2026-03-03 11:45:00,D02,S02,西向,城市快速路,4,16,85.97,12.16,4.19,0,0,0,0,0,0,0
2026-03-03 12:00:00,D02,S02,西向,城市快速路,4,34,84.56,14.38,4.26,0,0,0,0,0,0,0
2026-03-03 12:15:00,D02,S02,西向,城市快速路,4,46,86.76,17.22,4.15,0,0,0,0,0,0,0
2026-03-03 12:30:00,D02,S02,西向,城市快速路,4,37,90.45,13.99,3.98,0,0,0,0,0,0,0
2026-03-03 12:45:00,D02,S02,西向,城市快速路,4,26,90.6,6.82,3.97,0,0,0,0,0,0,0
2026-03-03 13:00:00,D02,S02,西向,城市快速路,4,28,89.41,12.55,4.03,0,0,0,0,0,0,0
2026-03-03 13:15:00,D02,S02,西向,城市快速路,4,39,83.8,11.75,4.3,0,0,0,0,0,0,0
2026-03-03 13:30:00,D02,S02,西向,城市快速路,4,26,87.96,10.33,4.09,0,0,0,0,0,0,0
2026-03-03 13:45:00,D02,S02,西向,城市快速路,4,31,83.61,13.32,4.31,0,0,0,0,0,0,0
2026-03-03 14:00:00,D02,S02,西向,城市快速路,4,25,88.14,11.09,4.08,0,0,0,0,0,0,0
2026-03-03 14:15:00,D02,S02,西向,城市快速路,4,24,87.49,12.79,4.11,0,0,0,0,0,0,0
2026-03-03 14:30:00,D02,S02,西向,城市快速路,4,27,85.19,7.72,4.23,0,0,0,0,0,0,0
2026-03-03 14:45:00,D02,S02,西向,城市快速路,4,41,91.93,16.37,3.92,0,0,0,0,0,0,0
2026-03-03 15:00:00,D02,S02,西向,城市快速路,4,38,82.38,13.58,4.37,0,0,0,0,0,0,0
2026-03-03 15:15:00,D02,S02,西向,城市快速路,4,40,85.58,14.06,4.21,0,0,0,0,0,0,0
2026-03-03 15:30:00,D02,S02,西向,城市快速路,4,36,85.96,12.12,4.19,0,0,0,0,0,0,0
2026-03-03 15:45:00,D02,S02,西向,城市快速路,4,39,88.94,13.04,4.05,0,0,0,0,0,0,0
2026-03-03 16:00:00,D02,S02,西向,城市快速路,4,56,82.16,14.61,4.38,0,0,0,0,0,0,0
2026-03-03 16:15:00,D02,S02,西向,城市快速路,4,68,72.13,20.95,4.99,0,0,0,0,0,1,0
2026-03-03 16:30:00,D02,S02,西向,城市快速路,4,62,79.76,19.21,4.51,0,0,0,1,0,0,0
2026-03-03 16:45:00,D02,S02,西向,城市快速路,4,73,80.43,18.3,4.48,0,0,0,1,0,0,0
2026-03-03 17:00:00,D02,S02,西向,城市快速路,4,81,75.88,22.13,4.74,0,0,0,1,0,0,0
2026-03-03 17:15:00,D02,S02,西向,城市快速路,4,84,70.95,24.53,5.07,0,0,0,1,0,1,0
2026-03-03 17:30:00,D02,S02,西向,城市快速路,4,81,69.84,27.76,5.15,0,0,0,1,0,1,1
2026-03-03 17:45:00,D02,S02,西向,城市快速路,4,92,76.51,26.12,4.71,0,0,0,1,0,0,0
2026-03-03 18:00:00,D02,S02,西向,城市快速路,4,91,77.08,24.83,4.67,0,0,0,1,0,0,0
2026-03-03 18:15:00,D02,S02,西向,城市快速路,4,87,73.14,25.69,4.92,0,0,0,1,0,1,0
2026-03-03 18:30:00,D02,S02,西向,城市快速路,4,81,72.97,26.66,4.93,0,0,0,1,0,1,0
2026-03-03 18:45:00,D02,S02,西向,城市快速路,4,71,77.71,20.1,4.63,0,0,0,1,0,0,0
2026-03-03 19:00:00,D02,S02,西向,城市快速路,4,50,76.79,18.52,4.69,0,0,0,1,0,0,0
2026-03-03 19:15:00,D02,S02,西向,城市快速路,4,62,84.64,20.61,4.25,0,0,0,1,0,0,0
2026-03-03 19:30:00,D02,S02,西向,城市快速路,4,47,87.97,14.97,4.09,0,0,0,0,0,0,0
2026-03-03 19:45:00,D02,S02,西向,城市快速路,4,39,90.46,15.74,3.98,0,0,0,0,0,0,0
2026-03-03 20:00:00,D02,S02,西向,城市快速路,4,35,75.76,11.16,4.75,0,0,0,0,0,0,0
2026-03-03 20:15:00,D02,S02,西向,城市快速路,4,41,85.09,11.74,4.23,0,0,0,0,0,0,0
2026-03-03 20:30:00,D02,S02,西向,城市快速路,4,25,84.95,9.72,4.24,0,0,0,0,0,0,0
2026-03-03 20:45:00,D02,S02,西向,城市快速路,4,36,83.11,13.71,4.33,0,0,0,0,0,0,0
2026-03-03 21:00:00,D02,S02,西向,城市快速路,4,34,87.82,15.15,4.1,0,0,0,0,0,0,0
2026-03-03 21:15:00,D02,S02,西向,城市快速路,4,19,84.26,13.63,4.27,0,0,0,0,0,0,0
2026-03-03 21:30:00,D02,S02,西向,城市快速路,4,28,76.43,13.12,4.71,0,0,0,0,0,0,0
2026-03-03 21:45:00,D02,S02,西向,城市快速路,4,38,90.97,9.84,3.96,0,0,0,0,0,0,0
2026-03-03 22:00:00,D02,S02,西向,城市快速路,4,39,80.6,11.89,4.47,0,0,0,0,0,0,0
2026-03-03 22:15:00,D02,S02,西向,城市快速路,4,39,84.77,19.15,4.25,0,0,0,0,0,0,0
2026-03-03 22:30:00,D02,S02,西向,城市快速路,4,27,81.49,12.0,4.42,0,0,0,0,0,0,0
2026-03-03 22:45:00,D02,S02,西向,城市快速路,4,23,85.66,11.75,4.2,0,0,0,0,0,0,0
2026-03-03 23:00:00,D02,S02,西向,城市快速路,4,33,84.72,14.22,4.25,0,0,0,0,0,0,0
2026-03-03 23:15:00,D02,S02,西向,城市快速路,4,24,85.23,10.86,4.22,0,0,0,0,0,0,0
2026-03-03 23:30:00,D02,S02,西向,城市快速路,4,25,80.58,8.23,4.47,0,0,0,0,0,0,0
2026-03-03 23:45:00,D02,S02,西向,城市快速路,4,28,81.68,10.9,4.41,0,0,0,0,0,0,0
2026-03-04 00:00:00,D02,S02,西向,城市快速路,4,31,79.06,15.37,4.55,0,0,0,0,0,0,0
2026-03-04 00:15:00,D02,S02,西向,城市快速路,4,35,76.41,16.04,4.71,0,0,0,0,0,0,0
2026-03-04 00:30:00,D02,S02,西向,城市快速路,4,19,85.11,14.87,4.23,0,0,0,0,0,0,0
2026-03-04 00:45:00,D02,S02,西向,城市快速路,4,31,88.79,12.04,4.05,0,0,0,0,0,0,0
2026-03-04 01:00:00,D02,S02,西向,城市快速路,4,29,85.03,14.09,4.23,0,0,0,0,0,0,0
2026-03-04 01:15:00,D02,S02,西向,城市快速路,4,29,88.44,15.82,4.07,0,0,0,0,0,0,0
2026-03-04 01:30:00,D02,S02,西向,城市快速路,4,34,82.24,16.09,4.38,0,0,0,0,0,0,0
2026-03-04 01:45:00,D02,S02,西向,城市快速路,4,22,88.85,6.66,4.05,0,0,0,0,0,0,0
2026-03-04 02:00:00,D02,S02,西向,城市快速路,4,17,87.58,9.7,4.11,0,0,0,0,0,0,0
2026-03-04 02:15:00,D02,S02,西向,城市快速路,4,32,88.48,15.35,4.07,0,0,0,0,0,0,0
2026-03-04 02:30:00,D02,S02,西向,城市快速路,4,26,92.85,14.25,3.88,0,0,0,0,0,0,0
2026-03-04 02:45:00,D02,S02,西向,城市快速路,4,28,85.66,8.69,4.2,0,0,0,0,0,0,0
2026-03-04 03:00:00,D02,S02,西向,城市快速路,4,37,89.91,15.0,4.0,0,0,0,0,0,0,0
2026-03-04 03:15:00,D02,S02,西向,城市快速路,4,32,77.66,11.33,4.64,0,0,0,0,0,0,0
2026-03-04 03:30:00,D02,S02,西向,城市快速路,4,33,88.12,12.9,4.09,0,0,0,0,0,0,0
2026-03-04 03:45:00,D02,S02,西向,城市快速路,4,24,93.7,7.83,3.84,0,0,0,0,0,0,0
2026-03-04 04:00:00,D02,S02,西向,城市快速路,4,30,88.35,11.63,4.07,0,0,0,0,0,0,0
2026-03-04 04:15:00,D02,S02,西向,城市快速路,4,20,87.24,7.22,4.13,0,0,0,0,0,0,0
2026-03-04 04:30:00,D02,S02,西向,城市快速路,4,24,79.56,8.47,4.52,0,0,0,0,0,0,0
2026-03-04 04:45:00,D02,S02,西向,城市快速路,4,33,85.7,16.55,4.2,0,0,0,0,0,0,0
2026-03-04 05:00:00,D02,S02,西向,城市快速路,4,31,86.49,9.94,4.16,0,0,0,0,0,0,0
2026-03-04 05:15:00,D02,S02,西向,城市快速路,4,32,77.67,14.13,4.64,0,0,0,0,0,0,0
2026-03-04 05:30:00,D02,S02,西向,城市快速路,4,37,85.04,15.55,4.23,0,0,0,0,0,0,0
2026-03-04 05:45:00,D02,S02,西向,城市快速路,4,34,80.53,13.45,4.47,0,0,0,0,0,0,0
2026-03-04 06:00:00,D02,S02,西向,城市快速路,4,37,75.44,14.91,4.77,1,0,0,0,0,0,0
2026-03-04 06:15:00,D02,S02,西向,城市快速路,4,37,70.07,12.49,5.14,1,0,0,0,0,1,0
2026-03-04 06:30:00,D02,S02,西向,城市快速路,4,51,73.34,17.23,4.91,1,0,0,0,0,1,0
2026-03-04 06:45:00,D02,S02,西向,城市快速路,4,52,81.32,15.7,4.43,1,0,0,0,0,0,0
2026-03-04 07:00:00,D02,S02,西向,城市快速路,4,59,70.29,22.3,5.12,1,0,0,1,0,1,0
2026-03-04 07:15:00,D02,S02,西向,城市快速路,4,49,73.02,17.65,4.93,1,0,0,1,0,1,0
2026-03-04 07:30:00,D02,S02,西向,城市快速路,4,64,71.08,21.97,5.06,1,0,0,1,0,1,0
2026-03-04 07:45:00,D02,S02,西向,城市快速路,4,80,66.8,24.58,5.39,1,0,0,1,0,1,1
2026-03-04 08:00:00,D02,S02,西向,城市快速路,4,87,68.86,26.73,5.23,1,0,0,1,0,1,1
2026-03-04 08:15:00,D02,S02,西向,城市快速路,4,79,69.49,24.01,5.18,1,0,0,1,0,1,1
2026-03-04 08:30:00,D02,S02,西向,城市快速路,4,79,67.4,21.91,5.34,1,0,0,1,0,1,1
2026-03-04 08:45:00,D02,S02,西向,城市快速路,4,77,77.17,22.79,4.66,1,0,0,1,0,0,0
2026-03-04 09:00:00,D02,S02,西向,城市快速路,4,67,68.81,19.91,5.23,1,0,0,1,0,1,1
2026-03-04 09:15:00,D02,S02,西向,城市快速路,4,68,74.8,26.59,4.81,1,0,0,1,0,1,0
2026-03-04 09:30:00,D02,S02,西向,城市快速路,4,51,79.64,19.91,4.52,1,0,0,0,0,0,0
2026-03-04 09:45:00,D02,S02,西向,城市快速路,4,57,74.16,20.69,4.85,1,0,0,0,0,1,0
2026-03-04 10:00:00,D02,S02,西向,城市快速路,4,44,76.88,16.86,4.68,1,0,0,0,0,0,0
2026-03-04 10:15:00,D02,S02,西向,城市快速路,4,30,75.91,15.11,4.74,1,0,0,0,0,0,0
2026-03-04 10:30:00,D02,S02,西向,城市快速路,4,34,80.62,13.89,4.47,1,0,0,0,0,0,0
2026-03-04 10:45:00,D02,S02,西向,城市快速路,4,31,76.56,12.5,4.7,1,0,0,0,0,0,0
2026-03-04 11:00:00,D02,S02,西向,城市快速路,4,26,84.08,11.56,4.28,1,0,0,0,0,0,0
2026-03-04 11:15:00,D02,S02,西向,城市快速路,4,22,81.58,12.29,4.41,1,0,0,0,0,0,0
2026-03-04 11:30:00,D02,S02,西向,城市快速路,4,31,78.65,11.13,4.58,1,0,0,0,0,0,0
2026-03-04 11:45:00,D02,S02,西向,城市快速路,4,20,83.3,8.03,4.32,1,0,0,0,0,0,0
2026-03-04 12:00:00,D02,S02,西向,城市快速路,4,26,72.8,15.06,4.95,1,0,0,0,0,1,0
2026-03-04 12:15:00,D02,S02,西向,城市快速路,4,23,87.48,14.09,4.12,0,0,0,0,0,0,0
2026-03-04 12:30:00,D02,S02,西向,城市快速路,4,28,80.29,7.84,4.48,0,0,0,0,0,0,0
2026-03-04 12:45:00,D02,S02,西向,城市快速路,4,20,88.87,12.73,4.05,0,0,0,0,0,0,0
2026-03-04 13:00:00,D02,S02,西向,城市快速路,4,31,81.37,12.02,4.42,0,0,0,0,0,0,0
2026-03-04 13:15:00,D02,S02,西向,城市快速路,4,38,79.61,14.89,4.52,0,0,0,0,0,0,0
2026-03-04 13:30:00,D02,S02,西向,城市快速路,4,32,88.78,10.32,4.06,0,0,0,0,0,0,0
2026-03-04 13:45:00,D02,S02,西向,城市快速路,4,28,84.56,9.64,4.26,0,0,0,0,0,0,0
2026-03-04 14:00:00,D02,S02,西向,城市快速路,4,31,90.76,10.15,3.97,0,0,0,0,0,0,0
2026-03-04 14:15:00,D02,S02,西向,城市快速路,4,28,76.07,15.5,4.73,0,0,0,0,0,0,0
2026-03-04 14:30:00,D02,S02,西向,城市快速路,4,41,79.23,18.89,4.54,0,0,0,0,0,0,0
2026-03-04 14:45:00,D02,S02,西向,城市快速路,4,33,86.45,17.71,4.16,0,0,0,0,0,0,0
2026-03-04 15:00:00,D02,S02,西向,城市快速路,4,41,89.25,15.29,4.03,0,0,0,0,0,0,0
2026-03-04 15:15:00,D02,S02,西向,城市快速路,4,42,73.7,14.16,4.88,0,0,0,0,0,1,0
2026-03-04 15:30:00,D02,S02,西向,城市快速路,4,50,89.37,15.58,4.03,0,0,0,0,0,0,0
2026-03-04 15:45:00,D02,S02,西向,城市快速路,4,50,83.77,20.12,4.3,0,0,0,0,0,0,0
2026-03-04 16:00:00,D02,S02,西向,城市快速路,4,51,73.23,18.41,4.92,1,0,0,0,0,1,0
2026-03-04 16:15:00,D02,S02,西向,城市快速路,4,66,79.39,22.79,4.53,1,0,0,0,0,0,0
2026-03-04 16:30:00,D02,S02,西向,城市快速路,4,80,75.21,21.71,4.79,1,0,0,1,0,0,0
2026-03-04 16:45:00,D02,S02,西向,城市快速路,4,69,76.05,24.74,4.73,1,0,0,1,0,0,0
2026-03-04 17:00:00,D02,S02,西向,城市快速路,4,84,69.4,24.53,5.19,1,0,0,1,0,1,1
2026-03-04 17:15:00,D02,S02,西向,城市快速路,4,77,69.08,28.67,5.21,1,0,0,1,0,1,1
2026-03-04 17:30:00,D02,S02,西向,城市快速路,4,94,67.5,28.17,5.33,1,0,0,1,0,1,1
2026-03-04 17:45:00,D02,S02,西向,城市快速路,4,82,66.82,27.12,5.39,1,0,0,1,0,1,1
2026-03-04 18:00:00,D02,S02,西向,城市快速路,4,78,67.48,22.85,5.34,1,0,0,1,0,1,1
2026-03-04 18:15:00,D02,S02,西向,城市快速路,4,84,72.5,26.43,4.97,1,0,0,1,0,1,0
2026-03-04 18:30:00,D02,S02,西向,城市快速路,4,71,66.29,23.51,5.43,1,0,0,1,0,1,1
2026-03-04 18:45:00,D02,S02,西向,城市快速路,4,64,72.05,22.72,5.0,1,0,0,1,0,1,0
2026-03-04 19:00:00,D02,S02,西向,城市快速路,4,63,73.88,21.79,4.87,1,0,0,1,0,1,0
2026-03-04 19:15:00,D02,S02,西向,城市快速路,4,51,73.78,16.87,4.88,1,0,0,1,0,1,0
2026-03-04 19:30:00,D02,S02,西向,城市快速路,4,43,77.25,18.75,4.66,1,0,0,0,0,0,0
2026-03-04 19:45:00,D02,S02,西向,城市快速路,4,41,77.97,16.52,4.62,1,0,0,0,0,0,0
2026-03-04 20:00:00,D02,S02,西向,城市快速路,4,35,76.02,15.95,4.74,1,0,0,0,0,0,0
2026-03-04 20:15:00,D02,S02,西向,城市快速路,4,30,77.01,14.03,4.67,1,0,0,0,0,0,0
2026-03-04 20:30:00,D02,S02,西向,城市快速路,4,34,74.65,13.33,4.82,1,0,0,0,0,1,0
2026-03-04 20:45:00,D02,S02,西向,城市快速路,4,31,72.11,13.01,4.99,1,0,0,0,0,1,0
2026-03-04 21:00:00,D02,S02,西向,城市快速路,4,28,80.34,13.34,4.48,1,0,0,0,0,0,0
2026-03-04 21:15:00,D02,S02,西向,城市快速路,4,22,90.89,12.33,3.96,0,0,0,0,0,0,0
2026-03-04 21:30:00,D02,S02,西向,城市快速路,4,27,94.61,13.81,3.81,0,0,0,0,0,0,0
2026-03-04 21:45:00,D02,S02,西向,城市快速路,4,34,84.08,12.86,4.28,0,0,0,0,0,0,0
2026-03-04 22:00:00,D02,S02,西向,城市快速路,4,30,82.21,12.43,4.38,0,0,0,0,0,0,0
2026-03-04 22:15:00,D02,S02,西向,城市快速路,4,26,81.67,12.8,4.41,0,0,0,0,0,0,0
2026-03-04 22:30:00,D02,S02,西向,城市快速路,4,27,80.03,12.61,4.5,0,0,0,0,0,0,0
2026-03-04 22:45:00,D02,S02,西向,城市快速路,4,23,96.0,14.15,3.75,0,0,0,0,0,0,0
2026-03-04 23:00:00,D02,S02,西向,城市快速路,4,28,87.25,11.85,4.13,0,0,0,0,0,0,0
2026-03-04 23:15:00,D02,S02,西向,城市快速路,4,23,81.97,12.09,4.39,0,0,0,0,0,0,0
2026-03-04 23:30:00,D02,S02,西向,城市快速路,4,21,82.73,10.19,4.35,0,0,0,0,0,0,0
2026-03-04 23:45:00,D02,S02,西向,城市快速路,4,29,86.89,9.95,4.14,0,0,0,0,0,0,0
2026-03-05 00:00:00,D02,S02,西向,城市快速路,4,20,84.99,12.19,4.24,0,0,0,0,0,0,0
2026-03-05 00:15:00,D02,S02,西向,城市快速路,4,30,86.19,13.49,4.18,0,0,0,0,0,0,0
2026-03-05 00:30:00,D02,S02,西向,城市快速路,4,32,84.49,10.58,4.26,0,0,0,0,0,0,0
2026-03-05 00:45:00,D02,S02,西向,城市快速路,4,27,79.23,10.8,4.54,0,0,0,0,0,0,0
2026-03-05 01:00:00,D02,S02,西向,城市快速路,4,35,88.95,12.92,4.05,0,0,0,0,0,0,0
2026-03-05 01:15:00,D02,S02,西向,城市快速路,4,31,90.43,12.96,3.98,0,0,0,0,0,0,0
2026-03-05 01:30:00,D02,S02,西向,城市快速路,4,28,90.76,14.09,3.97,0,0,0,0,0,0,0
2026-03-05 01:45:00,D02,S02,西向,城市快速路,4,32,87.09,12.49,4.13,0,0,0,0,0,0,0
2026-03-05 02:00:00,D02,S02,西向,城市快速路,4,26,85.99,11.68,4.19,0,0,0,0,0,0,0
2026-03-05 02:15:00,D02,S02,西向,城市快速路,4,36,87.05,12.96,4.14,0,0,0,0,0,0,0
2026-03-05 02:30:00,D02,S02,西向,城市快速路,4,31,91.09,12.08,3.95,0,0,0,0,0,0,0
2026-03-05 02:45:00,D02,S02,西向,城市快速路,4,30,87.47,10.08,4.12,0,0,0,0,0,0,0
2026-03-05 03:00:00,D02,S02,西向,城市快速路,4,34,79.93,13.37,4.5,0,0,0,0,0,0,0
2026-03-05 03:15:00,D02,S02,西向,城市快速路,4,32,80.69,13.45,4.46,0,0,0,0,0,0,0
2026-03-05 03:30:00,D02,S02,西向,城市快速路,4,28,88.15,10.88,4.08,0,0,0,0,0,0,0
2026-03-05 03:45:00,D02,S02,西向,城市快速路,4,35,79.21,14.57,4.54,0,0,0,0,0,0,0
2026-03-05 04:00:00,D02,S02,西向,城市快速路,4,34,88.84,14.44,4.05,0,0,0,0,0,0,0
2026-03-05 04:15:00,D02,S02,西向,城市快速路,4,38,84.38,12.23,4.27,0,0,0,0,0,0,0
2026-03-05 04:30:00,D02,S02,西向,城市快速路,4,20,84.44,9.0,4.26,0,0,0,0,0,0,0
2026-03-05 04:45:00,D02,S02,西向,城市快速路,4,33,87.31,10.86,4.12,0,0,0,0,0,0,0
2026-03-05 05:00:00,D02,S02,西向,城市快速路,4,29,84.87,13.26,4.24,0,0,0,0,0,0,0
2026-03-05 05:15:00,D02,S02,西向,城市快速路,4,22,87.47,10.2,4.12,0,0,0,0,0,0,0
2026-03-05 05:30:00,D02,S02,西向,城市快速路,4,45,80.36,14.79,4.48,0,0,0,0,0,0,0
2026-03-05 05:45:00,D02,S02,西向,城市快速路,4,27,89.32,14.4,4.03,0,0,0,0,0,0,0
2026-03-05 06:00:00,D02,S02,西向,城市快速路,4,30,84.36,6.65,4.27,0,0,0,0,0,0,0
2026-03-05 06:15:00,D02,S02,西向,城市快速路,4,28,85.82,13.66,4.19,0,0,0,0,0,0,0
2026-03-05 06:30:00,D02,S02,西向,城市快速路,4,43,81.0,16.38,4.44,0,0,0,0,0,0,0
2026-03-05 06:45:00,D02,S02,西向,城市快速路,4,52,73.84,19.97,4.88,0,0,0,0,0,1,0
2026-03-05 07:00:00,D02,S02,西向,城市快速路,4,58,82.92,21.04,4.34,0,0,0,1,0,0,0
2026-03-05 07:15:00,D02,S02,西向,城市快速路,4,69,87.02,21.72,4.14,0,0,0,1,0,0,0
2026-03-05 07:30:00,D02,S02,西向,城市快速路,4,83,74.56,26.19,4.83,0,0,0,1,0,1,0
2026-03-05 07:45:00,D02,S02,西向,城市快速路,4,87,69.1,22.84,5.21,0,0,0,1,0,1,1
2026-03-05 08:00:00,D02,S02,西向,城市快速路,4,79,83.72,25.37,4.3,0,0,0,1,0,0,0
2026-03-05 08:15:00,D02,S02,西向,城市快速路,4,88,73.92,29.92,4.87,0,0,0,1,0,1,0
2026-03-05 08:30:00,D02,S02,西向,城市快速路,4,79,69.74,20.74,5.16,0,0,0,1,0,1,1
2026-03-05 08:45:00,D02,S02,西向,城市快速路,4,69,82.92,21.16,4.34,0,0,0,1,0,0,0
2026-03-05 09:00:00,D02,S02,西向,城市快速路,4,74,74.58,23.38,4.83,0,0,0,1,0,1,0
2026-03-05 09:15:00,D02,S02,西向,城市快速路,4,59,84.66,21.16,4.25,0,0,0,1,0,0,0
2026-03-05 09:30:00,D02,S02,西向,城市快速路,4,60,87.26,22.27,4.13,0,0,0,0,0,0,0
2026-03-05 09:45:00,D02,S02,西向,城市快速路,4,48,83.68,17.05,4.3,0,0,0,0,0,0,0
2026-03-05 10:00:00,D02,S02,西向,城市快速路,4,39,83.98,16.03,4.29,0,0,0,0,0,0,0
2026-03-05 10:15:00,D02,S02,西向,城市快速路,4,33,85.44,15.03,4.21,0,0,0,0,0,0,0
2026-03-05 10:30:00,D02,S02,西向,城市快速路,4,34,86.92,13.31,4.14,0,0,0,0,0,0,0
2026-03-05 10:45:00,D02,S02,西向,城市快速路,4,37,75.16,14.95,4.79,0,0,0,0,0,0,0
2026-03-05 11:00:00,D02,S02,西向,城市快速路,4,30,92.51,11.21,3.89,0,0,0,0,0,0,0
2026-03-05 11:15:00,D02,S02,西向,城市快速路,4,39,77.83,15.86,4.63,0,0,0,0,0,0,0
2026-03-05 11:30:00,D02,S02,西向,城市快速路,4,21,85.49,9.5,4.21,0,0,0,0,0,0,0
2026-03-05 11:45:00,D02,S02,西向,城市快速路,4,37,88.1,12.78,4.09,0,0,0,0,0,0,0
2026-03-05 12:00:00,D02,S02,西向,城市快速路,4,36,73.67,11.95,4.89,0,0,0,0,0,1,0
2026-03-05 12:15:00,D02,S02,西向,城市快速路,4,23,82.52,14.64,4.36,0,0,0,0,0,0,0
2026-03-05 12:30:00,D02,S02,西向,城市快速路,4,28,80.41,15.21,4.48,0,0,0,0,0,0,0
2026-03-05 12:45:00,D02,S02,西向,城市快速路,4,33,81.22,14.12,4.43,0,0,0,0,0,0,0
2026-03-05 13:00:00,D02,S02,西向,城市快速路,4,23,85.87,13.51,4.19,0,0,0,0,0,0,0
2026-03-05 13:15:00,D02,S02,西向,城市快速路,4,31,80.9,13.85,4.45,0,0,0,0,0,0,0
2026-03-05 13:30:00,D02,S02,西向,城市快速路,4,26,84.57,15.49,4.26,0,0,0,0,0,0,0
2026-03-05 13:45:00,D02,S02,西向,城市快速路,4,26,73.89,12.91,4.87,0,0,0,0,0,1,0
2026-03-05 14:00:00,D02,S02,西向,城市快速路,4,33,80.11,14.99,4.49,0,0,0,0,0,0,0
2026-03-05 14:15:00,D02,S02,西向,城市快速路,4,29,87.45,13.07,4.12,0,0,0,0,0,0,0
2026-03-05 14:30:00,D02,S02,西向,城市快速路,4,27,86.06,12.24,4.18,0,0,0,0,0,0,0
2026-03-05 14:45:00,D02,S02,西向,城市快速路,4,33,88.42,14.29,4.07,0,0,0,0,0,0,0
2026-03-05 15:00:00,D02,S02,西向,城市快速路,4,32,82.37,12.15,4.37,0,0,0,0,0,0,0
2026-03-05 15:15:00,D02,S02,西向,城市快速路,4,37,85.18,14.45,4.23,0,0,0,0,0,0,0
2026-03-05 15:30:00,D02,S02,西向,城市快速路,4,38,79.41,11.63,4.53,0,0,0,0,0,0,0
2026-03-05 15:45:00,D02,S02,西向,城市快速路,4,59,88.83,21.52,4.05,0,0,0,0,0,0,0
2026-03-05 16:00:00,D02,S02,西向,城市快速路,4,61,81.98,21.4,4.39,0,0,0,0,0,0,0
2026-03-05 16:15:00,D02,S02,西向,城市快速路,4,60,79.02,18.63,4.56,0,0,0,0,0,0,0
2026-03-05 16:30:00,D02,S02,西向,城市快速路,4,71,82.83,23.07,4.35,0,0,0,1,0,0,0
2026-03-05 16:45:00,D02,S02,西向,城市快速路,4,78,73.69,24.82,4.89,0,0,0,1,0,1,0
2026-03-05 17:00:00,D02,S02,西向,城市快速路,4,83,75.62,28.37,4.76,0,0,0,1,0,0,0
2026-03-05 17:15:00,D02,S02,西向,城市快速路,4,95,74.22,28.63,4.85,0,0,0,1,0,1,0
2026-03-05 17:30:00,D02,S02,西向,城市快速路,4,89,70.97,27.51,5.07,0,0,0,1,0,1,0
2026-03-05 17:45:00,D02,S02,西向,城市快速路,4,76,82.43,27.16,4.37,0,0,0,1,0,0,0
2026-03-05 18:00:00,D02,S02,西向,城市快速路,4,88,81.31,24.89,4.43,0,0,0,1,0,0,0
2026-03-05 18:15:00,D02,S02,西向,城市快速路,4,88,76.61,25.09,4.7,0,0,0,1,0,0,0
2026-03-05 18:30:00,D02,S02,西向,城市快速路,4,76,80.12,25.17,4.49,0,0,0,1,0,0,0
2026-03-05 18:45:00,D02,S02,西向,城市快速路,4,65,80.15,23.41,4.49,0,0,0,1,0,0,0
2026-03-05 19:00:00,D02,S02,西向,城市快速路,4,56,86.14,20.63,4.18,0,0,0,1,0,0,0
2026-03-05 19:15:00,D02,S02,西向,城市快速路,4,51,84.41,14.2,4.26,0,0,0,1,0,0,0
2026-03-05 19:30:00,D02,S02,西向,城市快速路,4,45,82.54,11.0,4.36,0,0,0,0,0,0,0
2026-03-05 19:45:00,D02,S02,西向,城市快速路,4,34,84.21,15.93,4.28,0,0,0,0,0,0,0
2026-03-05 20:00:00,D02,S02,西向,城市快速路,4,42,88.36,17.3,4.07,0,0,0,0,0,0,0
2026-03-05 20:15:00,D02,S02,西向,城市快速路,4,38,89.01,16.61,4.04,0,0,0,0,0,0,0
2026-03-05 20:30:00,D02,S02,西向,城市快速路,4,34,82.35,15.0,4.37,0,0,0,0,0,0,0
2026-03-05 20:45:00,D02,S02,西向,城市快速路,4,37,90.37,16.43,3.98,0,0,0,0,0,0,0
2026-03-05 21:00:00,D02,S02,西向,城市快速路,4,22,88.78,8.62,4.06,0,0,0,0,0,0,0
2026-03-05 21:15:00,D02,S02,西向,城市快速路,4,30,83.23,11.99,4.33,0,0,0,0,0,0,0
2026-03-05 21:30:00,D02,S02,西向,城市快速路,4,32,83.59,13.17,4.31,0,0,0,0,0,0,0
2026-03-05 21:45:00,D02,S02,西向,城市快速路,4,36,87.92,17.07,4.09,0,0,0,0,0,0,0
2026-03-05 22:00:00,D02,S02,西向,城市快速路,4,33,86.9,16.02,4.14,0,0,0,0,0,0,0
2026-03-05 22:15:00,D02,S02,西向,城市快速路,4,21,79.21,11.77,4.54,0,0,0,0,0,0,0
2026-03-05 22:30:00,D02,S02,西向,城市快速路,4,33,76.42,14.07,4.71,0,0,0,0,0,0,0
2026-03-05 22:45:00,D02,S02,西向,城市快速路,4,29,81.82,12.15,4.4,0,0,0,0,0,0,0
2026-03-05 23:00:00,D02,S02,西向,城市快速路,4,32,87.63,11.83,4.11,0,0,0,0,0,0,0
2026-03-05 23:15:00,D02,S02,西向,城市快速路,4,30,93.71,13.5,3.84,0,0,0,0,0,0,0
2026-03-05 23:30:00,D02,S02,西向,城市快速路,4,30,92.19,13.53,3.9,0,0,0,0,0,0,0
2026-03-05 23:45:00,D02,S02,西向,城市快速路,4,24,81.07,15.39,4.44,0,0,0,0,0,0,0
2026-03-06 00:00:00,D02,S02,西向,城市快速路,4,36,85.27,10.67,4.22,0,0,0,0,0,0,0
2026-03-06 00:15:00,D02,S02,西向,城市快速路,4,31,83.97,12.89,4.29,0,0,0,0,0,0,0
2026-03-06 00:30:00,D02,S02,西向,城市快速路,4,36,80.61,12.1,4.47,0,0,0,0,0,0,0
2026-03-06 00:45:00,D02,S02,西向,城市快速路,4,33,73.05,14.0,4.93,0,0,0,0,0,1,0
2026-03-06 01:00:00,D02,S02,西向,城市快速路,4,37,93.05,15.92,3.87,0,0,0,0,0,0,0
2026-03-06 01:15:00,D02,S02,西向,城市快速路,4,22,86.97,14.95,4.14,0,0,0,0,0,0,0
2026-03-06 01:30:00,D02,S02,西向,城市快速路,4,40,86.51,15.52,4.16,0,0,0,0,0,0,0
2026-03-06 01:45:00,D02,S02,西向,城市快速路,4,18,81.78,8.28,4.4,0,0,0,0,0,0,0
2026-03-06 02:00:00,D02,S02,西向,城市快速路,4,32,88.05,10.75,4.09,0,0,0,0,0,0,0
2026-03-06 02:15:00,D02,S02,西向,城市快速路,4,26,82.69,14.16,4.35,0,0,0,0,0,0,0
2026-03-06 02:30:00,D02,S02,西向,城市快速路,4,25,88.8,9.9,4.05,0,0,0,0,0,0,0
2026-03-06 02:45:00,D02,S02,西向,城市快速路,4,26,90.56,16.86,3.98,0,0,0,0,0,0,0
2026-03-06 03:00:00,D02,S02,西向,城市快速路,4,38,82.67,18.01,4.35,0,0,0,0,0,0,0
2026-03-06 03:15:00,D02,S02,西向,城市快速路,4,26,85.17,11.79,4.23,0,0,0,0,0,0,0
2026-03-06 03:30:00,D02,S02,西向,城市快速路,4,31,81.62,10.75,4.41,0,0,0,0,0,0,0
2026-03-06 03:45:00,D02,S02,西向,城市快速路,4,31,81.09,11.76,4.44,0,0,0,0,0,0,0
2026-03-06 04:00:00,D02,S02,西向,城市快速路,4,27,80.96,11.08,4.45,0,0,0,0,0,0,0
2026-03-06 04:15:00,D02,S02,西向,城市快速路,4,36,80.33,17.36,4.48,0,0,0,0,0,0,0
2026-03-06 04:30:00,D02,S02,西向,城市快速路,4,26,84.41,10.26,4.27,0,0,0,0,0,0,0
2026-03-06 04:45:00,D02,S02,西向,城市快速路,4,40,82.38,14.66,4.37,0,0,0,0,0,0,0
2026-03-06 05:00:00,D02,S02,西向,城市快速路,4,32,80.12,13.38,4.49,0,0,0,0,0,0,0
2026-03-06 05:15:00,D02,S02,西向,城市快速路,4,30,89.34,14.86,4.03,0,0,0,0,0,0,0
2026-03-06 05:30:00,D02,S02,西向,城市快速路,4,27,75.9,11.05,4.74,0,0,0,0,0,0,0
2026-03-06 05:45:00,D02,S02,西向,城市快速路,4,31,90.79,15.52,3.97,0,0,0,0,0,0,0
2026-03-06 06:00:00,D02,S02,西向,城市快速路,4,31,84.58,14.55,4.26,0,0,0,0,0,0,0
2026-03-06 06:15:00,D02,S02,西向,城市快速路,4,43,76.37,17.85,4.71,0,0,0,0,0,0,0
2026-03-06 06:30:00,D02,S02,西向,城市快速路,4,50,86.23,17.59,4.17,0,0,0,0,0,0,0
2026-03-06 06:45:00,D02,S02,西向,城市快速路,4,45,81.96,12.35,4.39,0,0,0,0,0,0,0
2026-03-06 07:00:00,D02,S02,西向,城市快速路,4,50,87.53,15.21,4.11,0,0,0,1,0,0,0
2026-03-06 07:15:00,D02,S02,西向,城市快速路,4,68,83.58,19.23,4.31,0,0,0,1,0,0,0
2026-03-06 07:30:00,D02,S02,西向,城市快速路,4,86,72.97,23.14,4.93,0,0,0,1,0,1,0
2026-03-06 07:45:00,D02,S02,西向,城市快速路,4,87,74.55,24.96,4.83,0,0,0,1,0,1,0
2026-03-06 08:00:00,D02,S02,西向,城市快速路,4,89,72.78,22.99,4.95,0,0,0,1,0,1,0
2026-03-06 08:15:00,D02,S02,西向,城市快速路,4,79,80.81,26.42,4.45,0,0,0,1,0,0,0
2026-03-06 08:30:00,D02,S02,西向,城市快速路,4,83,78.96,23.17,4.56,0,0,0,1,0,0,0
2026-03-06 08:45:00,D02,S02,西向,城市快速路,4,77,80.73,23.93,4.46,0,0,0,1,0,0,0
2026-03-06 09:00:00,D02,S02,西向,城市快速路,4,78,81.55,24.34,4.41,0,0,0,1,0,0,0
2026-03-06 09:15:00,D02,S02,西向,城市快速路,4,61,80.83,19.37,4.45,0,0,0,1,0,0,0
2026-03-06 09:30:00,D02,S02,西向,城市快速路,4,62,83.77,19.86,4.3,0,0,0,0,0,0,0
2026-03-06 09:45:00,D02,S02,西向,城市快速路,4,45,83.69,16.48,4.3,0,0,0,0,0,0,0
2026-03-06 10:00:00,D02,S02,西向,城市快速路,4,49,86.43,16.63,4.17,0,0,0,0,0,0,0
2026-03-06 10:15:00,D02,S02,西向,城市快速路,4,40,86.47,16.56,4.16,0,0,0,0,0,0,0
2026-03-06 10:30:00,D02,S02,西向,城市快速路,4,35,85.9,16.75,4.19,0,0,0,0,0,0,0
2026-03-06 10:45:00,D02,S02,西向,城市快速路,4,41,85.9,18.01,4.19,0,0,0,0,0,0,0
2026-03-06 11:00:00,D02,S02,西向,城市快速路,4,30,82.8,9.4,4.35,0,0,0,0,0,0,0
2026-03-06 11:15:00,D02,S02,西向,城市快速路,4,26,87.66,11.67,4.11,0,0,0,0,0,0,0
2026-03-06 11:30:00,D02,S02,西向,城市快速路,4,38,82.81,11.29,4.35,0,0,0,0,0,0,0
2026-03-06 11:45:00,D02,S02,西向,城市快速路,4,36,80.72,12.21,4.46,0,0,0,0,0,0,0
2026-03-06 12:00:00,D02,S02,西向,城市快速路,4,35,81.78,10.52,4.4,0,0,0,0,0,0,0
2026-03-06 12:15:00,D02,S02,西向,城市快速路,4,24,80.07,11.24,4.5,0,0,0,0,0,0,0
2026-03-06 12:30:00,D02,S02,西向,城市快速路,4,26,81.98,9.99,4.39,0,0,0,0,0,0,0
2026-03-06 12:45:00,D02,S02,西向,城市快速路,4,32,80.94,13.16,4.45,0,0,0,0,0,0,0
2026-03-06 13:00:00,D02,S02,西向,城市快速路,4,27,82.68,10.26,4.35,0,0,0,0,0,0,0
2026-03-06 13:15:00,D02,S02,西向,城市快速路,4,33,81.34,11.36,4.43,0,0,0,0,0,0,0
2026-03-06 13:30:00,D02,S02,西向,城市快速路,4,34,89.3,15.73,4.03,0,0,0,0,0,0,0
2026-03-06 13:45:00,D02,S02,西向,城市快速路,4,33,85.18,13.05,4.23,0,0,0,0,0,0,0
2026-03-06 14:00:00,D02,S02,西向,城市快速路,4,32,85.1,11.89,4.23,0,0,0,0,0,0,0
2026-03-06 14:15:00,D02,S02,西向,城市快速路,4,31,81.97,14.2,4.39,0,0,0,0,0,0,0
2026-03-06 14:30:00,D02,S02,西向,城市快速路,4,28,86.02,16.12,4.19,0,0,0,0,0,0,0
2026-03-06 14:45:00,D02,S02,西向,城市快速路,4,39,88.48,17.53,4.07,0,0,0,0,0,0,0
2026-03-06 15:00:00,D02,S02,西向,城市快速路,4,34,81.98,10.55,4.39,0,0,0,0,0,0,0
2026-03-06 15:15:00,D02,S02,西向,城市快速路,4,47,83.94,13.41,4.29,0,0,0,0,0,0,0
2026-03-06 15:30:00,D02,S02,西向,城市快速路,4,41,87.56,13.93,4.11,0,0,0,0,0,0,0
2026-03-06 15:45:00,D02,S02,西向,城市快速路,4,37,83.34,16.76,4.32,0,0,0,0,0,0,0
2026-03-06 16:00:00,D02,S02,西向,城市快速路,4,47,91.55,18.01,3.93,0,0,0,0,0,0,0
2026-03-06 16:15:00,D02,S02,西向,城市快速路,4,65,81.0,19.82,4.44,0,0,0,0,0,0,0
2026-03-06 16:30:00,D02,S02,西向,城市快速路,4,69,86.2,25.78,4.18,0,0,0,1,0,0,0
2026-03-06 16:45:00,D02,S02,西向,城市快速路,4,70,82.73,20.31,4.35,0,0,0,1,0,0,0
2026-03-06 17:00:00,D02,S02,西向,城市快速路,4,78,82.17,21.59,4.38,0,0,0,1,0,0,0
2026-03-06 17:15:00,D02,S02,西向,城市快速路,4,90,78.6,27.38,4.58,0,0,0,1,0,0,0
2026-03-06 17:30:00,D02,S02,西向,城市快速路,4,91,71.02,27.66,5.07,0,0,0,1,0,1,0
2026-03-06 17:45:00,D02,S02,西向,城市快速路,4,87,73.03,22.41,4.93,0,0,0,1,0,1,0
2026-03-06 18:00:00,D02,S02,西向,城市快速路,4,84,72.46,25.86,4.97,0,0,0,1,0,1,0
2026-03-06 18:15:00,D02,S02,西向,城市快速路,4,77,79.94,22.86,4.5,0,0,0,1,0,0,0
2026-03-06 18:30:00,D02,S02,西向,城市快速路,4,75,77.98,24.72,4.62,0,0,0,1,0,0,0
2026-03-06 18:45:00,D02,S02,西向,城市快速路,4,65,89.11,23.4,4.04,0,0,0,1,0,0,0
2026-03-06 19:00:00,D02,S02,西向,城市快速路,4,64,84.1,22.1,4.28,0,0,0,1,0,0,0
2026-03-06 19:15:00,D02,S02,西向,城市快速路,4,50,89.05,14.73,4.04,0,0,0,1,0,0,0
2026-03-06 19:30:00,D02,S02,西向,城市快速路,4,46,81.29,21.05,4.43,0,0,0,0,0,0,0
2026-03-06 19:45:00,D02,S02,西向,城市快速路,4,48,88.03,14.28,4.09,0,0,0,0,0,0,0
2026-03-06 20:00:00,D02,S02,西向,城市快速路,4,29,84.28,12.27,4.27,0,0,0,0,0,0,0
2026-03-06 20:15:00,D02,S02,西向,城市快速路,4,45,85.15,17.99,4.23,0,0,0,0,0,0,0
2026-03-06 20:30:00,D02,S02,西向,城市快速路,4,33,84.98,16.6,4.24,0,0,0,0,0,0,0
2026-03-06 20:45:00,D02,S02,西向,城市快速路,4,36,90.78,14.25,3.97,0,0,0,0,0,0,0
2026-03-06 21:00:00,D02,S02,西向,城市快速路,4,26,84.31,13.16,4.27,0,0,0,0,0,0,0
2026-03-06 21:15:00,D02,S02,西向,城市快速路,4,32,82.66,9.7,4.36,0,0,0,0,0,0,0
2026-03-06 21:30:00,D02,S02,西向,城市快速路,4,40,83.12,18.39,4.33,0,0,0,0,0,0,0
2026-03-06 21:45:00,D02,S02,西向,城市快速路,4,29,84.15,10.83,4.28,0,0,0,0,0,0,0
2026-03-06 22:00:00,D02,S02,西向,城市快速路,4,32,91.73,12.58,3.92,0,0,0,0,0,0,0
2026-03-06 22:15:00,D02,S02,西向,城市快速路,4,26,86.12,12.64,4.18,0,0,0,0,0,0,0
2026-03-06 22:30:00,D02,S02,西向,城市快速路,4,29,82.5,13.87,4.36,0,0,0,0,0,0,0
2026-03-06 22:45:00,D02,S02,西向,城市快速路,4,30,74.05,12.16,4.86,0,0,0,0,0,1,0
2026-03-06 23:00:00,D02,S02,西向,城市快速路,4,27,80.25,11.26,4.49,0,0,0,0,0,0,0
2026-03-06 23:15:00,D02,S02,西向,城市快速路,4,31,82.81,14.77,4.35,0,0,0,0,0,0,0
2026-03-06 23:30:00,D02,S02,西向,城市快速路,4,24,77.78,13.05,4.63,0,0,0,0,0,0,0
2026-03-06 23:45:00,D02,S02,西向,城市快速路,4,27,83.94,13.93,4.29,0,0,0,0,0,0,0
2026-03-07 00:00:00,D02,S02,西向,城市快速路,4,31,90.18,12.07,3.99,0,0,1,0,0,0,0
2026-03-07 00:15:00,D02,S02,西向,城市快速路,4,22,81.2,8.0,4.43,0,0,1,0,0,0,0
2026-03-07 00:30:00,D02,S02,西向,城市快速路,4,17,82.9,9.92,4.34,0,0,1,0,0,0,0
2026-03-07 00:45:00,D02,S02,西向,城市快速路,4,13,83.51,7.18,4.31,0,0,1,0,0,0,0
2026-03-07 01:00:00,D02,S02,西向,城市快速路,4,19,83.78,10.43,4.3,0,0,1,0,0,0,0
2026-03-07 01:15:00,D02,S02,西向,城市快速路,4,28,82.85,12.94,4.35,0,0,1,0,0,0,0
2026-03-07 01:30:00,D02,S02,西向,城市快速路,4,21,91.65,13.19,3.93,0,0,1,0,0,0,0
2026-03-07 01:45:00,D02,S02,西向,城市快速路,4,19,82.36,12.69,4.37,0,0,1,0,0,0,0
2026-03-07 02:00:00,D02,S02,西向,城市快速路,4,16,80.82,8.29,4.45,0,0,1,0,0,0,0
2026-03-07 02:15:00,D02,S02,西向,城市快速路,4,29,88.19,14.82,4.08,0,0,1,0,0,0,0
2026-03-07 02:30:00,D02,S02,西向,城市快速路,4,19,80.61,9.03,4.47,0,0,1,0,0,0,0
2026-03-07 02:45:00,D02,S02,西向,城市快速路,4,40,85.83,10.79,4.19,0,0,1,0,0,0,0
2026-03-07 03:00:00,D02,S02,西向,城市快速路,4,25,87.59,11.07,4.11,0,0,1,0,0,0,0
2026-03-07 03:15:00,D02,S02,西向,城市快速路,4,23,86.57,10.58,4.16,0,0,1,0,0,0,0
2026-03-07 03:30:00,D02,S02,西向,城市快速路,4,23,90.59,9.92,3.97,0,0,1,0,0,0,0
2026-03-07 03:45:00,D02,S02,西向,城市快速路,4,20,88.62,10.88,4.06,0,0,1,0,0,0,0
2026-03-07 04:00:00,D02,S02,西向,城市快速路,4,14,86.67,7.09,4.15,0,0,1,0,0,0,0
2026-03-07 04:15:00,D02,S02,西向,城市快速路,4,20,81.9,13.0,4.4,0,0,1,0,0,0,0
2026-03-07 04:30:00,D02,S02,西向,城市快速路,4,15,85.34,10.85,4.22,0,0,1,0,0,0,0
2026-03-07 04:45:00,D02,S02,西向,城市快速路,4,21,80.76,11.19,4.46,0,0,1,0,0,0,0
2026-03-07 05:00:00,D02,S02,西向,城市快速路,4,23,85.26,12.15,4.22,0,0,1,0,0,0,0
2026-03-07 05:15:00,D02,S02,西向,城市快速路,4,33,89.91,12.2,4.0,0,0,1,0,0,0,0
2026-03-07 05:30:00,D02,S02,西向,城市快速路,4,22,90.34,10.01,3.99,0,0,1,0,0,0,0
2026-03-07 05:45:00,D02,S02,西向,城市快速路,4,28,81.92,12.16,4.39,0,0,1,0,0,0,0
2026-03-07 06:00:00,D02,S02,西向,城市快速路,4,31,83.3,12.04,4.32,0,0,1,0,0,0,0
2026-03-07 06:15:00,D02,S02,西向,城市快速路,4,28,89.58,12.05,4.02,0,0,1,0,0,0,0
2026-03-07 06:30:00,D02,S02,西向,城市快速路,4,38,84.2,14.51,4.28,0,0,1,0,0,0,0
2026-03-07 06:45:00,D02,S02,西向,城市快速路,4,34,89.06,13.11,4.04,0,0,1,0,0,0,0
2026-03-07 07:00:00,D02,S02,西向,城市快速路,4,46,92.38,19.84,3.9,0,0,1,1,0,0,0
2026-03-07 07:15:00,D02,S02,西向,城市快速路,4,51,80.61,17.75,4.47,0,0,1,1,0,0,0
2026-03-07 07:30:00,D02,S02,西向,城市快速路,4,54,88.81,23.96,4.05,0,0,1,1,0,0,0
2026-03-07 07:45:00,D02,S02,西向,城市快速路,4,59,83.23,21.3,4.33,0,0,1,1,0,0,0
2026-03-07 08:00:00,D02,S02,西向,城市快速路,4,67,80.08,18.87,4.5,0,0,1,1,0,0,0
2026-03-07 08:15:00,D02,S02,西向,城市快速路,4,65,82.29,18.3,4.37,0,0,1,1,0,0,0
2026-03-07 08:30:00,D02,S02,西向,城市快速路,4,44,77.45,14.64,4.65,0,0,1,1,0,0,0
2026-03-07 08:45:00,D02,S02,西向,城市快速路,4,47,82.65,18.77,4.36,0,0,1,1,0,0,0
2026-03-07 09:00:00,D02,S02,西向,城市快速路,4,55,80.38,13.88,4.48,0,0,1,1,0,0,0
2026-03-07 09:15:00,D02,S02,西向,城市快速路,4,49,75.74,14.75,4.75,0,0,1,1,0,0,0
2026-03-07 09:30:00,D02,S02,西向,城市快速路,4,50,87.97,16.44,4.09,0,0,1,0,0,0,0
2026-03-07 09:45:00,D02,S02,西向,城市快速路,4,37,80.79,12.9,4.46,0,0,1,0,0,0,0
2026-03-07 10:00:00,D02,S02,西向,城市快速路,4,32,82.97,15.96,4.34,0,0,1,0,0,0,0
2026-03-07 10:15:00,D02,S02,西向,城市快速路,4,32,91.53,11.23,3.93,0,0,1,0,0,0,0
2026-03-07 10:30:00,D02,S02,西向,城市快速路,4,27,89.14,12.0,4.04,0,0,1,0,0,0,0
2026-03-07 10:45:00,D02,S02,西向,城市快速路,4,25,88.45,9.04,4.07,0,0,1,0,0,0,0
2026-03-07 11:00:00,D02,S02,西向,城市快速路,4,26,81.17,9.43,4.44,0,0,1,0,0,0,0
2026-03-07 11:15:00,D02,S02,西向,城市快速路,4,24,85.44,11.41,4.21,0,0,1,0,0,0,0
2026-03-07 11:30:00,D02,S02,西向,城市快速路,4,25,85.56,13.31,4.21,0,0,1,0,0,0,0
2026-03-07 11:45:00,D02,S02,西向,城市快速路,4,10,86.1,9.22,4.18,0,0,1,0,0,0,0
2026-03-07 12:00:00,D02,S02,西向,城市快速路,4,17,86.56,14.88,4.16,0,0,1,0,0,0,0
2026-03-07 12:15:00,D02,S02,西向,城市快速路,4,26,85.03,9.28,4.23,0,0,1,0,0,0,0
2026-03-07 12:30:00,D02,S02,西向,城市快速路,4,21,83.46,13.44,4.31,0,0,1,0,0,0,0
2026-03-07 12:45:00,D02,S02,西向,城市快速路,4,21,82.61,5.9,4.36,0,0,1,0,0,0,0
2026-03-07 13:00:00,D02,S02,西向,城市快速路,4,19,87.77,11.62,4.1,0,0,1,0,0,0,0
2026-03-07 13:15:00,D02,S02,西向,城市快速路,4,24,86.63,12.17,4.16,0,0,1,0,0,0,0
2026-03-07 13:30:00,D02,S02,西向,城市快速路,4,33,90.65,13.86,3.97,0,0,1,0,0,0,0
2026-03-07 13:45:00,D02,S02,西向,城市快速路,4,18,79.14,10.76,4.55,0,0,1,0,0,0,0
2026-03-07 14:00:00,D02,S02,西向,城市快速路,4,34,82.23,14.59,4.38,0,0,1,0,0,0,0
2026-03-07 14:15:00,D02,S02,西向,城市快速路,4,14,78.87,6.53,4.56,0,0,1,0,0,0,0
2026-03-07 14:30:00,D02,S02,西向,城市快速路,4,33,88.4,13.3,4.07,0,0,1,0,0,0,0
2026-03-07 14:45:00,D02,S02,西向,城市快速路,4,25,91.56,10.0,3.93,0,0,1,0,0,0,0
2026-03-07 15:00:00,D02,S02,西向,城市快速路,4,26,79.87,13.4,4.51,0,0,1,0,0,0,0
2026-03-07 15:15:00,D02,S02,西向,城市快速路,4,28,86.29,15.05,4.17,0,0,1,0,0,0,0
2026-03-07 15:30:00,D02,S02,西向,城市快速路,4,30,81.75,17.1,4.4,0,0,1,0,0,0,0
2026-03-07 15:45:00,D02,S02,西向,城市快速路,4,42,86.57,12.78,4.16,0,0,1,0,0,0,0
2026-03-07 16:00:00,D02,S02,西向,城市快速路,4,31,88.5,7.13,4.07,0,0,1,0,0,0,0
2026-03-07 16:15:00,D02,S02,西向,城市快速路,4,57,79.38,20.68,4.54,0,0,1,0,0,0,0
2026-03-07 16:30:00,D02,S02,西向,城市快速路,4,56,86.08,16.59,4.18,0,0,1,1,0,0,0
2026-03-07 16:45:00,D02,S02,西向,城市快速路,4,54,77.98,19.39,4.62,0,0,1,1,0,0,0
2026-03-07 17:00:00,D02,S02,西向,城市快速路,4,67,82.8,27.02,4.35,0,0,1,1,0,0,0
2026-03-07 17:15:00,D02,S02,西向,城市快速路,4,66,81.52,20.59,4.42,0,0,1,1,0,0,0
2026-03-07 17:30:00,D02,S02,西向,城市快速路,4,73,80.09,20.04,4.5,0,0,1,1,0,0,0
2026-03-07 17:45:00,D02,S02,西向,城市快速路,4,64,82.65,22.41,4.36,0,0,1,1,0,0,0
2026-03-07 18:00:00,D02,S02,西向,城市快速路,4,66,84.56,16.96,4.26,0,0,1,1,0,0,0
2026-03-07 18:15:00,D02,S02,西向,城市快速路,4,65,80.96,21.98,4.45,0,0,1,1,0,0,0
2026-03-07 18:30:00,D02,S02,西向,城市快速路,4,70,78.8,18.34,4.57,0,0,1,1,0,0,0
2026-03-07 18:45:00,D02,S02,西向,城市快速路,4,48,75.46,18.66,4.77,0,0,1,1,0,0,0
2026-03-07 19:00:00,D02,S02,西向,城市快速路,4,57,78.88,19.35,4.56,0,0,1,1,0,0,0
2026-03-07 19:15:00,D02,S02,西向,城市快速路,4,40,84.09,10.49,4.28,0,0,1,1,0,0,0
2026-03-07 19:30:00,D02,S02,西向,城市快速路,4,38,92.36,20.88,3.9,0,0,1,0,0,0,0
2026-03-07 19:45:00,D02,S02,西向,城市快速路,4,45,85.42,15.79,4.21,0,0,1,0,0,0,0
2026-03-07 20:00:00,D02,S02,西向,城市快速路,4,27,83.25,10.82,4.32,0,0,1,0,0,0,0
2026-03-07 20:15:00,D02,S02,西向,城市快速路,4,25,89.09,10.95,4.04,0,0,1,0,0,0,0
2026-03-07 20:30:00,D02,S02,西向,城市快速路,4,31,81.17,12.72,4.44,0,0,1,0,0,0,0
2026-03-07 20:45:00,D02,S02,西向,城市快速路,4,28,82.75,13.13,4.35,0,0,1,0,0,0,0
2026-03-07 21:00:00,D02,S02,西向,城市快速路,4,19,80.69,13.01,4.46,0,0,1,0,0,0,0
2026-03-07 21:15:00,D02,S02,西向,城市快速路,4,21,79.31,11.3,4.54,0,0,1,0,0,0,0
2026-03-07 21:30:00,D02,S02,西向,城市快速路,4,29,78.37,10.87,4.59,0,0,1,0,0,0,0
2026-03-07 21:45:00,D02,S02,西向,城市快速路,4,24,90.96,11.37,3.96,0,0,1,0,0,0,0
2026-03-07 22:00:00,D02,S02,西向,城市快速路,4,26,87.22,8.41,4.13,0,0,1,0,0,0,0
2026-03-07 22:15:00,D02,S02,西向,城市快速路,4,27,82.72,10.53,4.35,0,0,1,0,0,0,0
2026-03-07 22:30:00,D02,S02,西向,城市快速路,4,32,84.67,14.49,4.25,0,0,1,0,0,0,0
2026-03-07 22:45:00,D02,S02,西向,城市快速路,4,30,80.93,13.03,4.45,0,0,1,0,0,0,0
2026-03-07 23:00:00,D02,S02,西向,城市快速路,4,34,83.95,10.52,4.29,0,0,1,0,0,0,0
2026-03-07 23:15:00,D02,S02,西向,城市快速路,4,25,94.12,14.82,3.82,0,0,1,0,0,0,0
2026-03-07 23:30:00,D02,S02,西向,城市快速路,4,34,78.13,17.84,4.61,0,0,1,0,0,0,0
2026-03-07 23:45:00,D02,S02,西向,城市快速路,4,17,85.35,10.78,4.22,0,0,1,0,0,0,0
2026-03-08 00:00:00,D02,S02,西向,城市快速路,4,13,87.48,13.73,4.12,0,0,1,0,0,0,0
2026-03-08 00:15:00,D02,S02,西向,城市快速路,4,20,89.74,11.98,4.01,0,0,1,0,0,0,0
2026-03-08 00:30:00,D02,S02,西向,城市快速路,4,42,81.04,15.13,4.44,0,0,1,0,0,0,0
2026-03-08 00:45:00,D02,S02,西向,城市快速路,4,31,80.63,12.85,4.47,0,0,1,0,0,0,0
2026-03-08 01:00:00,D02,S02,西向,城市快速路,4,27,86.24,12.01,4.17,0,0,1,0,0,0,0
2026-03-08 01:15:00,D02,S02,西向,城市快速路,4,15,87.58,12.99,4.11,0,0,1,0,0,0,0
2026-03-08 01:30:00,D02,S02,西向,城市快速路,4,21,86.42,8.89,4.17,0,0,1,0,0,0,0
2026-03-08 01:45:00,D02,S02,西向,城市快速路,4,23,79.98,10.15,4.5,0,0,1,0,0,0,0
2026-03-08 02:00:00,D02,S02,西向,城市快速路,4,15,89.59,6.29,4.02,0,0,1,0,0,0,0
2026-03-08 02:15:00,D02,S02,西向,城市快速路,4,18,83.87,7.87,4.29,0,0,1,0,0,0,0
2026-03-08 02:30:00,D02,S02,西向,城市快速路,4,25,84.35,14.92,4.27,0,0,1,0,0,0,0
2026-03-08 02:45:00,D02,S02,西向,城市快速路,4,11,82.74,7.0,4.35,0,0,1,0,0,0,0
2026-03-08 03:00:00,D02,S02,西向,城市快速路,4,17,75.76,11.51,4.75,0,0,1,0,0,0,0
2026-03-08 03:15:00,D02,S02,西向,城市快速路,4,19,88.99,8.39,4.05,0,0,1,0,0,0,0
2026-03-08 03:30:00,D02,S02,西向,城市快速路,4,18,84.18,11.78,4.28,0,0,1,0,0,0,0
2026-03-08 03:45:00,D02,S02,西向,城市快速路,4,24,90.33,12.39,3.99,0,0,1,0,0,0,0
2026-03-08 04:00:00,D02,S02,西向,城市快速路,4,20,87.74,9.0,4.1,0,0,1,0,0,0,0
2026-03-08 04:15:00,D02,S02,西向,城市快速路,4,9,87.27,7.89,4.13,0,0,1,0,0,0,0
2026-03-08 04:30:00,D02,S02,西向,城市快速路,4,22,84.83,13.87,4.24,0,0,1,0,0,0,0
2026-03-08 04:45:00,D02,S02,西向,城市快速路,4,26,79.9,8.65,4.51,0,0,1,0,0,0,0
2026-03-08 05:00:00,D02,S02,西向,城市快速路,4,24,86.5,9.45,4.16,0,0,1,0,0,0,0
2026-03-08 05:15:00,D02,S02,西向,城市快速路,4,24,87.44,8.76,4.12,0,0,1,0,0,0,0
2026-03-08 05:30:00,D02,S02,西向,城市快速路,4,21,92.37,10.71,3.9,0,0,1,0,0,0,0
2026-03-08 05:45:00,D02,S02,西向,城市快速路,4,25,85.74,13.78,4.2,0,0,1,0,0,0,0
2026-03-08 06:00:00,D02,S02,西向,城市快速路,4,21,90.59,6.64,3.97,0,0,1,0,0,0,0
2026-03-08 06:15:00,D02,S02,西向,城市快速路,4,34,80.81,15.4,4.46,0,0,1,0,0,0,0
2026-03-08 06:30:00,D02,S02,西向,城市快速路,4,36,89.13,11.33,4.04,0,0,1,0,0,0,0
2026-03-08 06:45:00,D02,S02,西向,城市快速路,4,46,86.08,17.76,4.18,0,0,1,0,0,0,0
2026-03-08 07:00:00,D02,S02,西向,城市快速路,4,50,79.2,18.58,4.55,0,0,1,1,0,0,0
2026-03-08 07:15:00,D02,S02,西向,城市快速路,4,53,79.26,20.16,4.54,0,0,1,1,0,0,0
2026-03-08 07:30:00,D02,S02,西向,城市快速路,4,54,82.77,18.87,4.35,0,0,1,1,0,0,0
2026-03-08 07:45:00,D02,S02,西向,城市快速路,4,69,73.24,23.64,4.92,0,0,1,1,0,1,0
2026-03-08 08:00:00,D02,S02,西向,城市快速路,4,64,81.3,20.91,4.43,0,0,1,1,0,0,0
2026-03-08 08:15:00,D02,S02,西向,城市快速路,4,57,73.05,17.92,4.93,0,0,1,1,0,1,0
2026-03-08 08:30:00,D02,S02,西向,城市快速路,4,57,84.25,18.86,4.27,0,0,1,1,0,0,0
2026-03-08 08:45:00,D02,S02,西向,城市快速路,4,56,83.68,21.05,4.3,0,0,1,1,0,0,0
2026-03-08 09:00:00,D02,S02,西向,城市快速路,4,48,74.75,17.17,4.82,0,0,1,1,0,1,0
2026-03-08 09:15:00,D02,S02,西向,城市快速路,4,49,79.24,16.93,4.54,0,0,1,1,0,0,0
2026-03-08 09:30:00,D02,S02,西向,城市快速路,4,43,82.0,16.88,4.39,0,0,1,0,0,0,0
2026-03-08 09:45:00,D02,S02,西向,城市快速路,4,34,81.68,14.07,4.41,0,0,1,0,0,0,0
2026-03-08 10:00:00,D02,S02,西向,城市快速路,4,32,90.5,13.08,3.98,0,0,1,0,0,0,0
2026-03-08 10:15:00,D02,S02,西向,城市快速路,4,23,92.5,9.4,3.89,0,0,1,0,0,0,0
2026-03-08 10:30:00,D02,S02,西向,城市快速路,4,28,84.04,15.21,4.28,0,0,1,0,0,0,0
2026-03-08 10:45:00,D02,S02,西向,城市快速路,4,25,90.05,14.97,4.0,0,0,1,0,0,0,0
2026-03-08 11:00:00,D02,S02,西向,城市快速路,4,25,88.35,13.82,4.07,0,0,1,0,0,0,0
2026-03-08 11:15:00,D02,S02,西向,城市快速路,4,30,86.26,9.52,4.17,0,0,1,0,0,0,0
2026-03-08 11:30:00,D02,S02,西向,城市快速路,4,29,95.25,10.83,3.78,0,0,1,0,0,0,0
2026-03-08 11:45:00,D02,S02,西向,城市快速路,4,18,83.13,11.03,4.33,0,0,1,0,0,0,0
2026-03-08 12:00:00,D02,S02,西向,城市快速路,4,22,92.37,7.58,3.9,0,0,1,0,0,0,0
2026-03-08 12:15:00,D02,S02,西向,城市快速路,4,12,85.29,8.05,4.22,0,0,1,0,0,0,0
2026-03-08 12:30:00,D02,S02,西向,城市快速路,4,15,88.54,11.37,4.07,0,0,1,0,0,0,0
2026-03-08 12:45:00,D02,S02,西向,城市快速路,4,19,89.79,12.99,4.01,0,0,1,0,0,0,0
2026-03-08 13:00:00,D02,S02,西向,城市快速路,4,16,87.2,10.88,4.13,0,0,1,0,0,0,0
2026-03-08 13:15:00,D02,S02,西向,城市快速路,4,22,83.42,8.34,4.32,0,0,1,0,0,0,0
2026-03-08 13:30:00,D02,S02,西向,城市快速路,4,33,90.51,14.06,3.98,0,0,1,0,0,0,0
2026-03-08 13:45:00,D02,S02,西向,城市快速路,4,25,82.73,11.84,4.35,0,0,1,0,0,0,0
2026-03-08 14:00:00,D02,S02,西向,城市快速路,4,33,80.39,10.4,4.48,0,0,1,0,0,0,0
2026-03-08 14:15:00,D02,S02,西向,城市快速路,4,16,87.86,8.14,4.1,0,0,1,0,0,0,0
2026-03-08 14:30:00,D02,S02,西向,城市快速路,4,13,86.44,11.76,4.16,0,0,1,0,0,0,0
2026-03-08 14:45:00,D02,S02,西向,城市快速路,4,27,88.58,14.53,4.06,0,0,1,0,0,0,0
2026-03-08 15:00:00,D02,S02,西向,城市快速路,4,29,87.95,14.44,4.09,0,0,1,0,0,0,0
2026-03-08 15:15:00,D02,S02,西向,城市快速路,4,29,80.43,12.71,4.48,0,0,1,0,0,0,0
2026-03-08 15:30:00,D02,S02,西向,城市快速路,4,35,87.12,14.9,4.13,0,0,1,0,0,0,0
2026-03-08 15:45:00,D02,S02,西向,城市快速路,4,39,83.68,17.86,4.3,0,0,1,0,0,0,0
2026-03-08 16:00:00,D02,S02,西向,城市快速路,4,51,89.31,16.73,4.03,0,0,1,0,1,0,0
2026-03-08 16:15:00,D02,S02,西向,城市快速路,4,48,82.82,15.72,4.35,0,0,1,0,0,0,0
2026-03-08 16:30:00,D02,S02,西向,城市快速路,4,56,83.73,22.01,4.3,0,0,1,1,0,0,0
2026-03-08 16:45:00,D02,S02,西向,城市快速路,4,66,81.02,22.32,4.44,0,0,1,1,0,0,0
2026-03-08 17:00:00,D02,S02,西向,城市快速路,4,59,83.87,20.59,4.29,0,0,1,1,0,0,0
2026-03-08 17:15:00,D02,S02,西向,城市快速路,4,75,87.83,19.09,4.1,0,0,1,1,0,0,0
2026-03-08 17:30:00,D02,S02,西向,城市快速路,4,80,70.5,24.37,5.11,0,0,1,1,0,1,0
2026-03-08 17:45:00,D02,S02,西向,城市快速路,4,81,74.42,21.34,4.84,0,0,1,1,0,1,0
2026-03-08 18:00:00,D02,S02,西向,城市快速路,4,67,78.67,22.94,4.58,0,0,1,1,0,0,0
2026-03-08 18:15:00,D02,S02,西向,城市快速路,4,66,87.61,24.7,4.11,0,0,1,1,0,0,0
2026-03-08 18:30:00,D02,S02,西向,城市快速路,4,55,81.53,21.87,4.42,0,0,1,1,0,0,0
2026-03-08 18:45:00,D02,S02,西向,城市快速路,4,63,77.11,22.65,4.67,0,0,1,1,0,0,0
2026-03-08 19:00:00,D02,S02,西向,城市快速路,4,48,80.83,14.39,4.45,0,0,1,1,0,0,0
2026-03-08 19:15:00,D02,S02,西向,城市快速路,4,44,75.38,18.51,4.78,0,0,1,1,0,0,0
2026-03-08 19:30:00,D02,S02,西向,城市快速路,4,41,76.72,13.53,4.69,0,0,1,0,0,0,0
2026-03-08 19:45:00,D02,S02,西向,城市快速路,4,35,80.74,13.1,4.46,0,0,1,0,0,0,0
2026-03-08 20:00:00,D02,S02,西向,城市快速路,4,26,85.22,9.74,4.22,0,0,1,0,0,0,0
2026-03-08 20:15:00,D02,S02,西向,城市快速路,4,32,85.32,13.5,4.22,0,0,1,0,0,0,0
2026-03-08 20:30:00,D02,S02,西向,城市快速路,4,36,94.45,13.65,3.81,0,0,1,0,0,0,0
2026-03-08 20:45:00,D02,S02,西向,城市快速路,4,18,81.17,11.47,4.44,0,0,1,0,0,0,0
2026-03-08 21:00:00,D02,S02,西向,城市快速路,4,15,87.76,10.97,4.1,0,0,1,0,0,0,0
2026-03-08 21:15:00,D02,S02,西向,城市快速路,4,17,83.62,9.3,4.31,0,0,1,0,0,0,0
2026-03-08 21:30:00,D02,S02,西向,城市快速路,4,14,94.44,9.37,3.81,0,0,1,0,0,0,0
2026-03-08 21:45:00,D02,S02,西向,城市快速路,4,18,91.48,10.95,3.94,0,0,1,0,0,0,0
2026-03-08 22:00:00,D02,S02,西向,城市快速路,4,22,80.9,12.34,4.45,0,0,1,0,0,0,0
2026-03-08 22:15:00,D02,S02,西向,城市快速路,4,18,79.65,10.9,4.52,0,0,1,0,0,0,0
2026-03-08 22:30:00,D02,S02,西向,城市快速路,4,30,85.06,15.51,4.23,0,0,1,0,0,0,0
2026-03-08 22:45:00,D02,S02,西向,城市快速路,4,25,87.11,11.24,4.13,0,0,1,0,0,0,0
2026-03-08 23:00:00,D02,S02,西向,城市快速路,4,25,89.88,7.46,4.01,0,0,1,0,0,0,0
2026-03-08 23:15:00,D02,S02,西向,城市快速路,4,14,91.99,7.08,3.91,0,0,1,0,0,0,0
2026-03-08 23:30:00,D02,S02,西向,城市快速路,4,29,85.61,14.89,4.21,0,0,1,0,0,0,0
2026-03-08 23:45:00,D02,S02,西向,城市快速路,4,34,90.73,14.5,3.97,0,0,1,0,0,0,0
2026-03-09 00:00:00,D02,S02,西向,城市快速路,4,34,78.65,13.75,4.58,0,0,0,0,0,0,0
2026-03-09 00:15:00,D02,S02,西向,城市快速路,4,20,86.26,15.05,4.17,0,0,0,0,0,0,0
2026-03-09 00:30:00,D02,S02,西向,城市快速路,4,31,90.12,18.66,3.99,0,0,0,0,0,0,0
2026-03-09 00:45:00,D02,S02,西向,城市快速路,4,22,85.96,11.8,4.19,0,0,0,0,0,0,0
2026-03-09 01:00:00,D02,S02,西向,城市快速路,4,23,88.65,9.13,4.06,0,0,0,0,0,0,0
2026-03-09 01:15:00,D02,S02,西向,城市快速路,4,25,90.95,13.93,3.96,0,0,0,0,0,0,0
2026-03-09 01:30:00,D02,S02,西向,城市快速路,4,32,85.2,11.92,4.23,0,0,0,0,0,0,0
2026-03-09 01:45:00,D02,S02,西向,城市快速路,4,27,83.95,10.68,4.29,0,0,0,0,0,0,0
2026-03-09 02:00:00,D02,S02,西向,城市快速路,4,27,84.01,9.54,4.29,0,0,0,0,0,0,0
2026-03-09 02:15:00,D02,S02,西向,城市快速路,4,25,80.69,11.17,4.46,0,0,0,0,0,0,0
2026-03-09 02:30:00,D02,S02,西向,城市快速路,4,33,82.32,13.05,4.37,0,0,0,0,0,0,0
2026-03-09 02:45:00,D02,S02,西向,城市快速路,4,25,77.62,12.2,4.64,0,0,0,0,0,0,0
2026-03-09 03:00:00,D02,S02,西向,城市快速路,4,31,84.72,12.96,4.25,0,0,0,0,0,0,0
2026-03-09 03:15:00,D02,S02,西向,城市快速路,4,27,86.18,13.82,4.18,0,0,0,0,0,0,0
2026-03-09 03:30:00,D02,S02,西向,城市快速路,4,20,81.12,9.09,4.44,0,0,0,0,0,0,0
2026-03-09 03:45:00,D02,S02,西向,城市快速路,4,22,86.78,10.9,4.15,0,0,0,0,0,0,0
2026-03-09 04:00:00,D02,S02,西向,城市快速路,4,43,83.81,16.88,4.3,0,0,0,0,0,0,0
2026-03-09 04:15:00,D02,S02,西向,城市快速路,4,30,93.86,9.96,3.84,0,0,0,0,0,0,0
2026-03-09 04:30:00,D02,S02,西向,城市快速路,4,26,91.49,11.73,3.93,0,0,0,0,0,0,0
2026-03-09 04:45:00,D02,S02,西向,城市快速路,4,37,87.64,11.46,4.11,0,0,0,0,0,0,0
2026-03-09 05:00:00,D02,S02,西向,城市快速路,4,23,84.86,11.41,4.24,0,0,0,0,0,0,0
2026-03-09 05:15:00,D02,S02,西向,城市快速路,4,28,84.82,13.03,4.24,0,0,0,0,0,0,0
2026-03-09 05:30:00,D02,S02,西向,城市快速路,4,35,80.96,14.69,4.45,0,0,0,0,0,0,0
2026-03-09 05:45:00,D02,S02,西向,城市快速路,4,31,89.12,13.36,4.04,0,0,0,0,0,0,0
2026-03-09 06:00:00,D02,S02,西向,城市快速路,4,33,75.63,13.16,4.76,1,0,0,0,0,0,0
2026-03-09 06:15:00,D02,S02,西向,城市快速路,4,44,79.55,12.06,4.53,1,0,0,0,0,0,0
2026-03-09 06:30:00,D02,S02,西向,城市快速路,4,51,70.0,16.69,5.14,1,0,0,0,0,1,1
2026-03-09 06:45:00,D02,S02,西向,城市快速路,4,58,78.48,22.43,4.59,1,0,0,0,0,0,0
2026-03-09 07:00:00,D02,S02,西向,城市快速路,4,55,72.79,20.59,4.95,1,0,0,1,0,1,0
2026-03-09 07:15:00,D02,S02,西向,城市快速路,4,72,69.6,19.95,5.17,1,0,0,1,0,1,1
2026-03-09 07:30:00,D02,S02,西向,城市快速路,4,61,75.38,18.19,4.78,1,0,0,1,0,0,0
2026-03-09 07:45:00,D02,S02,西向,城市快速路,4,72,67.51,27.83,5.33,1,0,0,1,0,1,1
2026-03-09 08:00:00,D02,S02,西向,城市快速路,4,74,75.49,21.74,4.77,1,0,0,1,0,0,0
2026-03-09 08:15:00,D02,S02,西向,城市快速路,4,85,71.55,25.3,5.03,1,0,0,1,0,1,0
2026-03-09 08:30:00,D02,S02,西向,城市快速路,4,90,61.74,23.71,5.83,1,0,0,1,0,1,1
2026-03-09 08:45:00,D02,S02,西向,城市快速路,4,69,76.65,22.79,4.7,1,0,0,1,0,0,0
2026-03-09 09:00:00,D02,S02,西向,城市快速路,4,55,71.7,18.82,5.02,1,0,0,1,0,1,0
2026-03-09 09:15:00,D02,S02,西向,城市快速路,4,55,76.3,18.65,4.72,1,0,0,1,0,0,0
2026-03-09 09:30:00,D02,S02,西向,城市快速路,4,68,58.8,22.86,6.12,1,0,0,0,0,1,1
2026-03-09 09:45:00,D02,S02,西向,城市快速路,4,57,79.18,17.8,4.55,1,0,0,0,0,0,0
2026-03-09 10:00:00,D02,S02,西向,城市快速路,4,39,77.69,17.5,4.63,1,0,0,0,0,0,0
2026-03-09 10:15:00,D02,S02,西向,城市快速路,4,45,71.69,16.5,5.02,1,0,0,0,0,1,0
2026-03-09 10:30:00,D02,S02,西向,城市快速路,4,31,77.81,13.25,4.63,1,0,0,0,0,0,0
2026-03-09 10:45:00,D02,S02,西向,城市快速路,4,24,82.83,9.99,4.35,1,0,0,0,0,0,0
2026-03-09 11:00:00,D02,S02,西向,城市快速路,4,24,77.02,12.0,4.67,1,0,0,0,0,0,0
2026-03-09 11:15:00,D02,S02,西向,城市快速路,4,22,77.14,10.95,4.67,1,0,0,0,0,0,0
2026-03-09 11:30:00,D02,S02,西向,城市快速路,4,23,76.28,11.53,4.72,1,0,0,0,0,0,0
2026-03-09 11:45:00,D02,S02,西向,城市快速路,4,34,76.84,14.2,4.69,1,0,0,0,0,0,0
2026-03-09 12:00:00,D02,S02,西向,城市快速路,4,27,83.83,14.94,4.29,1,0,0,0,0,0,0
2026-03-09 12:15:00,D02,S02,西向,城市快速路,4,28,87.55,13.98,4.11,0,0,0,0,0,0,0
2026-03-09 12:30:00,D02,S02,西向,城市快速路,4,22,90.06,9.91,4.0,0,0,0,0,0,0,0
2026-03-09 12:45:00,D02,S02,西向,城市快速路,4,42,78.7,11.73,4.57,0,0,0,0,0,0,0
2026-03-09 13:00:00,D02,S02,西向,城市快速路,4,23,86.67,10.32,4.15,0,0,0,0,0,0,0
2026-03-09 13:15:00,D02,S02,西向,城市快速路,4,25,79.9,15.18,4.51,0,0,0,0,0,0,0
2026-03-09 13:30:00,D02,S02,西向,城市快速路,4,31,83.31,8.49,4.32,0,0,0,0,0,0,0
2026-03-09 13:45:00,D02,S02,西向,城市快速路,4,28,88.3,8.44,4.08,0,0,0,0,0,0,0
2026-03-09 14:00:00,D02,S02,西向,城市快速路,4,33,92.65,18.42,3.89,0,0,0,0,0,0,0
2026-03-09 14:15:00,D02,S02,西向,城市快速路,4,31,84.25,10.04,4.27,0,0,0,0,0,0,0
2026-03-09 14:30:00,D02,S02,西向,城市快速路,4,26,91.12,14.18,3.95,0,0,0,0,0,0,0
2026-03-09 14:45:00,D02,S02,西向,城市快速路,4,32,82.95,13.02,4.34,0,0,0,0,0,0,0
2026-03-09 15:00:00,D02,S02,西向,城市快速路,4,27,80.87,17.16,4.45,0,0,0,0,0,0,0
2026-03-09 15:15:00,D02,S02,西向,城市快速路,4,38,82.37,11.38,4.37,0,0,0,0,0,0,0
2026-03-09 15:30:00,D02,S02,西向,城市快速路,4,41,85.47,15.56,4.21,0,0,0,0,0,0,0
2026-03-09 15:45:00,D02,S02,西向,城市快速路,4,52,87.64,16.47,4.11,0,0,0,0,0,0,0
2026-03-09 16:00:00,D02,S02,西向,城市快速路,4,61,79.62,21.62,4.52,1,0,0,0,0,0,0
2026-03-09 16:15:00,D02,S02,西向,城市快速路,4,61,80.85,21.16,4.45,1,0,0,0,0,0,0
2026-03-09 16:30:00,D02,S02,西向,城市快速路,4,65,76.58,21.53,4.7,1,0,0,1,0,0,0
2026-03-09 16:45:00,D02,S02,西向,城市快速路,4,72,79.88,21.56,4.51,1,0,0,1,0,0,0
2026-03-09 17:00:00,D02,S02,西向,城市快速路,4,87,72.82,25.68,4.94,1,0,0,1,0,1,0
2026-03-09 17:15:00,D02,S02,西向,城市快速路,4,85,76.22,23.9,4.72,1,0,0,1,0,0,0
2026-03-09 17:30:00,D02,S02,西向,城市快速路,4,91,67.52,25.42,5.33,1,0,0,1,0,1,1
2026-03-09 17:45:00,D02,S02,西向,城市快速路,4,93,61.96,26.47,5.81,1,0,0,1,0,1,1
2026-03-09 18:00:00,D02,S02,西向,城市快速路,4,100,60.39,27.13,5.96,1,0,0,1,0,1,1
2026-03-09 18:15:00,D02,S02,西向,城市快速路,4,85,71.29,29.8,5.05,1,0,0,1,0,1,0
2026-03-09 18:30:00,D02,S02,西向,城市快速路,4,66,71.5,21.2,5.03,1,0,0,1,0,1,0
2026-03-09 18:45:00,D02,S02,西向,城市快速路,4,77,76.5,23.65,4.71,1,0,0,1,0,0,0
2026-03-09 19:00:00,D02,S02,西向,城市快速路,4,63,77.11,20.96,4.67,1,0,0,1,0,0,0
2026-03-09 19:15:00,D02,S02,西向,城市快速路,4,50,73.02,17.1,4.93,1,0,0,1,0,1,0
2026-03-09 19:30:00,D02,S02,西向,城市快速路,4,47,68.56,16.71,5.25,1,0,0,0,0,1,1
2026-03-09 19:45:00,D02,S02,西向,城市快速路,4,43,76.66,18.08,4.7,1,0,0,0,0,0,0
2026-03-09 20:00:00,D02,S02,西向,城市快速路,4,38,75.87,13.48,4.75,1,0,0,0,0,0,0
2026-03-09 20:15:00,D02,S02,西向,城市快速路,4,44,82.46,18.06,4.37,1,0,0,0,0,0,0
2026-03-09 20:30:00,D02,S02,西向,城市快速路,4,39,73.34,11.79,4.91,1,0,0,0,0,1,0
2026-03-09 20:45:00,D02,S02,西向,城市快速路,4,28,77.38,13.89,4.65,1,0,0,0,0,0,0
2026-03-09 21:00:00,D02,S02,西向,城市快速路,4,35,80.19,19.69,4.49,1,0,0,0,0,0,0
2026-03-09 21:15:00,D02,S02,西向,城市快速路,4,30,83.76,9.47,4.3,0,0,0,0,0,0,0
2026-03-09 21:30:00,D02,S02,西向,城市快速路,4,28,81.19,15.03,4.43,0,0,0,0,0,0,0
2026-03-09 21:45:00,D02,S02,西向,城市快速路,4,42,85.02,15.86,4.23,0,0,0,0,0,0,0
2026-03-09 22:00:00,D02,S02,西向,城市快速路,4,31,87.79,15.68,4.1,0,0,0,0,0,0,0
2026-03-09 22:15:00,D02,S02,西向,城市快速路,4,22,85.4,10.69,4.22,0,0,0,0,0,0,0
2026-03-09 22:30:00,D02,S02,西向,城市快速路,4,29,82.98,15.72,4.34,0,0,0,0,0,0,0
2026-03-09 22:45:00,D02,S02,西向,城市快速路,4,36,76.54,9.37,4.7,0,0,0,0,0,0,0
2026-03-09 23:00:00,D02,S02,西向,城市快速路,4,26,87.33,14.4,4.12,0,0,0,0,0,0,0
2026-03-09 23:15:00,D02,S02,西向,城市快速路,4,27,85.59,13.11,4.21,0,0,0,0,0,0,0
2026-03-09 23:30:00,D02,S02,西向,城市快速路,4,33,84.34,13.01,4.27,0,0,0,0,0,0,0
2026-03-09 23:45:00,D02,S02,西向,城市快速路,4,22,77.4,9.0,4.65,0,0,0,0,0,0,0
2026-03-10 00:00:00,D02,S02,西向,城市快速路,4,21,81.04,12.24,4.44,0,0,0,0,0,0,0
2026-03-10 00:15:00,D02,S02,西向,城市快速路,4,39,77.93,14.27,4.62,0,0,0,0,0,0,0
2026-03-10 00:30:00,D02,S02,西向,城市快速路,4,29,88.9,13.62,4.05,0,0,0,0,0,0,0
2026-03-10 00:45:00,D02,S02,西向,城市快速路,4,27,88.16,11.68,4.08,0,0,0,0,0,0,0
2026-03-10 01:00:00,D02,S02,西向,城市快速路,4,31,94.93,13.58,3.79,0,0,0,0,0,0,0
2026-03-10 01:15:00,D02,S02,西向,城市快速路,4,20,85.27,14.34,4.22,0,0,0,0,0,0,0
2026-03-10 01:30:00,D02,S02,西向,城市快速路,4,39,86.74,14.07,4.15,0,0,0,0,0,0,0
2026-03-10 01:45:00,D02,S02,西向,城市快速路,4,32,88.14,13.84,4.08,0,0,0,0,0,0,0
2026-03-10 02:00:00,D02,S02,西向,城市快速路,4,28,83.85,12.94,4.29,0,0,0,0,0,0,0
2026-03-10 02:15:00,D02,S02,西向,城市快速路,4,27,82.35,13.78,4.37,0,0,0,0,0,0,0
2026-03-10 02:30:00,D02,S02,西向,城市快速路,4,38,80.65,14.45,4.46,0,0,0,0,0,0,0
2026-03-10 02:45:00,D02,S02,西向,城市快速路,4,20,88.4,10.04,4.07,0,0,0,0,0,0,0
2026-03-10 03:00:00,D02,S02,西向,城市快速路,4,36,90.78,11.19,3.97,0,0,0,0,0,0,0
2026-03-10 03:15:00,D02,S02,西向,城市快速路,4,38,84.34,11.77,4.27,0,0,0,0,0,0,0
2026-03-10 03:30:00,D02,S02,西向,城市快速路,4,25,85.01,11.96,4.23,0,0,0,0,0,0,0
2026-03-10 03:45:00,D02,S02,西向,城市快速路,4,29,82.59,13.35,4.36,0,0,0,0,0,0,0
2026-03-10 04:00:00,D02,S02,西向,城市快速路,4,25,85.61,8.81,4.21,0,0,0,0,0,0,0
2026-03-10 04:15:00,D02,S02,西向,城市快速路,4,21,82.73,10.32,4.35,0,0,0,0,0,0,0
2026-03-10 04:30:00,D02,S02,西向,城市快速路,4,33,86.16,13.34,4.18,0,0,0,0,0,0,0
2026-03-10 04:45:00,D02,S02,西向,城市快速路,4,26,96.0,8.21,3.75,0,0,0,0,0,0,0
2026-03-10 05:00:00,D02,S02,西向,城市快速路,4,28,81.69,10.16,4.41,0,0,0,0,0,0,0
2026-03-10 05:15:00,D02,S02,西向,城市快速路,4,38,85.43,17.2,4.21,0,0,0,0,0,0,0
2026-03-10 05:30:00,D02,S02,西向,城市快速路,4,30,80.0,10.98,4.5,0,0,0,0,0,0,0
2026-03-10 05:45:00,D02,S02,西向,城市快速路,4,46,77.27,17.01,4.66,0,0,0,0,0,0,0
2026-03-10 06:00:00,D02,S02,西向,城市快速路,4,33,85.71,12.96,4.2,0,0,0,0,0,0,0
2026-03-10 06:15:00,D02,S02,西向,城市快速路,4,23,85.69,9.38,4.2,0,0,0,0,0,0,0
2026-03-10 06:30:00,D02,S02,西向,城市快速路,4,35,86.25,11.86,4.17,0,0,0,0,0,0,0
2026-03-10 06:45:00,D02,S02,西向,城市快速路,4,49,77.04,18.57,4.67,0,0,0,0,0,0,0
2026-03-10 07:00:00,D02,S02,西向,城市快速路,4,65,82.23,19.25,4.38,0,0,0,1,0,0,0
2026-03-10 07:15:00,D02,S02,西向,城市快速路,4,66,84.53,19.9,4.26,0,0,0,1,0,0,0
2026-03-10 07:30:00,D02,S02,西向,城市快速路,4,77,72.13,19.48,4.99,0,0,0,1,0,1,0
2026-03-10 07:45:00,D02,S02,西向,城市快速路,4,93,67.28,30.51,5.35,0,0,0,1,0,1,1
2026-03-10 08:00:00,D02,S02,西向,城市快速路,4,84,79.25,25.2,4.54,0,0,0,1,0,0,0
2026-03-10 08:15:00,D02,S02,西向,城市快速路,4,89,74.0,25.02,4.86,0,0,0,1,0,1,0
2026-03-10 08:30:00,D02,S02,西向,城市快速路,4,77,78.33,23.81,4.6,0,0,0,1,0,0,0
2026-03-10 08:45:00,D02,S02,西向,城市快速路,4,81,74.25,23.44,4.85,0,0,0,1,0,1,0
2026-03-10 09:00:00,D02,S02,西向,城市快速路,4,68,76.29,21.7,4.72,0,0,0,1,0,0,0
2026-03-10 09:15:00,D02,S02,西向,城市快速路,4,52,73.01,20.28,4.93,0,0,0,1,0,1,0
2026-03-10 09:30:00,D02,S02,西向,城市快速路,4,50,78.05,18.42,4.61,0,0,0,0,0,0,0
2026-03-10 09:45:00,D02,S02,西向,城市快速路,4,53,80.87,22.22,4.45,0,0,0,0,0,0,0
2026-03-10 10:00:00,D02,S02,西向,城市快速路,4,39,86.2,17.26,4.18,0,0,0,0,0,0,0
2026-03-10 10:15:00,D02,S02,西向,城市快速路,4,48,84.96,17.49,4.24,0,0,0,0,0,0,0
2026-03-10 10:30:00,D02,S02,西向,城市快速路,4,34,85.91,9.8,4.19,0,0,0,0,0,0,0
2026-03-10 10:45:00,D02,S02,西向,城市快速路,4,35,90.93,13.57,3.96,0,0,0,0,0,0,0
2026-03-10 11:00:00,D02,S02,西向,城市快速路,4,33,83.88,15.98,4.29,0,0,0,0,0,0,0
2026-03-10 11:15:00,D02,S02,西向,城市快速路,4,34,92.07,11.06,3.91,0,0,0,0,0,0,0
2026-03-10 11:30:00,D02,S02,西向,城市快速路,4,35,80.43,15.44,4.48,0,0,0,0,0,0,0
2026-03-10 11:45:00,D02,S02,西向,城市快速路,4,24,81.42,12.73,4.42,0,0,0,0,0,0,0
2026-03-10 12:00:00,D02,S02,西向,城市快速路,4,21,78.55,11.2,4.58,0,0,0,0,0,0,0
2026-03-10 12:15:00,D02,S02,西向,城市快速路,4,35,83.49,9.76,4.31,0,0,0,0,0,0,0
2026-03-10 12:30:00,D02,S02,西向,城市快速路,4,23,86.08,12.53,4.18,0,0,0,0,0,0,0
2026-03-10 12:45:00,D02,S02,西向,城市快速路,4,29,83.44,16.59,4.31,0,0,0,0,0,0,0
2026-03-10 13:00:00,D02,S02,西向,城市快速路,4,30,85.25,15.5,4.22,0,0,0,0,0,0,0
2026-03-10 13:15:00,D02,S02,西向,城市快速路,4,31,81.77,12.35,4.4,0,0,0,0,0,0,0
2026-03-10 13:30:00,D02,S02,西向,城市快速路,4,29,85.59,12.78,4.21,0,0,0,0,0,0,0
2026-03-10 13:45:00,D02,S02,西向,城市快速路,4,40,80.4,16.23,4.48,0,0,0,0,0,0,0
2026-03-10 14:00:00,D02,S02,西向,城市快速路,4,29,79.81,11.35,4.51,0,0,0,0,0,0,0
2026-03-10 14:15:00,D02,S02,西向,城市快速路,4,27,86.56,10.21,4.16,0,0,0,0,0,0,0
2026-03-10 14:30:00,D02,S02,西向,城市快速路,4,32,84.61,13.06,4.25,0,0,0,0,0,0,0
2026-03-10 14:45:00,D02,S02,西向,城市快速路,4,25,80.46,9.21,4.47,0,0,0,0,0,0,0
2026-03-10 15:00:00,D02,S02,西向,城市快速路,4,31,89.38,14.53,4.03,0,0,0,0,0,0,0
2026-03-10 15:15:00,D02,S02,西向,城市快速路,4,43,83.95,12.04,4.29,0,0,0,0,0,0,0
2026-03-10 15:30:00,D02,S02,西向,城市快速路,4,43,81.7,20.1,4.41,0,0,0,0,0,0,0
2026-03-10 15:45:00,D02,S02,西向,城市快速路,4,48,81.82,15.33,4.4,0,0,0,0,0,0,0
2026-03-10 16:00:00,D02,S02,西向,城市快速路,4,61,89.4,20.1,4.03,0,0,0,0,0,0,0
2026-03-10 16:15:00,D02,S02,西向,城市快速路,4,66,76.29,19.31,4.72,0,0,0,0,0,0,0
2026-03-10 16:30:00,D02,S02,西向,城市快速路,4,67,83.15,25.04,4.33,0,0,0,1,0,0,0
2026-03-10 16:45:00,D02,S02,西向,城市快速路,4,78,75.67,25.94,4.76,0,0,0,1,0,0,0
2026-03-10 17:00:00,D02,S02,西向,城市快速路,4,87,72.73,23.75,4.95,0,0,0,1,0,1,0
2026-03-10 17:15:00,D02,S02,西向,城市快速路,4,81,75.28,21.88,4.78,0,0,0,1,0,0,0
2026-03-10 17:30:00,D02,S02,西向,城市快速路,4,88,76.07,27.07,4.73,0,0,0,1,0,0,0
2026-03-10 17:45:00,D02,S02,西向,城市快速路,4,86,73.78,26.87,4.88,0,0,0,1,0,1,0
2026-03-10 18:00:00,D02,S02,西向,城市快速路,4,84,78.66,24.34,4.58,0,0,0,1,0,0,0
2026-03-10 18:15:00,D02,S02,西向,城市快速路,4,89,78.17,28.69,4.61,0,0,0,1,0,0,0
2026-03-10 18:30:00,D02,S02,西向,城市快速路,4,75,72.66,22.27,4.95,0,0,0,1,0,1,0
2026-03-10 18:45:00,D02,S02,西向,城市快速路,4,71,80.88,25.76,4.45,0,0,0,1,0,0,0
2026-03-10 19:00:00,D02,S02,西向,城市快速路,4,56,78.53,19.41,4.58,0,0,0,1,0,0,0
2026-03-10 19:15:00,D02,S02,西向,城市快速路,4,48,89.53,16.32,4.02,0,0,0,1,0,0,0
2026-03-10 19:30:00,D02,S02,西向,城市快速路,4,50,78.57,20.31,4.58,0,0,0,0,0,0,0
2026-03-10 19:45:00,D02,S02,西向,城市快速路,4,43,85.56,18.05,4.21,0,0,0,0,0,0,0
2026-03-10 20:00:00,D02,S02,西向,城市快速路,4,40,83.52,12.32,4.31,0,0,0,0,0,0,0
2026-03-10 20:15:00,D02,S02,西向,城市快速路,4,49,80.02,14.49,4.5,0,0,0,0,0,0,0
2026-03-10 20:30:00,D02,S02,西向,城市快速路,4,25,84.44,10.81,4.26,0,0,0,0,0,0,0
2026-03-10 20:45:00,D02,S02,西向,城市快速路,4,31,77.99,14.22,4.62,0,0,0,0,0,0,0
2026-03-10 21:00:00,D02,S02,西向,城市快速路,4,23,84.38,12.42,4.27,0,0,0,0,0,0,0
2026-03-10 21:15:00,D02,S02,西向,城市快速路,4,15,82.64,10.37,4.36,0,0,0,0,0,0,0
2026-03-10 21:30:00,D02,S02,西向,城市快速路,4,38,88.63,13.99,4.06,0,0,0,0,0,0,0
2026-03-10 21:45:00,D02,S02,西向,城市快速路,4,33,86.59,15.44,4.16,0,0,0,0,0,0,0
2026-03-10 22:00:00,D02,S02,西向,城市快速路,4,35,86.35,12.17,4.17,0,0,0,0,0,0,0
2026-03-10 22:15:00,D02,S02,西向,城市快速路,4,35,80.77,15.13,4.46,0,0,0,0,0,0,0
2026-03-10 22:30:00,D02,S02,西向,城市快速路,4,29,84.5,10.72,4.26,0,0,0,0,0,0,0
2026-03-10 22:45:00,D02,S02,西向,城市快速路,4,33,86.42,16.72,4.17,0,0,0,0,0,0,0
2026-03-10 23:00:00,D02,S02,西向,城市快速路,4,26,85.51,17.06,4.21,0,0,0,0,0,0,0
2026-03-10 23:15:00,D02,S02,西向,城市快速路,4,27,85.6,11.22,4.21,0,0,0,0,0,0,0
2026-03-10 23:30:00,D02,S02,西向,城市快速路,4,34,83.09,12.73,4.33,0,0,0,0,0,0,0
2026-03-10 23:45:00,D02,S02,西向,城市快速路,4,30,77.11,10.5,4.67,0,0,0,0,0,0,0
2026-03-11 00:00:00,D02,S02,西向,城市快速路,4,27,85.58,12.28,4.21,0,0,0,0,0,0,0
2026-03-11 00:15:00,D02,S02,西向,城市快速路,4,25,84.1,8.59,4.28,0,0,0,0,0,0,0
2026-03-11 00:30:00,D02,S02,西向,城市快速路,4,32,84.46,14.17,4.26,0,0,0,0,0,0,0
2026-03-11 00:45:00,D02,S02,西向,城市快速路,4,31,91.04,17.51,3.95,0,0,0,0,0,0,0
2026-03-11 01:00:00,D02,S02,西向,城市快速路,4,28,83.37,16.97,4.32,0,0,0,0,0,0,0
2026-03-11 01:15:00,D02,S02,西向,城市快速路,4,27,82.96,17.33,4.34,0,0,0,0,0,0,0
2026-03-11 01:30:00,D02,S02,西向,城市快速路,4,29,84.29,12.1,4.27,0,0,0,0,0,0,0
2026-03-11 01:45:00,D02,S02,西向,城市快速路,4,32,79.05,9.48,4.55,0,0,0,0,0,0,0
2026-03-11 02:00:00,D02,S02,西向,城市快速路,4,20,85.19,8.18,4.23,0,0,0,0,0,0,0
2026-03-11 02:15:00,D02,S02,西向,城市快速路,4,26,88.68,9.85,4.06,0,0,0,0,0,0,0
2026-03-11 02:30:00,D02,S02,西向,城市快速路,4,33,81.79,14.9,4.4,0,0,0,0,0,0,0
2026-03-11 02:45:00,D02,S02,西向,城市快速路,4,32,78.12,13.11,4.61,0,0,0,0,0,0,0
2026-03-11 03:00:00,D02,S02,西向,城市快速路,4,32,87.47,14.25,4.12,0,0,0,0,0,0,0
2026-03-11 03:15:00,D02,S02,西向,城市快速路,4,23,82.13,13.18,4.38,0,0,0,0,0,0,0
2026-03-11 03:30:00,D02,S02,西向,城市快速路,4,26,80.43,12.87,4.48,0,0,0,0,0,0,0
2026-03-11 03:45:00,D02,S02,西向,城市快速路,4,17,85.9,9.73,4.19,0,0,0,0,0,0,0
2026-03-11 04:00:00,D02,S02,西向,城市快速路,4,42,79.81,15.58,4.51,0,0,0,0,0,0,0
2026-03-11 04:15:00,D02,S02,西向,城市快速路,4,24,86.16,9.61,4.18,0,0,0,0,0,0,0
2026-03-11 04:30:00,D02,S02,西向,城市快速路,4,29,81.64,11.6,4.41,0,0,0,0,0,0,0
2026-03-11 04:45:00,D02,S02,西向,城市快速路,4,37,85.01,16.26,4.23,0,0,0,0,0,0,0
2026-03-11 05:00:00,D02,S02,西向,城市快速路,4,33,78.55,10.48,4.58,0,0,0,0,0,0,0
2026-03-11 05:15:00,D02,S02,西向,城市快速路,4,39,80.25,16.82,4.49,0,0,0,0,0,0,0
2026-03-11 05:30:00,D02,S02,西向,城市快速路,4,41,84.5,11.85,4.26,0,0,0,0,0,0,0
2026-03-11 05:45:00,D02,S02,西向,城市快速路,4,34,89.04,12.12,4.04,0,0,0,0,0,0,0
2026-03-11 06:00:00,D02,S02,西向,城市快速路,4,35,88.31,13.34,4.08,0,0,0,0,0,0,0
2026-03-11 06:15:00,D02,S02,西向,城市快速路,4,39,79.98,12.28,4.5,0,0,0,0,0,0,0
2026-03-11 06:30:00,D02,S02,西向,城市快速路,4,32,90.61,10.01,3.97,0,0,0,0,0,0,0
2026-03-11 06:45:00,D02,S02,西向,城市快速路,4,47,79.43,15.68,4.53,0,0,0,0,0,0,0
2026-03-11 07:00:00,D02,S02,西向,城市快速路,4,51,81.27,12.76,4.43,0,0,0,1,0,0,0
2026-03-11 07:15:00,D02,S02,西向,城市快速路,4,60,82.48,15.62,4.36,0,0,0,1,0,0,0
2026-03-11 07:30:00,D02,S02,西向,城市快速路,4,72,80.45,22.17,4.47,0,0,0,1,0,0,0
2026-03-11 07:45:00,D02,S02,西向,城市快速路,4,81,70.55,25.46,5.1,0,0,0,1,0,1,0
2026-03-11 08:00:00,D02,S02,西向,城市快速路,4,88,70.46,25.09,5.11,0,0,0,1,0,1,0
2026-03-11 08:15:00,D02,S02,西向,城市快速路,4,76,86.3,20.05,4.17,0,0,0,1,0,0,0
2026-03-11 08:30:00,D02,S02,西向,城市快速路,4,86,71.54,28.66,5.03,0,0,0,1,0,1,0
2026-03-11 08:45:00,D02,S02,西向,城市快速路,4,89,72.65,22.24,4.96,0,0,0,1,0,1,0
2026-03-11 09:00:00,D02,S02,西向,城市快速路,4,61,84.87,18.43,4.24,0,0,0,1,0,0,0
2026-03-11 09:15:00,D02,S02,西向,城市快速路,4,64,81.68,21.3,4.41,0,0,0,1,0,0,0
2026-03-11 09:30:00,D02,S02,西向,城市快速路,4,49,82.27,17.18,4.38,0,0,0,0,0,0,0
2026-03-11 09:45:00,D02,S02,西向,城市快速路,4,58,79.14,21.02,4.55,0,0,0,0,0,0,0
2026-03-11 10:00:00,D02,S02,西向,城市快速路,4,34,84.46,10.22,4.26,0,0,0,0,0,0,0
2026-03-11 10:15:00,D02,S02,西向,城市快速路,4,36,96.0,16.23,3.75,0,0,0,0,0,0,0
2026-03-11 10:30:00,D02,S02,西向,城市快速路,4,25,86.95,13.55,4.14,0,0,0,0,0,0,0
2026-03-11 10:45:00,D02,S02,西向,城市快速路,4,35,85.54,20.24,4.21,0,0,0,0,0,0,0
2026-03-11 11:00:00,D02,S02,西向,城市快速路,4,38,87.14,14.18,4.13,0,0,0,0,0,0,0
2026-03-11 11:15:00,D02,S02,西向,城市快速路,4,22,88.19,10.49,4.08,0,0,0,0,0,0,0
2026-03-11 11:30:00,D02,S02,西向,城市快速路,4,34,90.9,19.03,3.96,0,0,0,0,0,0,0
2026-03-11 11:45:00,D02,S02,西向,城市快速路,4,27,80.03,12.81,4.5,0,0,0,0,0,0,0
2026-03-11 12:00:00,D02,S02,西向,城市快速路,4,37,79.74,16.3,4.51,0,0,0,0,0,0,0
2026-03-11 12:15:00,D02,S02,西向,城市快速路,4,36,78.14,12.19,4.61,0,0,0,0,0,0,0
2026-03-11 12:30:00,D02,S02,西向,城市快速路,4,30,85.22,15.12,4.22,0,0,0,0,0,0,0
2026-03-11 12:45:00,D02,S02,西向,城市快速路,4,32,78.6,11.92,4.58,0,0,0,0,0,0,0
2026-03-11 13:00:00,D02,S02,西向,城市快速路,4,32,84.97,12.26,4.24,0,0,0,0,0,0,0
2026-03-11 13:15:00,D02,S02,西向,城市快速路,4,32,81.75,15.66,4.4,0,0,0,0,0,0,0
2026-03-11 13:30:00,D02,S02,西向,城市快速路,4,36,87.85,14.69,4.1,0,0,0,0,0,0,0
2026-03-11 13:45:00,D02,S02,西向,城市快速路,4,26,77.37,11.36,4.65,0,0,0,0,0,0,0
2026-03-11 14:00:00,D02,S02,西向,城市快速路,4,34,87.93,12.71,4.09,0,0,0,0,0,0,0
2026-03-11 14:15:00,D02,S02,西向,城市快速路,4,29,82.93,11.05,4.34,0,0,0,0,0,0,0
2026-03-11 14:30:00,D02,S02,西向,城市快速路,4,29,81.79,11.78,4.4,0,0,0,0,0,0,0
2026-03-11 14:45:00,D02,S02,西向,城市快速路,4,20,85.3,13.63,4.22,0,0,0,0,0,0,0
2026-03-11 15:00:00,D02,S02,西向,城市快速路,4,39,86.85,8.74,4.15,0,0,0,0,0,0,0
2026-03-11 15:15:00,D02,S02,西向,城市快速路,4,41,78.12,15.51,4.61,0,0,0,0,0,0,0
2026-03-11 15:30:00,D02,S02,西向,城市快速路,4,51,86.16,19.52,4.18,0,0,0,0,0,0,0
2026-03-11 15:45:00,D02,S02,西向,城市快速路,4,40,82.59,15.22,4.36,0,0,0,0,0,0,0
2026-03-11 16:00:00,D02,S02,西向,城市快速路,4,51,79.39,21.98,4.53,0,0,0,0,0,0,0
2026-03-11 16:15:00,D02,S02,西向,城市快速路,4,58,85.13,18.9,4.23,0,0,0,0,0,0,0
2026-03-11 16:30:00,D02,S02,西向,城市快速路,4,65,82.24,16.48,4.38,0,0,0,1,0,0,0
2026-03-11 16:45:00,D02,S02,西向,城市快速路,4,63,80.63,13.59,4.46,0,0,0,1,0,0,0
2026-03-11 17:00:00,D02,S02,西向,城市快速路,4,87,79.91,25.68,4.5,0,0,0,1,0,0,0
2026-03-11 17:15:00,D02,S02,西向,城市快速路,4,92,80.73,25.32,4.46,0,0,0,1,0,0,0
2026-03-11 17:30:00,D02,S02,西向,城市快速路,4,75,76.76,22.09,4.69,0,0,0,1,0,0,0
2026-03-11 17:45:00,D02,S02,西向,城市快速路,4,80,75.1,24.98,4.79,0,0,0,1,0,0,0
2026-03-11 18:00:00,D02,S02,西向,城市快速路,4,94,67.85,30.66,5.31,0,0,0,1,0,1,1
2026-03-11 18:15:00,D02,S02,西向,城市快速路,4,89,68.34,29.5,5.27,0,0,0,1,0,1,1
2026-03-11 18:30:00,D02,S02,西向,城市快速路,4,70,82.1,20.87,4.38,0,0,0,1,0,0,0
2026-03-11 18:45:00,D02,S02,西向,城市快速路,4,71,90.82,22.75,3.96,0,0,0,1,0,0,0
2026-03-11 19:00:00,D02,S02,西向,城市快速路,4,58,86.39,16.33,4.17,0,0,0,1,0,0,0
2026-03-11 19:15:00,D02,S02,西向,城市快速路,4,50,91.76,17.76,3.92,0,0,0,1,0,0,0
2026-03-11 19:30:00,D02,S02,西向,城市快速路,4,46,82.86,19.27,4.34,0,0,0,0,0,0,0
2026-03-11 19:45:00,D02,S02,西向,城市快速路,4,32,88.13,13.76,4.08,0,0,0,0,0,0,0
2026-03-11 20:00:00,D02,S02,西向,城市快速路,4,38,83.25,17.07,4.32,0,0,0,0,0,0,0
2026-03-11 20:15:00,D02,S02,西向,城市快速路,4,37,83.09,11.77,4.33,0,0,0,0,0,0,0
2026-03-11 20:30:00,D02,S02,西向,城市快速路,4,37,88.92,16.37,4.05,0,0,0,0,0,0,0
2026-03-11 20:45:00,D02,S02,西向,城市快速路,4,36,89.64,12.67,4.02,0,0,0,0,0,0,0
2026-03-11 21:00:00,D02,S02,西向,城市快速路,4,25,77.6,8.76,4.64,0,0,0,0,0,0,0
2026-03-11 21:15:00,D02,S02,西向,城市快速路,4,23,81.99,10.32,4.39,0,0,0,0,0,0,0
2026-03-11 21:30:00,D02,S02,西向,城市快速路,4,31,84.45,12.33,4.26,0,0,0,0,0,0,0
2026-03-11 21:45:00,D02,S02,西向,城市快速路,4,27,84.46,11.73,4.26,0,0,0,0,0,0,0
2026-03-11 22:00:00,D02,S02,西向,城市快速路,4,29,79.26,12.46,4.54,0,0,0,0,0,0,0
2026-03-11 22:15:00,D02,S02,西向,城市快速路,4,18,75.98,8.1,4.74,0,0,0,0,0,0,0
2026-03-11 22:30:00,D02,S02,西向,城市快速路,4,26,82.43,12.57,4.37,0,0,0,0,0,0,0
2026-03-11 22:45:00,D02,S02,西向,城市快速路,4,29,78.61,12.67,4.58,0,0,0,0,0,0,0
2026-03-11 23:00:00,D02,S02,西向,城市快速路,4,25,83.79,16.2,4.3,0,0,0,0,0,0,0
2026-03-11 23:15:00,D02,S02,西向,城市快速路,4,27,82.65,9.63,4.36,0,0,0,0,0,0,0
2026-03-11 23:30:00,D02,S02,西向,城市快速路,4,35,86.59,14.3,4.16,0,0,0,0,0,0,0
2026-03-11 23:45:00,D02,S02,西向,城市快速路,4,27,80.22,12.77,4.49,0,0,0,0,0,0,0
2026-03-12 00:00:00,D02,S02,西向,城市快速路,4,33,80.87,15.39,4.45,0,0,0,0,0,0,0
2026-03-12 00:15:00,D02,S02,西向,城市快速路,4,24,82.02,12.77,4.39,0,0,0,0,0,0,0
2026-03-12 00:30:00,D02,S02,西向,城市快速路,4,21,80.81,7.12,4.45,0,0,0,0,0,0,0
2026-03-12 00:45:00,D02,S02,西向,城市快速路,4,33,87.01,13.8,4.14,0,0,0,0,0,0,0
2026-03-12 01:00:00,D02,S02,西向,城市快速路,4,34,83.63,14.82,4.3,0,0,0,0,0,0,0
2026-03-12 01:15:00,D02,S02,西向,城市快速路,4,33,77.3,12.12,4.66,0,0,0,0,0,0,0
2026-03-12 01:30:00,D02,S02,西向,城市快速路,4,28,86.97,9.41,4.14,0,0,0,0,0,0,0
2026-03-12 01:45:00,D02,S02,西向,城市快速路,4,33,83.0,18.38,4.34,0,0,0,0,0,0,0
2026-03-12 02:00:00,D02,S02,西向,城市快速路,4,28,85.06,8.53,4.23,0,0,0,0,0,0,0
2026-03-12 02:15:00,D02,S02,西向,城市快速路,4,28,83.49,15.2,4.31,0,0,0,0,0,0,0
2026-03-12 02:30:00,D02,S02,西向,城市快速路,4,38,80.74,16.15,4.46,0,0,0,0,0,0,0
2026-03-12 02:45:00,D02,S02,西向,城市快速路,4,42,83.06,14.12,4.33,0,0,0,0,0,0,0
2026-03-12 03:00:00,D02,S02,西向,城市快速路,4,29,88.97,15.55,4.05,0,0,0,0,0,0,0
2026-03-12 03:15:00,D02,S02,西向,城市快速路,4,43,80.87,14.65,4.45,0,0,0,0,0,0,0
2026-03-12 03:30:00,D02,S02,西向,城市快速路,4,26,88.18,13.09,4.08,0,0,0,0,0,0,0
2026-03-12 03:45:00,D02,S02,西向,城市快速路,4,31,81.56,15.5,4.41,0,0,0,0,0,0,0
2026-03-12 04:00:00,D02,S02,西向,城市快速路,4,25,91.71,11.78,3.93,0,0,0,0,0,0,0
2026-03-12 04:15:00,D02,S02,西向,城市快速路,4,21,89.09,10.92,4.04,0,0,0,0,0,0,0
2026-03-12 04:30:00,D02,S02,西向,城市快速路,4,34,84.37,10.81,4.27,0,0,0,0,0,0,0
2026-03-12 04:45:00,D02,S02,西向,城市快速路,4,31,85.98,13.52,4.19,0,0,0,0,0,0,0
2026-03-12 05:00:00,D02,S02,西向,城市快速路,4,29,87.95,12.8,4.09,0,0,0,0,0,0,0
2026-03-12 05:15:00,D02,S02,西向,城市快速路,4,28,79.56,13.89,4.52,0,0,0,0,0,0,0
2026-03-12 05:30:00,D02,S02,西向,城市快速路,4,31,78.96,13.66,4.56,0,0,0,0,0,0,0
2026-03-12 05:45:00,D02,S02,西向,城市快速路,4,28,83.36,12.69,4.32,0,0,0,0,0,0,0
2026-03-12 06:00:00,D02,S02,西向,城市快速路,4,34,84.02,9.27,4.28,0,0,0,0,0,0,0
2026-03-12 06:15:00,D02,S02,西向,城市快速路,4,41,88.35,20.29,4.07,0,0,0,0,0,0,0
2026-03-12 06:30:00,D02,S02,西向,城市快速路,4,45,83.45,17.04,4.31,0,0,0,0,0,0,0
2026-03-12 06:45:00,D02,S02,西向,城市快速路,4,46,81.71,14.53,4.41,0,0,0,0,0,0,0
2026-03-12 07:00:00,D02,S02,西向,城市快速路,4,59,87.07,21.1,4.13,0,0,0,1,0,0,0
2026-03-12 07:15:00,D02,S02,西向,城市快速路,4,66,81.07,18.6,4.44,0,0,0,1,0,0,0
2026-03-12 07:30:00,D02,S02,西向,城市快速路,4,75,73.43,24.91,4.9,0,0,0,1,0,1,0
2026-03-12 07:45:00,D02,S02,西向,城市快速路,4,88,72.6,26.57,4.96,0,0,0,1,0,1,0
2026-03-12 08:00:00,D02,S02,西向,城市快速路,4,84,71.97,23.21,5.0,0,0,0,1,0,1,0
2026-03-12 08:15:00,D02,S02,西向,城市快速路,4,85,70.87,28.19,5.08,0,0,0,1,0,1,0
2026-03-12 08:30:00,D02,S02,西向,城市快速路,4,83,81.49,26.97,4.42,0,0,0,1,0,0,0
2026-03-12 08:45:00,D02,S02,西向,城市快速路,4,70,76.8,21.48,4.69,0,0,0,1,0,0,0
2026-03-12 09:00:00,D02,S02,西向,城市快速路,4,73,87.36,25.18,4.12,0,0,0,1,0,0,0
2026-03-12 09:15:00,D02,S02,西向,城市快速路,4,56,77.92,17.48,4.62,0,0,0,1,0,0,0
2026-03-12 09:30:00,D02,S02,西向,城市快速路,4,62,71.28,16.34,5.05,0,0,0,0,0,1,0
2026-03-12 09:45:00,D02,S02,西向,城市快速路,4,51,84.65,19.06,4.25,0,0,0,0,0,0,0
2026-03-12 10:00:00,D02,S02,西向,城市快速路,4,45,86.29,16.88,4.17,0,0,0,0,0,0,0
2026-03-12 10:15:00,D02,S02,西向,城市快速路,4,46,74.36,13.8,4.84,0,0,0,0,0,1,0
2026-03-12 10:30:00,D02,S02,西向,城市快速路,4,39,82.82,15.59,4.35,0,0,0,0,0,0,0
2026-03-12 10:45:00,D02,S02,西向,城市快速路,4,36,85.67,9.94,4.2,0,0,0,0,0,0,0
2026-03-12 11:00:00,D02,S02,西向,城市快速路,4,28,86.07,13.08,4.18,0,0,0,0,0,0,0
2026-03-12 11:15:00,D02,S02,西向,城市快速路,4,22,88.28,7.59,4.08,0,0,0,0,0,0,0
2026-03-12 11:30:00,D02,S02,西向,城市快速路,4,45,80.26,19.75,4.49,0,0,0,0,0,0,0
2026-03-12 11:45:00,D02,S02,西向,城市快速路,4,41,87.39,15.92,4.12,0,0,0,0,0,0,0
2026-03-12 12:00:00,D02,S02,西向,城市快速路,4,31,77.45,14.52,4.65,0,0,0,0,0,0,0
2026-03-12 12:15:00,D02,S02,西向,城市快速路,4,34,79.9,9.25,4.51,0,0,0,0,0,0,0
2026-03-12 12:30:00,D02,S02,西向,城市快速路,4,34,86.31,11.94,4.17,0,0,0,0,0,0,0
2026-03-12 12:45:00,D02,S02,西向,城市快速路,4,32,84.06,10.93,4.28,0,0,0,0,0,0,0
2026-03-12 13:00:00,D02,S02,西向,城市快速路,4,19,93.4,11.61,3.85,0,0,0,0,0,0,0
2026-03-12 13:15:00,D02,S02,西向,城市快速路,4,28,89.77,13.02,4.01,0,0,0,0,0,0,0
2026-03-12 13:30:00,D02,S02,西向,城市快速路,4,28,96.0,12.85,3.75,0,0,0,0,0,0,0
2026-03-12 13:45:00,D02,S02,西向,城市快速路,4,29,81.51,13.25,4.42,0,0,0,0,0,0,0
2026-03-12 14:00:00,D02,S02,西向,城市快速路,4,36,89.21,14.75,4.04,0,0,0,0,0,0,0
2026-03-12 14:15:00,D02,S02,西向,城市快速路,4,30,89.77,9.43,4.01,0,0,0,0,0,0,0
2026-03-12 14:30:00,D02,S02,西向,城市快速路,4,31,79.88,12.16,4.51,0,0,0,0,0,0,0
2026-03-12 14:45:00,D02,S02,西向,城市快速路,4,29,85.91,12.5,4.19,0,0,0,0,0,0,0
2026-03-12 15:00:00,D02,S02,西向,城市快速路,4,40,84.22,17.87,4.27,0,0,0,0,0,0,0
2026-03-12 15:15:00,D02,S02,西向,城市快速路,4,37,77.65,15.91,4.64,0,0,0,0,0,0,0
2026-03-12 15:30:00,D02,S02,西向,城市快速路,4,50,87.78,13.7,4.1,0,0,0,0,0,0,0
2026-03-12 15:45:00,D02,S02,西向,城市快速路,4,41,91.1,15.93,3.95,0,0,0,0,0,0,0
2026-03-12 16:00:00,D02,S02,西向,城市快速路,4,61,83.82,20.18,4.3,0,0,0,0,0,0,0
2026-03-12 16:15:00,D02,S02,西向,城市快速路,4,53,80.7,19.18,4.46,0,0,0,0,0,0,0
2026-03-12 16:30:00,D02,S02,西向,城市快速路,4,77,80.29,24.42,4.48,0,0,0,1,0,0,0
2026-03-12 16:45:00,D02,S02,西向,城市快速路,4,81,67.68,21.5,5.32,0,0,0,1,0,1,1
2026-03-12 17:00:00,D02,S02,西向,城市快速路,4,90,75.39,29.5,4.77,0,0,0,1,0,0,0
2026-03-12 17:15:00,D02,S02,西向,城市快速路,4,98,76.51,29.57,4.71,0,0,0,1,0,0,0
2026-03-12 17:30:00,D02,S02,西向,城市快速路,4,84,80.94,22.36,4.45,0,0,0,1,0,0,0
2026-03-12 17:45:00,D02,S02,西向,城市快速路,4,93,70.57,28.77,5.1,0,0,0,1,0,1,0
2026-03-12 18:00:00,D02,S02,西向,城市快速路,4,91,64.32,25.04,5.6,0,0,0,1,0,1,1
2026-03-12 18:15:00,D02,S02,西向,城市快速路,4,82,79.25,23.79,4.54,0,0,0,1,0,0,0
2026-03-12 18:30:00,D02,S02,西向,城市快速路,4,75,74.54,21.84,4.83,0,0,0,1,0,1,0
2026-03-12 18:45:00,D02,S02,西向,城市快速路,4,65,85.56,21.91,4.21,0,0,0,1,0,0,0
2026-03-12 19:00:00,D02,S02,西向,城市快速路,4,67,79.69,29.37,4.52,0,0,0,1,0,0,0
2026-03-12 19:15:00,D02,S02,西向,城市快速路,4,42,83.09,10.94,4.33,0,0,0,1,0,0,0
2026-03-12 19:30:00,D02,S02,西向,城市快速路,4,40,84.3,13.52,4.27,0,0,0,0,0,0,0
2026-03-12 19:45:00,D02,S02,西向,城市快速路,4,38,80.85,14.5,4.45,0,0,0,0,0,0,0
2026-03-12 20:00:00,D02,S02,西向,城市快速路,4,34,82.67,16.79,4.35,0,0,0,0,0,0,0
2026-03-12 20:15:00,D02,S02,西向,城市快速路,4,46,86.08,16.73,4.18,0,0,0,0,0,0,0
2026-03-12 20:30:00,D02,S02,西向,城市快速路,4,44,83.45,20.07,4.31,0,0,0,0,0,0,0
2026-03-12 20:45:00,D02,S02,西向,城市快速路,4,37,86.8,10.44,4.15,0,0,0,0,0,0,0
2026-03-12 21:00:00,D02,S02,西向,城市快速路,4,30,88.22,12.41,4.08,0,0,0,0,0,0,0
2026-03-12 21:15:00,D02,S02,西向,城市快速路,4,32,78.82,11.01,4.57,0,0,0,0,0,0,0
2026-03-12 21:30:00,D02,S02,西向,城市快速路,4,33,93.4,13.18,3.85,0,0,0,0,0,0,0
2026-03-12 21:45:00,D02,S02,西向,城市快速路,4,22,83.09,12.74,4.33,0,0,0,0,0,0,0
2026-03-12 22:00:00,D02,S02,西向,城市快速路,4,26,85.27,11.24,4.22,0,0,0,0,0,0,0
2026-03-12 22:15:00,D02,S02,西向,城市快速路,4,29,87.16,15.0,4.13,0,0,0,0,0,0,0
2026-03-12 22:30:00,D02,S02,西向,城市快速路,4,35,81.94,13.83,4.39,0,0,0,0,0,0,0
2026-03-12 22:45:00,D02,S02,西向,城市快速路,4,33,83.05,12.41,4.33,0,0,0,0,0,0,0
2026-03-12 23:00:00,D02,S02,西向,城市快速路,4,37,85.65,13.46,4.2,0,0,0,0,0,0,0
2026-03-12 23:15:00,D02,S02,西向,城市快速路,4,25,84.09,16.34,4.28,0,0,0,0,0,0,0
2026-03-12 23:30:00,D02,S02,西向,城市快速路,4,33,84.87,12.91,4.24,0,0,0,0,0,0,0
2026-03-12 23:45:00,D02,S02,西向,城市快速路,4,30,91.88,15.42,3.92,0,0,0,0,0,0,0
2026-03-13 00:00:00,D02,S02,西向,城市快速路,4,20,73.57,10.07,4.89,0,0,0,0,0,1,0
2026-03-13 00:15:00,D02,S02,西向,城市快速路,4,33,86.02,12.43,4.19,0,0,0,0,0,0,0
2026-03-13 00:30:00,D02,S02,西向,城市快速路,4,36,95.73,10.5,3.76,0,0,0,0,0,0,0
2026-03-13 00:45:00,D02,S02,西向,城市快速路,4,36,81.85,14.8,4.4,0,0,0,0,0,0,0
2026-03-13 01:00:00,D02,S02,西向,城市快速路,4,25,78.77,15.69,4.57,0,0,0,0,0,0,0
2026-03-13 01:15:00,D02,S02,西向,城市快速路,4,23,86.52,10.84,4.16,0,0,0,0,0,0,0
2026-03-13 01:30:00,D02,S02,西向,城市快速路,4,27,88.73,16.0,4.06,0,0,0,0,0,0,0
2026-03-13 01:45:00,D02,S02,西向,城市快速路,4,25,82.73,10.56,4.35,0,0,0,0,0,0,0
2026-03-13 02:00:00,D02,S02,西向,城市快速路,4,30,82.38,13.6,4.37,0,0,0,0,0,0,0
2026-03-13 02:15:00,D02,S02,西向,城市快速路,4,34,82.89,14.17,4.34,0,0,0,0,0,0,0
2026-03-13 02:30:00,D02,S02,西向,城市快速路,4,20,79.24,9.17,4.54,0,0,0,0,0,0,0
2026-03-13 02:45:00,D02,S02,西向,城市快速路,4,26,88.94,11.91,4.05,0,0,0,0,0,0,0
2026-03-13 03:00:00,D02,S02,西向,城市快速路,4,25,77.78,11.79,4.63,0,0,0,0,0,0,0
2026-03-13 03:15:00,D02,S02,西向,城市快速路,4,24,83.8,9.6,4.3,0,0,0,0,0,0,0
2026-03-13 03:30:00,D02,S02,西向,城市快速路,4,29,86.95,14.69,4.14,0,0,0,0,0,0,0
2026-03-13 03:45:00,D02,S02,西向,城市快速路,4,30,82.39,13.77,4.37,0,0,0,0,0,0,0
2026-03-13 04:00:00,D02,S02,西向,城市快速路,4,32,81.82,13.74,4.4,0,0,0,0,0,0,0
2026-03-13 04:15:00,D02,S02,西向,城市快速路,4,43,80.15,16.64,4.49,0,0,0,0,0,0,0
2026-03-13 04:30:00,D02,S02,西向,城市快速路,4,30,82.73,16.56,4.35,0,0,0,0,0,0,0
2026-03-13 04:45:00,D02,S02,西向,城市快速路,4,38,74.94,16.17,4.8,0,0,0,0,0,1,0
2026-03-13 05:00:00,D02,S02,西向,城市快速路,4,26,89.45,9.97,4.02,0,0,0,0,0,0,0
2026-03-13 05:15:00,D02,S02,西向,城市快速路,4,41,83.77,13.76,4.3,0,0,0,0,0,0,0
2026-03-13 05:30:00,D02,S02,西向,城市快速路,4,32,81.11,12.0,4.44,0,0,0,0,0,0,0
2026-03-13 05:45:00,D02,S02,西向,城市快速路,4,31,83.06,15.91,4.33,0,0,0,0,0,0,0
2026-03-13 06:00:00,D02,S02,西向,城市快速路,4,28,79.68,12.73,4.52,1,0,0,0,0,0,0
2026-03-13 06:15:00,D02,S02,西向,城市快速路,4,29,81.48,12.09,4.42,1,0,0,0,0,0,0
2026-03-13 06:30:00,D02,S02,西向,城市快速路,4,36,66.6,18.47,5.41,1,0,0,0,0,1,1
2026-03-13 06:45:00,D02,S02,西向,城市快速路,4,51,81.42,18.45,4.42,1,0,0,0,0,0,0
2026-03-13 07:00:00,D02,S02,西向,城市快速路,4,58,76.03,19.35,4.73,1,0,0,1,0,0,0
2026-03-13 07:15:00,D02,S02,西向,城市快速路,4,75,75.35,21.74,4.78,1,0,0,1,0,0,0
2026-03-13 07:30:00,D02,S02,西向,城市快速路,4,69,74.93,19.75,4.8,1,0,0,1,0,1,0
2026-03-13 07:45:00,D02,S02,西向,城市快速路,4,80,73.87,19.59,4.87,1,0,0,1,0,1,0
2026-03-13 08:00:00,D02,S02,西向,城市快速路,4,73,76.85,23.14,4.68,1,0,0,1,0,0,0
2026-03-13 08:15:00,D02,S02,西向,城市快速路,4,88,71.17,27.88,5.06,1,0,0,1,0,1,0
2026-03-13 08:30:00,D02,S02,西向,城市快速路,4,75,73.69,24.43,4.89,1,0,0,1,0,1,0
2026-03-13 08:45:00,D02,S02,西向,城市快速路,4,77,74.47,24.51,4.83,1,0,0,1,0,1,0
2026-03-13 09:00:00,D02,S02,西向,城市快速路,4,63,72.33,18.67,4.98,1,0,0,1,0,1,0
2026-03-13 09:15:00,D02,S02,西向,城市快速路,4,64,71.73,24.21,5.02,1,0,0,1,0,1,0
2026-03-13 09:30:00,D02,S02,西向,城市快速路,4,42,80.67,16.81,4.46,1,0,0,0,0,0,0
2026-03-13 09:45:00,D02,S02,西向,城市快速路,4,46,73.86,14.8,4.87,1,0,0,0,0,1,0
2026-03-13 10:00:00,D02,S02,西向,城市快速路,4,48,69.26,17.86,5.2,1,0,0,0,0,1,1
2026-03-13 10:15:00,D02,S02,西向,城市快速路,4,35,78.87,15.78,4.56,1,0,0,0,0,0,0
2026-03-13 10:30:00,D02,S02,西向,城市快速路,4,29,75.57,14.14,4.76,1,0,0,0,0,0,0
2026-03-13 10:45:00,D02,S02,西向,城市快速路,4,34,82.89,11.87,4.34,1,0,0,0,0,0,0
2026-03-13 11:00:00,D02,S02,西向,城市快速路,4,38,77.46,11.89,4.65,1,0,0,0,0,0,0
2026-03-13 11:15:00,D02,S02,西向,城市快速路,4,37,78.49,12.37,4.59,1,0,0,0,0,0,0
2026-03-13 11:30:00,D02,S02,西向,城市快速路,4,23,76.45,12.19,4.71,1,0,0,0,0,0,0
2026-03-13 11:45:00,D02,S02,西向,城市快速路,4,31,79.32,12.22,4.54,1,0,0,0,0,0,0
2026-03-13 12:00:00,D02,S02,西向,城市快速路,4,17,78.37,8.1,4.59,1,0,0,0,0,0,0
2026-03-13 12:15:00,D02,S02,西向,城市快速路,4,37,88.09,12.46,4.09,0,0,0,0,0,0,0
2026-03-13 12:30:00,D02,S02,西向,城市快速路,4,29,83.72,13.33,4.3,0,0,0,0,0,0,0
2026-03-13 12:45:00,D02,S02,西向,城市快速路,4,24,86.78,9.75,4.15,0,0,0,0,0,0,0
2026-03-13 13:00:00,D02,S02,西向,城市快速路,4,20,79.78,10.27,4.51,0,0,0,0,0,0,0
2026-03-13 13:15:00,D02,S02,西向,城市快速路,4,29,82.45,10.59,4.37,0,0,0,0,0,0,0
2026-03-13 13:30:00,D02,S02,西向,城市快速路,4,32,79.57,13.48,4.52,0,0,0,0,0,0,0
2026-03-13 13:45:00,D02,S02,西向,城市快速路,4,21,88.62,8.9,4.06,0,0,0,0,0,0,0
2026-03-13 14:00:00,D02,S02,西向,城市快速路,4,32,82.99,14.25,4.34,0,0,0,0,0,0,0
2026-03-13 14:15:00,D02,S02,西向,城市快速路,4,33,85.95,11.01,4.19,0,0,0,0,0,0,0
2026-03-13 14:30:00,D02,S02,西向,城市快速路,4,41,80.37,16.35,4.48,0,0,0,0,0,0,0
2026-03-13 14:45:00,D02,S02,西向,城市快速路,4,36,78.0,11.19,4.62,0,0,0,0,0,0,0
2026-03-13 15:00:00,D02,S02,西向,城市快速路,4,30,76.89,14.94,4.68,0,0,0,0,0,0,0
2026-03-13 15:15:00,D02,S02,西向,城市快速路,4,32,83.66,14.94,4.3,0,0,0,0,0,0,0
2026-03-13 15:30:00,D02,S02,西向,城市快速路,4,40,86.76,13.13,4.15,0,0,0,0,0,0,0
2026-03-13 15:45:00,D02,S02,西向,城市快速路,4,50,80.88,13.49,4.45,0,0,0,0,0,0,0
2026-03-13 16:00:00,D02,S02,西向,城市快速路,4,54,80.53,17.58,4.47,1,0,0,0,0,0,0
2026-03-13 16:15:00,D02,S02,西向,城市快速路,4,64,70.67,21.69,5.09,1,0,0,0,0,1,0
2026-03-13 16:30:00,D02,S02,西向,城市快速路,4,57,71.93,20.09,5.0,1,0,0,1,0,1,0
2026-03-13 16:45:00,D02,S02,西向,城市快速路,4,85,69.33,27.06,5.19,1,0,0,1,0,1,1
2026-03-13 17:00:00,D02,S02,西向,城市快速路,4,88,67.23,23.81,5.35,1,0,0,1,0,1,1
2026-03-13 17:15:00,D02,S02,西向,城市快速路,4,77,73.93,22.68,4.87,1,0,0,1,0,1,0
2026-03-13 17:30:00,D02,S02,西向,城市快速路,4,90,67.05,23.09,5.37,1,0,0,1,0,1,1
2026-03-13 17:45:00,D02,S02,西向,城市快速路,4,84,67.68,26.94,5.32,1,0,0,1,0,1,1
2026-03-13 18:00:00,D02,S02,西向,城市快速路,4,90,70.21,23.19,5.13,1,0,0,1,0,1,0
2026-03-13 18:15:00,D02,S02,西向,城市快速路,4,75,74.83,21.87,4.81,1,0,0,1,0,1,0
2026-03-13 18:30:00,D02,S02,西向,城市快速路,4,77,73.78,24.75,4.88,1,0,0,1,0,1,0
2026-03-13 18:45:00,D02,S02,西向,城市快速路,4,73,68.26,20.53,5.27,1,0,0,1,0,1,1
2026-03-13 19:00:00,D02,S02,西向,城市快速路,4,60,77.46,19.8,4.65,1,0,0,1,0,0,0
2026-03-13 19:15:00,D02,S02,西向,城市快速路,4,69,69.98,21.14,5.14,1,0,0,1,0,1,1
2026-03-13 19:30:00,D02,S02,西向,城市快速路,4,53,82.37,17.92,4.37,1,0,0,0,0,0,0
2026-03-13 19:45:00,D02,S02,西向,城市快速路,4,42,83.72,17.89,4.3,1,0,0,0,0,0,0
2026-03-13 20:00:00,D02,S02,西向,城市快速路,4,37,80.98,16.79,4.45,1,0,0,0,0,0,0
2026-03-13 20:15:00,D02,S02,西向,城市快速路,4,38,65.03,15.98,5.54,1,0,0,0,0,1,1
2026-03-13 20:30:00,D02,S02,西向,城市快速路,4,24,82.32,7.4,4.37,1,0,0,0,0,0,0
2026-03-13 20:45:00,D02,S02,西向,城市快速路,4,43,74.34,13.97,4.84,1,0,0,0,0,1,0
2026-03-13 21:00:00,D02,S02,西向,城市快速路,4,34,80.68,13.5,4.46,1,0,0,0,0,0,0
2026-03-13 21:15:00,D02,S02,西向,城市快速路,4,30,85.85,15.75,4.19,0,0,0,0,0,0,0
2026-03-13 21:30:00,D02,S02,西向,城市快速路,4,30,84.76,11.85,4.25,0,0,0,0,0,0,0
2026-03-13 21:45:00,D02,S02,西向,城市快速路,4,22,85.76,11.4,4.2,0,0,0,0,0,0,0
2026-03-13 22:00:00,D02,S02,西向,城市快速路,4,25,82.21,12.63,4.38,0,0,0,0,0,0,0
2026-03-13 22:15:00,D02,S02,西向,城市快速路,4,27,91.94,14.84,3.92,0,0,0,0,0,0,0
2026-03-13 22:30:00,D02,S02,西向,城市快速路,4,31,86.56,13.44,4.16,0,0,0,0,0,0,0
2026-03-13 22:45:00,D02,S02,西向,城市快速路,4,21,84.16,10.39,4.28,0,0,0,0,0,0,0
2026-03-13 23:00:00,D02,S02,西向,城市快速路,4,26,86.22,9.32,4.18,0,0,0,0,0,0,0
2026-03-13 23:15:00,D02,S02,西向,城市快速路,4,32,78.51,14.06,4.59,0,0,0,0,0,0,0
2026-03-13 23:30:00,D02,S02,西向,城市快速路,4,32,84.19,12.2,4.28,0,0,0,0,0,0,0
2026-03-13 23:45:00,D02,S02,西向,城市快速路,4,21,81.44,10.59,4.42,0,0,0,0,0,0,0
2026-03-14 00:00:00,D02,S02,西向,城市快速路,4,22,80.74,8.76,4.46,0,0,1,0,0,0,0
2026-03-14 00:15:00,D02,S02,西向,城市快速路,4,22,79.08,7.79,4.55,0,0,1,0,0,0,0
2026-03-14 00:30:00,D02,S02,西向,城市快速路,4,27,87.75,12.18,4.1,0,0,1,0,0,0,0
2026-03-14 00:45:00,D02,S02,西向,城市快速路,4,31,90.41,16.83,3.98,0,0,1,0,0,0,0
2026-03-14 01:00:00,D02,S02,西向,城市快速路,4,17,82.2,11.39,4.38,0,0,1,0,0,0,0
2026-03-14 01:15:00,D02,S02,西向,城市快速路,4,30,84.6,12.55,4.26,0,0,1,0,0,0,0
2026-03-14 01:30:00,D02,S02,西向,城市快速路,4,19,85.24,8.62,4.22,0,0,1,0,0,0,0
2026-03-14 01:45:00,D02,S02,西向,城市快速路,4,14,88.34,12.79,4.08,0,0,1,0,0,0,0
2026-03-14 02:00:00,D02,S02,西向,城市快速路,4,33,85.38,14.72,4.22,0,0,1,0,0,0,0
2026-03-14 02:15:00,D02,S02,西向,城市快速路,4,13,92.53,12.32,3.89,0,0,1,0,0,0,0
2026-03-14 02:30:00,D02,S02,西向,城市快速路,4,9,89.36,6.89,4.03,0,0,1,0,0,0,0
2026-03-14 02:45:00,D02,S02,西向,城市快速路,4,19,76.84,9.43,4.68,0,0,1,0,0,0,0
2026-03-14 03:00:00,D02,S02,西向,城市快速路,4,11,87.44,6.9,4.12,0,0,1,0,0,0,0
2026-03-14 03:15:00,D02,S02,西向,城市快速路,4,27,74.0,12.51,4.86,0,0,1,0,0,1,0
2026-03-14 03:30:00,D02,S02,西向,城市快速路,4,25,81.58,12.44,4.41,0,0,1,0,0,0,0
2026-03-14 03:45:00,D02,S02,西向,城市快速路,4,26,80.7,9.55,4.46,0,0,1,0,0,0,0
2026-03-14 04:00:00,D02,S02,西向,城市快速路,4,33,84.66,10.34,4.25,0,0,1,0,0,0,0
2026-03-14 04:15:00,D02,S02,西向,城市快速路,4,22,84.59,8.31,4.26,0,0,1,0,0,0,0
2026-03-14 04:30:00,D02,S02,西向,城市快速路,4,14,87.88,3.83,4.1,0,0,1,0,0,0,0
2026-03-14 04:45:00,D02,S02,西向,城市快速路,4,25,80.89,13.01,4.45,0,0,1,0,0,0,0
2026-03-14 05:00:00,D02,S02,西向,城市快速路,4,30,84.34,14.09,4.27,0,0,1,0,0,0,0
2026-03-14 05:15:00,D02,S02,西向,城市快速路,4,19,86.65,11.01,4.15,0,0,1,0,0,0,0
2026-03-14 05:30:00,D02,S02,西向,城市快速路,4,28,82.07,14.04,4.39,0,0,1,0,0,0,0
2026-03-14 05:45:00,D02,S02,西向,城市快速路,4,26,89.21,15.63,4.04,0,0,1,0,0,0,0
2026-03-14 06:00:00,D02,S02,西向,城市快速路,4,25,81.32,13.38,4.43,0,0,1,0,0,0,0
2026-03-14 06:15:00,D02,S02,西向,城市快速路,4,30,85.96,12.01,4.19,0,0,1,0,0,0,0
2026-03-14 06:30:00,D02,S02,西向,城市快速路,4,33,83.86,14.81,4.29,0,0,1,0,0,0,0
2026-03-14 06:45:00,D02,S02,西向,城市快速路,4,33,75.89,11.22,4.74,0,0,1,0,0,0,0
2026-03-14 07:00:00,D02,S02,西向,城市快速路,4,47,79.07,16.05,4.55,0,0,1,1,0,0,0
2026-03-14 07:15:00,D02,S02,西向,城市快速路,4,51,84.86,20.58,4.24,0,0,1,1,0,0,0
2026-03-14 07:30:00,D02,S02,西向,城市快速路,4,67,85.84,27.06,4.19,0,0,1,1,0,0,0
2026-03-14 07:45:00,D02,S02,西向,城市快速路,4,53,87.97,17.57,4.09,0,0,1,1,0,0,0
2026-03-14 08:00:00,D02,S02,西向,城市快速路,4,74,77.99,22.03,4.62,0,0,1,1,0,0,0
2026-03-14 08:15:00,D02,S02,西向,城市快速路,4,61,78.56,21.59,4.58,0,0,1,1,0,0,0
2026-03-14 08:30:00,D02,S02,西向,城市快速路,4,63,77.92,19.67,4.62,0,0,1,1,0,0,0
2026-03-14 08:45:00,D02,S02,西向,城市快速路,4,66,84.08,24.46,4.28,0,0,1,1,0,0,0
2026-03-14 09:00:00,D02,S02,西向,城市快速路,4,50,79.37,17.34,4.54,0,0,1,1,0,0,0
2026-03-14 09:15:00,D02,S02,西向,城市快速路,4,50,89.22,18.88,4.03,0,0,1,1,0,0,0
2026-03-14 09:30:00,D02,S02,西向,城市快速路,4,31,86.12,12.4,4.18,0,0,1,0,0,0,0
2026-03-14 09:45:00,D02,S02,西向,城市快速路,4,44,79.43,17.01,4.53,0,0,1,0,0,0,0
2026-03-14 10:00:00,D02,S02,西向,城市快速路,4,27,75.91,14.59,4.74,0,0,1,0,0,0,0
2026-03-14 10:15:00,D02,S02,西向,城市快速路,4,26,88.16,9.91,4.08,0,0,1,0,0,0,0
2026-03-14 10:30:00,D02,S02,西向,城市快速路,4,16,93.89,9.74,3.83,0,0,1,0,0,0,0
2026-03-14 10:45:00,D02,S02,西向,城市快速路,4,20,80.82,7.98,4.45,0,0,1,0,0,0,0
2026-03-14 11:00:00,D02,S02,西向,城市快速路,4,25,89.0,10.56,4.04,0,0,1,0,0,0,0
2026-03-14 11:15:00,D02,S02,西向,城市快速路,4,24,82.95,8.49,4.34,0,0,1,0,0,0,0
2026-03-14 11:30:00,D02,S02,西向,城市快速路,4,33,89.28,16.6,4.03,0,0,1,0,0,0,0
2026-03-14 11:45:00,D02,S02,西向,城市快速路,4,16,89.12,9.1,4.04,0,0,1,0,0,0,0
2026-03-14 12:00:00,D02,S02,西向,城市快速路,4,22,87.08,8.48,4.13,0,0,1,0,0,0,0
2026-03-14 12:15:00,D02,S02,西向,城市快速路,4,18,88.63,10.57,4.06,0,0,1,0,0,0,0
2026-03-14 12:30:00,D02,S02,西向,城市快速路,4,25,90.63,10.92,3.97,0,0,1,0,0,0,0
2026-03-14 12:45:00,D02,S02,西向,城市快速路,4,27,74.6,16.34,4.83,0,0,1,0,0,1,0
2026-03-14 13:00:00,D02,S02,西向,城市快速路,4,20,79.07,13.24,4.55,0,0,1,0,0,0,0
2026-03-14 13:15:00,D02,S02,西向,城市快速路,4,20,84.23,14.51,4.27,0,0,1,0,0,0,0
2026-03-14 13:30:00,D02,S02,西向,城市快速路,4,18,84.5,9.72,4.26,0,0,1,0,0,0,0
2026-03-14 13:45:00,D02,S02,西向,城市快速路,4,15,86.16,10.04,4.18,0,0,1,0,0,0,0
2026-03-14 14:00:00,D02,S02,西向,城市快速路,4,25,78.01,13.59,4.61,0,0,1,0,0,0,0
2026-03-14 14:15:00,D02,S02,西向,城市快速路,4,36,88.49,12.67,4.07,0,0,1,0,0,0,0
2026-03-14 14:30:00,D02,S02,西向,城市快速路,4,33,83.14,10.43,4.33,0,0,1,0,0,0,0
2026-03-14 14:45:00,D02,S02,西向,城市快速路,4,22,87.79,13.0,4.1,0,0,1,0,0,0,0
2026-03-14 15:00:00,D02,S02,西向,城市快速路,4,31,76.41,13.89,4.71,0,0,1,0,0,0,0
2026-03-14 15:15:00,D02,S02,西向,城市快速路,4,31,80.81,13.41,4.46,0,0,1,0,0,0,0
2026-03-14 15:30:00,D02,S02,西向,城市快速路,4,37,83.32,8.53,4.32,0,0,1,0,0,0,0
2026-03-14 15:45:00,D02,S02,西向,城市快速路,4,41,88.43,12.45,4.07,0,0,1,0,0,0,0
2026-03-14 16:00:00,D02,S02,西向,城市快速路,4,37,86.52,15.17,4.16,0,0,1,0,0,0,0
2026-03-14 16:15:00,D02,S02,西向,城市快速路,4,46,76.29,15.66,4.72,0,0,1,0,0,0,0
2026-03-14 16:30:00,D02,S02,西向,城市快速路,4,52,74.08,20.34,4.86,0,0,1,1,0,1,0
2026-03-14 16:45:00,D02,S02,西向,城市快速路,4,66,79.7,21.03,4.52,0,0,1,1,0,0,0
2026-03-14 17:00:00,D02,S02,西向,城市快速路,4,59,79.35,26.2,4.54,0,0,1,1,0,0,0
2026-03-14 17:15:00,D02,S02,西向,城市快速路,4,62,84.54,18.75,4.26,0,0,1,1,0,0,0
2026-03-14 17:30:00,D02,S02,西向,城市快速路,4,74,78.16,21.46,4.61,0,0,1,1,0,0,0
2026-03-14 17:45:00,D02,S02,西向,城市快速路,4,71,80.4,19.07,4.48,0,0,1,1,0,0,0
2026-03-14 18:00:00,D02,S02,西向,城市快速路,4,69,80.13,26.61,4.49,0,0,1,1,0,0,0
2026-03-14 18:15:00,D02,S02,西向,城市快速路,4,57,78.16,17.27,4.61,0,0,1,1,0,0,0
2026-03-14 18:30:00,D02,S02,西向,城市快速路,4,63,78.99,19.72,4.56,0,0,1,1,0,0,0
2026-03-14 18:45:00,D02,S02,西向,城市快速路,4,43,80.3,17.46,4.48,0,0,1,1,0,0,0
2026-03-14 19:00:00,D02,S02,西向,城市快速路,4,42,80.13,13.6,4.49,0,0,1,1,0,0,0
2026-03-14 19:15:00,D02,S02,西向,城市快速路,4,36,83.08,14.09,4.33,0,0,1,1,0,0,0
2026-03-14 19:30:00,D02,S02,西向,城市快速路,4,37,88.71,14.62,4.06,0,0,1,0,0,0,0
2026-03-14 19:45:00,D02,S02,西向,城市快速路,4,32,86.74,11.71,4.15,0,0,1,0,0,0,0
2026-03-14 20:00:00,D02,S02,西向,城市快速路,4,29,79.72,11.71,4.52,0,0,1,0,0,0,0
2026-03-14 20:15:00,D02,S02,西向,城市快速路,4,27,86.81,10.46,4.15,0,0,1,0,0,0,0
2026-03-14 20:30:00,D02,S02,西向,城市快速路,4,27,87.26,11.01,4.13,0,0,1,0,0,0,0
2026-03-14 20:45:00,D02,S02,西向,城市快速路,4,29,83.7,15.67,4.3,0,0,1,0,0,0,0
2026-03-14 21:00:00,D02,S02,西向,城市快速路,4,17,90.4,13.43,3.98,0,0,1,0,0,0,0
2026-03-14 21:15:00,D02,S02,西向,城市快速路,4,14,90.65,11.56,3.97,0,0,1,0,0,0,0
2026-03-14 21:30:00,D02,S02,西向,城市快速路,4,21,80.94,12.74,4.45,0,0,1,0,0,0,0
2026-03-14 21:45:00,D02,S02,西向,城市快速路,4,24,86.24,9.8,4.17,0,0,1,0,0,0,0
2026-03-14 22:00:00,D02,S02,西向,城市快速路,4,25,80.6,6.63,4.47,0,0,1,0,0,0,0
2026-03-14 22:15:00,D02,S02,西向,城市快速路,4,23,89.46,7.9,4.02,0,0,1,0,0,0,0
2026-03-14 22:30:00,D02,S02,西向,城市快速路,4,12,82.86,7.95,4.34,0,0,1,0,0,0,0
2026-03-14 22:45:00,D02,S02,西向,城市快速路,4,24,82.65,11.87,4.36,0,0,1,0,0,0,0
2026-03-14 23:00:00,D02,S02,西向,城市快速路,4,12,79.91,11.92,4.51,0,0,1,0,0,0,0
2026-03-14 23:15:00,D02,S02,西向,城市快速路,4,22,90.66,10.17,3.97,0,0,1,0,0,0,0
2026-03-14 23:30:00,D02,S02,西向,城市快速路,4,20,76.86,9.04,4.68,0,0,1,0,0,0,0
2026-03-14 23:45:00,D02,S02,西向,城市快速路,4,34,82.35,12.92,4.37,0,0,1,0,0,0,0
2026-03-15 00:00:00,D02,S02,西向,城市快速路,4,26,86.07,14.43,4.18,0,0,1,0,0,0,0
2026-03-15 00:15:00,D02,S02,西向,城市快速路,4,19,84.34,15.33,4.27,0,0,1,0,0,0,0
2026-03-15 00:30:00,D02,S02,西向,城市快速路,4,25,83.5,10.88,4.31,0,0,1,0,0,0,0
2026-03-15 00:45:00,D02,S02,西向,城市快速路,4,22,88.07,10.54,4.09,0,0,1,0,0,0,0
2026-03-15 01:00:00,D02,S02,西向,城市快速路,4,26,81.63,12.52,4.41,0,0,1,0,0,0,0
2026-03-15 01:15:00,D02,S02,西向,城市快速路,4,24,83.67,12.08,4.3,0,0,1,0,0,0,0
2026-03-15 01:30:00,D02,S02,西向,城市快速路,4,38,89.92,12.42,4.0,0,0,1,0,0,0,0
2026-03-15 01:45:00,D02,S02,西向,城市快速路,4,19,93.07,10.95,3.87,0,0,1,0,0,0,0
2026-03-15 02:00:00,D02,S02,西向,城市快速路,4,17,91.5,8.39,3.93,0,0,1,0,0,0,0
2026-03-15 02:15:00,D02,S02,西向,城市快速路,4,15,88.86,9.91,4.05,0,0,1,0,0,0,0
2026-03-15 02:30:00,D02,S02,西向,城市快速路,4,28,89.56,13.3,4.02,0,0,1,0,0,0,0
2026-03-15 02:45:00,D02,S02,西向,城市快速路,4,25,82.38,12.39,4.37,0,0,1,0,0,0,0
2026-03-15 03:00:00,D02,S02,西向,城市快速路,4,30,80.92,12.38,4.45,0,0,1,0,0,0,0
2026-03-15 03:15:00,D02,S02,西向,城市快速路,4,23,96.0,9.87,3.75,0,0,1,0,0,0,0
2026-03-15 03:30:00,D02,S02,西向,城市快速路,4,24,89.13,13.52,4.04,0,0,1,0,0,0,0
2026-03-15 03:45:00,D02,S02,西向,城市快速路,4,23,86.07,10.74,4.18,0,0,1,0,0,0,0
2026-03-15 04:00:00,D02,S02,西向,城市快速路,4,25,89.4,11.65,4.03,0,0,1,0,0,0,0
2026-03-15 04:15:00,D02,S02,西向,城市快速路,4,25,86.48,10.59,4.16,0,0,1,0,0,0,0
2026-03-15 04:30:00,D02,S02,西向,城市快速路,4,23,81.17,9.76,4.44,0,0,1,0,0,0,0
2026-03-15 04:45:00,D02,S02,西向,城市快速路,4,23,85.31,9.37,4.22,0,0,1,0,0,0,0
2026-03-15 05:00:00,D02,S02,西向,城市快速路,4,16,84.3,9.57,4.27,0,0,1,0,0,0,0
2026-03-15 05:15:00,D02,S02,西向,城市快速路,4,20,89.09,13.03,4.04,0,0,1,0,0,0,0
2026-03-15 05:30:00,D02,S02,西向,城市快速路,4,23,89.09,11.88,4.04,0,0,1,0,0,0,0
2026-03-15 05:45:00,D02,S02,西向,城市快速路,4,42,87.36,17.13,4.12,0,0,1,0,0,0,0
2026-03-15 06:00:00,D02,S02,西向,城市快速路,4,22,83.72,11.85,4.3,0,0,1,0,0,0,0
2026-03-15 06:15:00,D02,S02,西向,城市快速路,4,37,96.0,11.92,3.75,0,0,1,0,0,0,0
2026-03-15 06:30:00,D02,S02,西向,城市快速路,4,40,85.78,18.04,4.2,0,0,1,0,0,0,0
2026-03-15 06:45:00,D02,S02,西向,城市快速路,4,44,86.27,19.88,4.17,0,0,1,0,0,0,0
2026-03-15 07:00:00,D02,S02,西向,城市快速路,4,54,82.88,21.8,4.34,0,0,1,1,0,0,0
2026-03-15 07:15:00,D02,S02,西向,城市快速路,4,46,80.93,17.46,4.45,0,0,1,1,0,0,0
2026-03-15 07:30:00,D02,S02,西向,城市快速路,4,47,78.13,15.67,4.61,0,0,1,1,0,0,0
2026-03-15 07:45:00,D02,S02,西向,城市快速路,4,74,76.04,25.15,4.73,0,0,1,1,0,0,0
2026-03-15 08:00:00,D02,S02,西向,城市快速路,4,58,77.08,22.22,4.67,0,0,1,1,0,0,0
2026-03-15 08:15:00,D02,S02,西向,城市快速路,4,72,83.48,22.97,4.31,0,0,1,1,0,0,0
2026-03-15 08:30:00,D02,S02,西向,城市快速路,4,63,85.08,22.79,4.23,0,0,1,1,0,0,0
2026-03-15 08:45:00,D02,S02,西向,城市快速路,4,69,73.3,24.79,4.91,0,0,1,1,0,1,0
2026-03-15 09:00:00,D02,S02,西向,城市快速路,4,46,80.88,19.3,4.45,0,0,1,1,0,0,0
2026-03-15 09:15:00,D02,S02,西向,城市快速路,4,51,85.62,20.07,4.2,0,0,1,1,0,0,0
2026-03-15 09:30:00,D02,S02,西向,城市快速路,4,40,82.05,17.91,4.39,0,0,1,0,0,0,0
2026-03-15 09:45:00,D02,S02,西向,城市快速路,4,26,84.86,12.98,4.24,0,0,1,0,0,0,0
2026-03-15 10:00:00,D02,S02,西向,城市快速路,4,30,81.38,14.35,4.42,0,0,1,0,0,0,0
2026-03-15 10:15:00,D02,S02,西向,城市快速路,4,31,88.77,10.6,4.06,0,0,1,0,0,0,0
2026-03-15 10:30:00,D02,S02,西向,城市快速路,4,26,85.48,7.9,4.21,0,0,1,0,0,0,0
2026-03-15 10:45:00,D02,S02,西向,城市快速路,4,26,87.59,13.98,4.11,0,0,1,0,0,0,0
2026-03-15 11:00:00,D02,S02,西向,城市快速路,4,30,86.75,14.92,4.15,0,0,1,0,0,0,0
2026-03-15 11:15:00,D02,S02,西向,城市快速路,4,24,83.04,10.2,4.34,0,0,1,0,0,0,0
2026-03-15 11:30:00,D02,S02,西向,城市快速路,4,20,86.63,16.14,4.16,0,0,1,0,0,0,0
2026-03-15 11:45:00,D02,S02,西向,城市快速路,4,24,83.68,7.78,4.3,0,0,1,0,0,0,0
2026-03-15 12:00:00,D02,S02,西向,城市快速路,4,22,84.29,9.02,4.27,0,0,1,0,0,0,0
2026-03-15 12:15:00,D02,S02,西向,城市快速路,4,17,96.0,5.96,3.75,0,0,1,0,0,0,0
2026-03-15 12:30:00,D02,S02,西向,城市快速路,4,30,81.65,16.12,4.41,0,0,1,0,0,0,0
2026-03-15 12:45:00,D02,S02,西向,城市快速路,4,23,89.42,14.14,4.03,0,0,1,0,0,0,0
2026-03-15 13:00:00,D02,S02,西向,城市快速路,4,21,83.69,10.23,4.3,0,0,1,0,0,0,0
2026-03-15 13:15:00,D02,S02,西向,城市快速路,4,22,81.35,14.16,4.43,0,0,1,0,0,0,0
2026-03-15 13:30:00,D02,S02,西向,城市快速路,4,15,89.7,2.38,4.01,0,0,1,0,0,0,0
2026-03-15 13:45:00,D02,S02,西向,城市快速路,4,33,86.69,11.44,4.15,0,0,1,0,0,0,0
2026-03-15 14:00:00,D02,S02,西向,城市快速路,4,23,81.9,11.99,4.4,0,0,1,0,0,0,0
2026-03-15 14:15:00,D02,S02,西向,城市快速路,4,21,87.3,9.11,4.12,0,0,1,0,0,0,0
2026-03-15 14:30:00,D02,S02,西向,城市快速路,4,29,83.52,12.79,4.31,0,0,1,0,0,0,0
2026-03-15 14:45:00,D02,S02,西向,城市快速路,4,24,79.45,12.15,4.53,0,0,1,0,0,0,0
2026-03-15 15:00:00,D02,S02,西向,城市快速路,4,23,88.27,12.38,4.08,0,0,1,0,0,0,0
2026-03-15 15:15:00,D02,S02,西向,城市快速路,4,40,82.1,13.9,4.38,0,0,1,0,0,0,0
2026-03-15 15:30:00,D02,S02,西向,城市快速路,4,42,85.89,20.5,4.19,0,0,1,0,0,0,0
2026-03-15 15:45:00,D02,S02,西向,城市快速路,4,50,89.5,15.5,4.02,0,0,1,0,0,0,0
2026-03-15 16:00:00,D02,S02,西向,城市快速路,4,44,86.09,20.67,4.18,0,0,1,0,0,0,0
2026-03-15 16:15:00,D02,S02,西向,城市快速路,4,59,83.67,19.82,4.3,0,0,1,0,0,0,0
2026-03-15 16:30:00,D02,S02,西向,城市快速路,4,58,80.85,18.31,4.45,0,0,1,1,0,0,0
2026-03-15 16:45:00,D02,S02,西向,城市快速路,4,57,83.14,19.7,4.33,0,0,1,1,0,0,0
2026-03-15 17:00:00,D02,S02,西向,城市快速路,4,70,83.09,20.64,4.33,0,0,1,1,0,0,0
2026-03-15 17:15:00,D02,S02,西向,城市快速路,4,66,80.59,22.69,4.47,0,0,1,1,0,0,0
2026-03-15 17:30:00,D02,S02,西向,城市快速路,4,70,79.83,21.12,4.51,0,0,1,1,0,0,0
2026-03-15 17:45:00,D02,S02,西向,城市快速路,4,77,76.55,24.77,4.7,0,0,1,1,0,0,0
2026-03-15 18:00:00,D02,S02,西向,城市快速路,4,55,76.13,18.0,4.73,0,0,1,1,0,0,0
2026-03-15 18:15:00,D02,S02,西向,城市快速路,4,59,80.43,18.12,4.48,0,0,1,1,0,0,0
2026-03-15 18:30:00,D02,S02,西向,城市快速路,4,54,77.07,19.42,4.67,0,0,1,1,0,0,0
2026-03-15 18:45:00,D02,S02,西向,城市快速路,4,61,70.96,15.97,5.07,0,0,1,1,0,1,0
2026-03-15 19:00:00,D02,S02,西向,城市快速路,4,54,86.04,19.11,4.18,0,0,1,1,0,0,0
2026-03-15 19:15:00,D02,S02,西向,城市快速路,4,33,81.97,9.53,4.39,0,0,1,1,0,0,0
2026-03-15 19:30:00,D02,S02,西向,城市快速路,4,40,84.62,14.66,4.25,0,0,1,0,0,0,0
2026-03-15 19:45:00,D02,S02,西向,城市快速路,4,27,84.07,13.06,4.28,0,0,1,0,0,0,0
2026-03-15 20:00:00,D02,S02,西向,城市快速路,4,33,84.78,13.54,4.25,0,0,1,0,0,0,0
2026-03-15 20:15:00,D02,S02,西向,城市快速路,4,29,78.57,9.67,4.58,0,0,1,0,0,0,0
2026-03-15 20:30:00,D02,S02,西向,城市快速路,4,18,83.74,10.74,4.3,0,0,1,0,0,0,0
2026-03-15 20:45:00,D02,S02,西向,城市快速路,4,14,86.62,5.19,4.16,0,0,1,0,0,0,0
2026-03-15 21:00:00,D02,S02,西向,城市快速路,4,15,79.1,7.71,4.55,0,0,1,0,0,0,0
2026-03-15 21:15:00,D02,S02,西向,城市快速路,4,13,81.1,10.06,4.44,0,0,1,0,0,0,0
2026-03-15 21:30:00,D02,S02,西向,城市快速路,4,21,87.62,8.99,4.11,0,0,1,0,0,0,0
2026-03-15 21:45:00,D02,S02,西向,城市快速路,4,30,87.97,11.84,4.09,0,0,1,0,0,0,0
2026-03-15 22:00:00,D02,S02,西向,城市快速路,4,23,85.4,11.55,4.22,0,0,1,0,0,0,0
2026-03-15 22:15:00,D02,S02,西向,城市快速路,4,25,89.84,11.71,4.01,0,0,1,0,0,0,0
2026-03-15 22:30:00,D02,S02,西向,城市快速路,4,16,80.27,11.8,4.48,0,0,1,0,0,0,0
2026-03-15 22:45:00,D02,S02,西向,城市快速路,4,30,85.53,13.34,4.21,0,0,1,0,0,0,0
2026-03-15 23:00:00,D02,S02,西向,城市快速路,4,22,86.33,10.42,4.17,0,0,1,0,0,0,0
2026-03-15 23:15:00,D02,S02,西向,城市快速路,4,24,81.84,11.31,4.4,0,0,1,0,0,0,0
2026-03-15 23:30:00,D02,S02,西向,城市快速路,4,18,81.67,8.06,4.41,0,0,1,0,0,0,0
2026-03-15 23:45:00,D02,S02,西向,城市快速路,4,32,85.2,11.73,4.23,0,0,1,0,0,0,0
2026-03-02 00:00:00,D03,S03,北向,城市主干路,3,17,55.24,10.53,6.52,0,0,0,0,0,0,0
2026-03-02 00:15:00,D03,S03,北向,城市主干路,3,27,52.98,10.07,6.79,0,0,0,0,0,0,0
2026-03-02 00:30:00,D03,S03,北向,城市主干路,3,17,66.81,10.08,5.39,0,0,0,0,0,0,0
2026-03-02 00:45:00,D03,S03,北向,城市主干路,3,28,62.92,13.64,5.72,0,0,0,0,0,0,0
2026-03-02 01:00:00,D03,S03,北向,城市主干路,3,21,67.66,11.44,5.32,0,0,0,0,0,0,0
2026-03-02 01:15:00,D03,S03,北向,城市主干路,3,25,59.02,15.01,6.1,0,0,0,0,0,0,0
2026-03-02 01:30:00,D03,S03,北向,城市主干路,3,13,64.45,9.57,5.59,0,0,0,0,0,0,0
2026-03-02 01:45:00,D03,S03,北向,城市主干路,3,17,65.72,8.2,5.48,0,0,0,0,0,0,0
2026-03-02 02:00:00,D03,S03,北向,城市主干路,3,16,70.86,12.65,5.08,0,0,0,0,0,0,0
2026-03-02 02:15:00,D03,S03,北向,城市主干路,3,31,53.62,12.34,6.71,0,0,0,0,0,0,0
2026-03-02 02:30:00,D03,S03,北向,城市主干路,3,19,62.19,13.33,5.79,0,0,0,0,0,0,0
2026-03-02 02:45:00,D03,S03,北向,城市主干路,3,27,65.13,14.11,5.53,0,0,0,0,0,0,0
2026-03-02 03:00:00,D03,S03,北向,城市主干路,3,17,60.91,9.9,5.91,0,0,0,0,0,0,0
2026-03-02 03:15:00,D03,S03,北向,城市主干路,3,23,71.64,11.13,5.03,0,0,0,0,0,0,0
2026-03-02 03:30:00,D03,S03,北向,城市主干路,3,24,61.16,15.45,5.89,0,0,0,0,0,0,0
2026-03-02 03:45:00,D03,S03,北向,城市主干路,3,30,68.09,15.84,5.29,0,0,0,0,0,0,0
2026-03-02 04:00:00,D03,S03,北向,城市主干路,3,30,53.73,14.37,6.7,0,0,0,0,0,0,0
2026-03-02 04:15:00,D03,S03,北向,城市主干路,3,23,58.02,16.35,6.2,0,0,0,0,0,0,0
2026-03-02 04:30:00,D03,S03,北向,城市主干路,3,19,59.42,13.43,6.06,0,0,0,0,0,0,0
2026-03-02 04:45:00,D03,S03,北向,城市主干路,3,20,64.19,8.33,5.61,0,0,0,0,0,0,0
2026-03-02 05:00:00,D03,S03,北向,城市主干路,3,36,49.58,13.38,7.26,0,0,0,0,0,1,0
2026-03-02 05:15:00,D03,S03,北向,城市主干路,3,19,61.51,10.04,5.85,0,0,0,0,0,0,0
2026-03-02 05:30:00,D03,S03,北向,城市主干路,3,29,64.98,16.64,5.54,0,0,0,0,0,0,0
2026-03-02 05:45:00,D03,S03,北向,城市主干路,3,30,63.73,9.95,5.65,0,0,0,0,0,0,0
2026-03-02 06:00:00,D03,S03,北向,城市主干路,3,19,71.17,14.6,5.06,0,0,0,0,0,0,0
2026-03-02 06:15:00,D03,S03,北向,城市主干路,3,32,60.46,19.03,5.95,0,0,0,0,0,0,0
2026-03-02 06:30:00,D03,S03,北向,城市主干路,3,36,61.7,20.16,5.83,0,0,0,0,0,0,0
2026-03-02 06:45:00,D03,S03,北向,城市主干路,3,33,57.62,17.29,6.25,0,0,0,0,0,0,0
2026-03-02 07:00:00,D03,S03,北向,城市主干路,3,42,53.55,14.98,6.72,0,0,0,1,0,0,0
2026-03-02 07:15:00,D03,S03,北向,城市主干路,3,41,56.34,21.03,6.39,0,0,0,1,0,0,0
2026-03-02 07:30:00,D03,S03,北向,城市主干路,3,52,59.02,20.95,6.1,0,0,0,1,0,0,0
2026-03-02 07:45:00,D03,S03,北向,城市主干路,3,65,63.74,23.55,5.65,0,0,0,1,0,0,0
2026-03-02 08:00:00,D03,S03,北向,城市主干路,3,62,60.39,22.83,5.96,0,0,0,1,0,0,0
2026-03-02 08:15:00,D03,S03,北向,城市主干路,3,58,53.44,24.47,6.74,0,0,0,1,0,0,0
2026-03-02 08:30:00,D03,S03,北向,城市主干路,3,72,49.28,24.6,7.3,0,0,0,1,0,1,0
2026-03-02 08:45:00,D03,S03,北向,城市主干路,3,54,54.69,23.44,6.58,0,0,0,1,0,0,0
2026-03-02 09:00:00,D03,S03,北向,城市主干路,3,61,45.18,17.62,7.97,0,0,0,1,0,1,1
2026-03-02 09:15:00,D03,S03,北向,城市主干路,3,47,58.07,19.8,6.2,0,0,0,1,0,0,0
2026-03-02 09:30:00,D03,S03,北向,城市主干路,3,47,56.55,18.56,6.37,0,0,0,0,0,0,0
2026-03-02 09:45:00,D03,S03,北向,城市主干路,3,36,58.89,15.37,6.11,0,0,0,0,0,0,0
2026-03-02 10:00:00,D03,S03,北向,城市主干路,3,32,60.85,16.77,5.92,0,0,0,0,0,0,0
2026-03-02 10:15:00,D03,S03,北向,城市主干路,3,33,58.38,19.55,6.17,0,0,0,0,0,0,0
2026-03-02 10:30:00,D03,S03,北向,城市主干路,3,30,61.73,14.33,5.83,0,0,0,0,0,0,0
2026-03-02 10:45:00,D03,S03,北向,城市主干路,3,23,62.63,14.71,5.75,0,0,0,0,0,0,0
2026-03-02 11:00:00,D03,S03,北向,城市主干路,3,9,62.88,9.43,5.73,0,0,0,0,0,0,0
2026-03-02 11:15:00,D03,S03,北向,城市主干路,3,21,59.37,12.79,6.06,0,0,0,0,0,0,0
2026-03-02 11:30:00,D03,S03,北向,城市主干路,3,26,52.56,16.03,6.85,0,0,0,0,0,0,0
2026-03-02 11:45:00,D03,S03,北向,城市主干路,3,28,56.52,11.69,6.37,0,0,0,0,0,0,0
2026-03-02 12:00:00,D03,S03,北向,城市主干路,3,22,64.97,10.97,5.54,0,0,0,0,0,0,0
2026-03-02 12:15:00,D03,S03,北向,城市主干路,3,33,50.52,9.32,7.13,0,0,0,0,0,1,0
2026-03-02 12:30:00,D03,S03,北向,城市主干路,3,17,64.34,14.06,5.6,0,0,0,0,0,0,0
2026-03-02 12:45:00,D03,S03,北向,城市主干路,3,27,73.0,15.38,4.93,0,0,0,0,0,0,0
2026-03-02 13:00:00,D03,S03,北向,城市主干路,3,22,70.82,16.72,5.08,0,0,0,0,0,0,0
2026-03-02 13:15:00,D03,S03,北向,城市主干路,3,12,62.72,9.71,5.74,0,0,0,0,0,0,0
2026-03-02 13:30:00,D03,S03,北向,城市主干路,3,24,60.74,15.85,5.93,0,0,0,0,0,0,0
2026-03-02 13:45:00,D03,S03,北向,城市主干路,3,25,61.31,14.7,5.87,0,0,0,0,0,0,0
2026-03-02 14:00:00,D03,S03,北向,城市主干路,3,23,58.88,11.09,6.11,0,0,0,0,0,0,0
2026-03-02 14:15:00,D03,S03,北向,城市主干路,3,37,58.66,14.03,6.14,0,0,0,0,0,0,0
2026-03-02 14:30:00,D03,S03,北向,城市主干路,3,32,64.42,19.22,5.59,0,0,0,0,0,0,0
2026-03-02 14:45:00,D03,S03,北向,城市主干路,3,24,62.6,14.23,5.75,0,0,0,0,0,0,0
2026-03-02 15:00:00,D03,S03,北向,城市主干路,3,31,65.77,14.36,5.47,0,0,0,0,0,0,0
2026-03-02 15:15:00,D03,S03,北向,城市主干路,3,36,61.17,18.36,5.89,0,0,0,0,0,0,0
2026-03-02 15:30:00,D03,S03,北向,城市主干路,3,40,57.47,21.02,6.26,0,0,0,0,0,0,0
2026-03-02 15:45:00,D03,S03,北向,城市主干路,3,45,62.57,22.3,5.75,0,0,0,0,0,0,0
2026-03-02 16:00:00,D03,S03,北向,城市主干路,3,49,53.06,17.68,6.79,0,0,0,0,0,0,0
2026-03-02 16:15:00,D03,S03,北向,城市主干路,3,53,58.85,21.33,6.12,0,0,0,0,0,0,0
2026-03-02 16:30:00,D03,S03,北向,城市主干路,3,53,58.12,20.68,6.19,0,0,0,1,0,0,0
2026-03-02 16:45:00,D03,S03,北向,城市主干路,3,55,58.09,23.37,6.2,0,0,0,1,0,0,0
2026-03-02 17:00:00,D03,S03,北向,城市主干路,3,61,58.96,24.72,6.11,0,0,0,1,0,0,0
2026-03-02 17:15:00,D03,S03,北向,城市主干路,3,70,49.8,26.44,7.23,0,0,0,1,0,1,0
2026-03-02 17:30:00,D03,S03,北向,城市主干路,3,63,61.23,21.58,5.88,0,0,0,1,0,0,0
2026-03-02 17:45:00,D03,S03,北向,城市主干路,3,68,53.34,25.89,6.75,0,0,0,1,0,0,0
2026-03-02 18:00:00,D03,S03,北向,城市主干路,3,63,62.18,26.11,5.79,0,0,0,1,0,0,0
2026-03-02 18:15:00,D03,S03,北向,城市主干路,3,59,61.01,28.01,5.9,0,0,0,1,0,0,0
2026-03-02 18:30:00,D03,S03,北向,城市主干路,3,56,58.69,22.63,6.13,0,0,0,1,0,0,0
2026-03-02 18:45:00,D03,S03,北向,城市主干路,3,47,50.84,21.46,7.08,0,0,0,1,0,1,0
2026-03-02 19:00:00,D03,S03,北向,城市主干路,3,45,59.86,18.28,6.01,0,0,0,1,0,0,0
2026-03-02 19:15:00,D03,S03,北向,城市主干路,3,45,52.58,16.32,6.85,0,0,0,1,0,0,0
2026-03-02 19:30:00,D03,S03,北向,城市主干路,3,46,55.59,17.47,6.48,0,0,0,0,0,0,0
2026-03-02 19:45:00,D03,S03,北向,城市主干路,3,26,58.93,13.09,6.11,0,0,0,0,0,0,0
2026-03-02 20:00:00,D03,S03,北向,城市主干路,3,23,62.46,16.39,5.76,0,0,0,0,0,0,0
2026-03-02 20:15:00,D03,S03,北向,城市主干路,3,28,62.18,16.35,5.79,0,0,0,0,0,0,0
2026-03-02 20:30:00,D03,S03,北向,城市主干路,3,36,58.76,18.03,6.13,0,0,0,0,0,0,0
2026-03-02 20:45:00,D03,S03,北向,城市主干路,3,22,66.37,8.87,5.42,0,0,0,0,0,0,0
2026-03-02 21:00:00,D03,S03,北向,城市主干路,3,28,63.23,11.97,5.69,0,0,0,0,0,0,0
2026-03-02 21:15:00,D03,S03,北向,城市主干路,3,25,57.69,12.83,6.24,0,0,0,0,0,0,0
2026-03-02 21:30:00,D03,S03,北向,城市主干路,3,21,60.22,12.75,5.98,0,0,0,0,0,0,0
2026-03-02 21:45:00,D03,S03,北向,城市主干路,3,26,62.19,12.93,5.79,0,0,0,0,0,0,0
2026-03-02 22:00:00,D03,S03,北向,城市主干路,3,16,65.14,15.92,5.53,0,0,0,0,0,0,0
2026-03-02 22:15:00,D03,S03,北向,城市主干路,3,22,58.19,10.73,6.19,0,0,0,0,0,0,0
2026-03-02 22:30:00,D03,S03,北向,城市主干路,3,32,50.65,15.84,7.11,0,0,0,0,0,1,0
2026-03-02 22:45:00,D03,S03,北向,城市主干路,3,13,69.06,11.48,5.21,0,0,0,0,0,0,0
2026-03-02 23:00:00,D03,S03,北向,城市主干路,3,33,64.3,16.46,5.6,0,0,0,0,0,0,0
2026-03-02 23:15:00,D03,S03,北向,城市主干路,3,19,66.69,12.56,5.4,0,0,0,0,0,0,0
2026-03-02 23:30:00,D03,S03,北向,城市主干路,3,10,62.93,11.14,5.72,0,0,0,0,0,0,0
2026-03-02 23:45:00,D03,S03,北向,城市主干路,3,31,56.9,14.87,6.33,0,0,0,0,0,0,0
2026-03-03 00:00:00,D03,S03,北向,城市主干路,3,5,65.32,4.74,5.51,0,0,0,0,0,0,0
2026-03-03 00:15:00,D03,S03,北向,城市主干路,3,19,59.89,13.73,6.01,0,0,0,0,0,0,0
2026-03-03 00:30:00,D03,S03,北向,城市主干路,3,36,64.12,14.99,5.61,0,0,0,0,0,0,0
2026-03-03 00:45:00,D03,S03,北向,城市主干路,3,10,67.29,7.45,5.35,0,0,0,0,0,0,0
2026-03-03 01:00:00,D03,S03,北向,城市主干路,3,24,63.75,11.99,5.65,0,0,0,0,0,0,0
2026-03-03 01:15:00,D03,S03,北向,城市主干路,3,23,60.56,12.11,5.94,0,0,0,0,0,0,0
2026-03-03 01:30:00,D03,S03,北向,城市主干路,3,25,58.92,16.02,6.11,0,0,0,0,0,0,0
2026-03-03 01:45:00,D03,S03,北向,城市主干路,3,25,69.71,13.73,5.16,0,0,0,0,0,0,0
2026-03-03 02:00:00,D03,S03,北向,城市主干路,3,37,61.64,22.25,5.84,0,0,0,0,0,0,0
2026-03-03 02:15:00,D03,S03,北向,城市主干路,3,18,56.03,12.08,6.42,0,0,0,0,0,0,0
2026-03-03 02:30:00,D03,S03,北向,城市主干路,3,29,63.71,15.51,5.65,0,0,0,0,0,0,0
2026-03-03 02:45:00,D03,S03,北向,城市主干路,3,22,66.46,11.2,5.42,0,0,0,0,0,0,0
2026-03-03 03:00:00,D03,S03,北向,城市主干路,3,24,61.76,13.68,5.83,0,0,0,0,0,0,0
2026-03-03 03:15:00,D03,S03,北向,城市主干路,3,19,62.86,11.99,5.73,0,0,0,0,0,0,0
2026-03-03 03:30:00,D03,S03,北向,城市主干路,3,19,62.91,11.14,5.72,0,0,0,0,0,0,0
2026-03-03 03:45:00,D03,S03,北向,城市主干路,3,23,65.53,11.95,5.49,0,0,0,0,0,0,0
2026-03-03 04:00:00,D03,S03,北向,城市主干路,3,24,70.31,10.2,5.12,0,0,0,0,0,0,0
2026-03-03 04:15:00,D03,S03,北向,城市主干路,3,14,60.18,10.17,5.98,0,0,0,0,0,0,0
2026-03-03 04:30:00,D03,S03,北向,城市主干路,3,13,70.09,11.77,5.14,0,0,0,0,0,0,0
2026-03-03 04:45:00,D03,S03,北向,城市主干路,3,23,60.36,10.79,5.96,0,0,0,0,0,0,0
2026-03-03 05:00:00,D03,S03,北向,城市主干路,3,24,60.37,13.81,5.96,0,0,0,0,0,0,0
2026-03-03 05:15:00,D03,S03,北向,城市主干路,3,24,64.39,14.82,5.59,0,0,0,0,0,0,0
2026-03-03 05:30:00,D03,S03,北向,城市主干路,3,23,59.35,14.61,6.07,0,0,0,0,0,0,0
2026-03-03 05:45:00,D03,S03,北向,城市主干路,3,28,58.35,15.22,6.17,0,0,0,0,0,0,0
2026-03-03 06:00:00,D03,S03,北向,城市主干路,3,26,62.02,12.86,5.8,0,0,0,0,0,0,0
2026-03-03 06:15:00,D03,S03,北向,城市主干路,3,34,63.77,14.45,5.65,0,0,0,0,0,0,0
2026-03-03 06:30:00,D03,S03,北向,城市主干路,3,23,61.39,15.49,5.86,0,0,0,0,0,0,0
2026-03-03 06:45:00,D03,S03,北向,城市主干路,3,44,59.44,16.12,6.06,0,0,0,0,0,0,0
2026-03-03 07:00:00,D03,S03,北向,城市主干路,3,43,62.61,17.51,5.75,0,0,0,1,0,0,0
2026-03-03 07:15:00,D03,S03,北向,城市主干路,3,57,62.82,23.3,5.73,0,0,0,1,0,0,0
2026-03-03 07:30:00,D03,S03,北向,城市主干路,3,58,61.35,21.35,5.87,0,0,0,1,0,0,0
2026-03-03 07:45:00,D03,S03,北向,城市主干路,3,52,54.33,20.03,6.63,0,0,0,1,0,0,0
2026-03-03 08:00:00,D03,S03,北向,城市主干路,3,70,55.21,27.52,6.52,0,0,0,1,0,0,0
2026-03-03 08:15:00,D03,S03,北向,城市主干路,3,68,49.38,25.62,7.29,0,0,0,1,0,1,0
2026-03-03 08:30:00,D03,S03,北向,城市主干路,3,64,51.79,25.3,6.95,0,0,0,1,0,1,0
2026-03-03 08:45:00,D03,S03,北向,城市主干路,3,56,62.2,24.31,5.79,0,0,0,1,0,0,0
2026-03-03 09:00:00,D03,S03,北向,城市主干路,3,50,55.77,22.83,6.45,0,0,0,1,0,0,0
2026-03-03 09:15:00,D03,S03,北向,城市主干路,3,58,52.25,19.6,6.89,0,0,0,1,0,0,0
2026-03-03 09:30:00,D03,S03,北向,城市主干路,3,39,58.89,17.23,6.11,0,0,0,0,0,0,0
2026-03-03 09:45:00,D03,S03,北向,城市主干路,3,42,55.85,18.03,6.45,0,0,0,0,0,0,0
2026-03-03 10:00:00,D03,S03,北向,城市主干路,3,19,58.16,12.33,6.19,0,0,0,0,0,0,0
2026-03-03 10:15:00,D03,S03,北向,城市主干路,3,32,60.23,19.29,5.98,0,0,0,0,0,0,0
2026-03-03 10:30:00,D03,S03,北向,城市主干路,3,33,60.79,12.36,5.92,0,0,0,0,0,0,0
2026-03-03 10:45:00,D03,S03,北向,城市主干路,3,31,56.89,14.47,6.33,0,0,0,0,0,0,0
2026-03-03 11:00:00,D03,S03,北向,城市主干路,3,23,58.08,13.15,6.2,0,0,0,0,0,0,0
2026-03-03 11:15:00,D03,S03,北向,城市主干路,3,18,52.19,10.97,6.9,0,0,0,0,0,0,0
2026-03-03 11:30:00,D03,S03,北向,城市主干路,3,24,57.86,17.15,6.22,0,0,0,0,0,0,0
2026-03-03 11:45:00,D03,S03,北向,城市主干路,3,20,58.61,10.51,6.14,0,0,0,0,0,0,0
2026-03-03 12:00:00,D03,S03,北向,城市主干路,3,23,64.36,15.95,5.59,0,0,0,0,0,0,0
2026-03-03 12:15:00,D03,S03,北向,城市主干路,3,21,64.76,12.24,5.56,0,0,0,0,0,0,0
2026-03-03 12:30:00,D03,S03,北向,城市主干路,3,32,58.51,13.18,6.15,0,0,0,0,0,0,0
2026-03-03 12:45:00,D03,S03,北向,城市主干路,3,24,60.94,13.53,5.91,0,0,0,0,0,0,0
2026-03-03 13:00:00,D03,S03,北向,城市主干路,3,19,66.92,14.26,5.38,0,0,0,0,0,0,0
2026-03-03 13:15:00,D03,S03,北向,城市主干路,3,19,62.82,11.87,5.73,0,0,0,0,0,0,0
2026-03-03 13:30:00,D03,S03,北向,城市主干路,3,23,66.57,10.37,5.41,0,0,0,0,0,0,0
2026-03-03 13:45:00,D03,S03,北向,城市主干路,3,19,67.94,14.27,5.3,0,0,0,0,0,0,0
2026-03-03 14:00:00,D03,S03,北向,城市主干路,3,30,53.57,14.31,6.72,0,0,0,0,0,0,0
2026-03-03 14:15:00,D03,S03,北向,城市主干路,3,41,50.4,17.17,7.14,0,0,0,0,0,1,0
2026-03-03 14:30:00,D03,S03,北向,城市主干路,3,13,64.78,9.37,5.56,0,0,0,0,0,0,0
2026-03-03 14:45:00,D03,S03,北向,城市主干路,3,20,67.73,13.1,5.32,0,0,0,0,0,0,0
2026-03-03 15:00:00,D03,S03,北向,城市主干路,3,22,58.15,11.59,6.19,0,0,0,0,0,0,0
2026-03-03 15:15:00,D03,S03,北向,城市主干路,3,24,70.71,12.81,5.09,0,0,0,0,0,0,0
2026-03-03 15:30:00,D03,S03,北向,城市主干路,3,24,61.81,14.51,5.82,0,0,0,0,0,0,0
2026-03-03 15:45:00,D03,S03,北向,城市主干路,3,44,55.64,19.5,6.47,0,0,0,0,0,0,0
2026-03-03 16:00:00,D03,S03,北向,城市主干路,3,52,58.28,23.52,6.18,0,0,0,0,0,0,0
2026-03-03 16:15:00,D03,S03,北向,城市主干路,3,47,58.34,20.37,6.17,0,0,0,0,0,0,0
2026-03-03 16:30:00,D03,S03,北向,城市主干路,3,63,52.82,26.6,6.82,0,0,0,1,0,0,0
2026-03-03 16:45:00,D03,S03,北向,城市主干路,3,67,54.8,30.98,6.57,0,0,0,1,0,0,1
2026-03-03 17:00:00,D03,S03,北向,城市主干路,3,65,51.01,26.38,7.06,0,0,0,1,0,1,0
2026-03-03 17:15:00,D03,S03,北向,城市主干路,3,72,49.39,25.84,7.29,0,0,0,1,0,1,0
2026-03-03 17:30:00,D03,S03,北向,城市主干路,3,70,55.17,27.31,6.52,0,0,0,1,0,0,0
2026-03-03 17:45:00,D03,S03,北向,城市主干路,3,63,62.71,23.23,5.74,0,0,0,1,0,0,0
2026-03-03 18:00:00,D03,S03,北向,城市主干路,3,67,59.29,24.73,6.07,0,0,0,1,0,0,0
2026-03-03 18:15:00,D03,S03,北向,城市主干路,3,66,52.26,27.3,6.89,0,0,0,1,0,0,0
2026-03-03 18:30:00,D03,S03,北向,城市主干路,3,52,55.71,19.38,6.46,0,0,0,1,0,0,0
2026-03-03 18:45:00,D03,S03,北向,城市主干路,3,54,56.36,24.33,6.39,0,0,0,1,0,0,0
2026-03-03 19:00:00,D03,S03,北向,城市主干路,3,49,55.08,21.73,6.54,0,0,0,1,0,0,0
2026-03-03 19:15:00,D03,S03,北向,城市主干路,3,49,59.04,18.78,6.1,0,0,0,1,0,0,0
2026-03-03 19:30:00,D03,S03,北向,城市主干路,3,27,57.43,11.84,6.27,0,0,0,0,0,0,0
2026-03-03 19:45:00,D03,S03,北向,城市主干路,3,35,60.11,13.61,5.99,0,0,0,0,0,0,0
2026-03-03 20:00:00,D03,S03,北向,城市主干路,3,26,56.18,16.24,6.41,0,0,0,0,0,0,0
2026-03-03 20:15:00,D03,S03,北向,城市主干路,3,31,54.9,16.99,6.56,0,0,0,0,0,0,0
2026-03-03 20:30:00,D03,S03,北向,城市主干路,3,25,57.44,14.75,6.27,0,0,0,0,0,0,0
2026-03-03 20:45:00,D03,S03,北向,城市主干路,3,24,61.47,13.9,5.86,0,0,0,0,0,0,0
2026-03-03 21:00:00,D03,S03,北向,城市主干路,3,19,67.54,13.92,5.33,0,0,0,0,0,0,0
2026-03-03 21:15:00,D03,S03,北向,城市主干路,3,23,62.7,13.24,5.74,0,0,0,0,0,0,0
2026-03-03 21:30:00,D03,S03,北向,城市主干路,3,19,59.49,10.25,6.05,0,0,0,0,0,0,0
2026-03-03 21:45:00,D03,S03,北向,城市主干路,3,28,59.51,14.09,6.05,0,0,0,0,0,0,0
2026-03-03 22:00:00,D03,S03,北向,城市主干路,3,26,60.96,10.26,5.91,0,0,0,0,0,0,0
2026-03-03 22:15:00,D03,S03,北向,城市主干路,3,22,58.47,13.76,6.16,0,0,0,0,0,0,0
2026-03-03 22:30:00,D03,S03,北向,城市主干路,3,25,68.06,14.31,5.29,0,0,0,0,0,0,0
2026-03-03 22:45:00,D03,S03,北向,城市主干路,3,18,57.23,9.37,6.29,0,0,0,0,0,0,0
2026-03-03 23:00:00,D03,S03,北向,城市主干路,3,25,58.59,12.25,6.14,0,0,0,0,0,0,0
2026-03-03 23:15:00,D03,S03,北向,城市主干路,3,21,59.92,8.1,6.01,0,0,0,0,0,0,0
2026-03-03 23:30:00,D03,S03,北向,城市主干路,3,16,70.0,4.12,5.14,0,0,0,0,0,0,0
2026-03-03 23:45:00,D03,S03,北向,城市主干路,3,25,51.84,14.32,6.94,0,0,0,0,0,1,0
2026-03-04 00:00:00,D03,S03,北向,城市主干路,3,25,57.77,12.79,6.23,0,0,0,0,0,0,0
2026-03-04 00:15:00,D03,S03,北向,城市主干路,3,19,58.8,9.55,6.12,0,0,0,0,0,0,0
2026-03-04 00:30:00,D03,S03,北向,城市主干路,3,20,64.64,14.2,5.57,0,0,0,0,0,0,0
2026-03-04 00:45:00,D03,S03,北向,城市主干路,3,29,55.57,14.04,6.48,0,0,0,0,0,0,0
2026-03-04 01:00:00,D03,S03,北向,城市主干路,3,15,61.68,6.59,5.84,0,0,0,0,0,0,0
2026-03-04 01:15:00,D03,S03,北向,城市主干路,3,17,60.87,8.18,5.91,0,0,0,0,0,0,0
2026-03-04 01:30:00,D03,S03,北向,城市主干路,3,18,63.96,5.37,5.63,0,0,0,0,0,0,0
2026-03-04 01:45:00,D03,S03,北向,城市主干路,3,27,58.09,16.18,6.2,0,0,0,0,0,0,0
2026-03-04 02:00:00,D03,S03,北向,城市主干路,3,29,60.51,16.18,5.95,0,0,0,0,0,0,0
2026-03-04 02:15:00,D03,S03,北向,城市主干路,3,25,53.07,12.69,6.78,0,0,0,0,0,0,0
2026-03-04 02:30:00,D03,S03,北向,城市主干路,3,24,60.38,12.81,5.96,0,0,0,0,0,0,0
2026-03-04 02:45:00,D03,S03,北向,城市主干路,3,16,62.76,13.88,5.74,0,0,0,0,0,0,0
2026-03-04 03:00:00,D03,S03,北向,城市主干路,3,20,61.62,15.44,5.84,0,0,0,0,0,0,0
2026-03-04 03:15:00,D03,S03,北向,城市主干路,3,23,66.92,16.12,5.38,0,0,0,0,0,0,0
2026-03-04 03:30:00,D03,S03,北向,城市主干路,3,24,64.65,10.78,5.57,0,0,0,0,0,0,0
2026-03-04 03:45:00,D03,S03,北向,城市主干路,3,32,57.97,13.95,6.21,0,0,0,0,0,0,0
2026-03-04 04:00:00,D03,S03,北向,城市主干路,3,25,55.66,9.99,6.47,0,0,0,0,0,0,0
2026-03-04 04:15:00,D03,S03,北向,城市主干路,3,29,61.94,16.87,5.81,0,0,0,0,0,0,0
2026-03-04 04:30:00,D03,S03,北向,城市主干路,3,19,56.39,12.77,6.38,0,0,0,0,0,0,0
2026-03-04 04:45:00,D03,S03,北向,城市主干路,3,26,56.31,16.23,6.39,0,0,0,0,0,0,0
2026-03-04 05:00:00,D03,S03,北向,城市主干路,3,23,56.13,14.02,6.41,0,0,0,0,0,0,0
2026-03-04 05:15:00,D03,S03,北向,城市主干路,3,21,51.34,10.16,7.01,0,0,0,0,0,1,0
2026-03-04 05:30:00,D03,S03,北向,城市主干路,3,21,60.57,11.5,5.94,0,0,0,0,0,0,0
2026-03-04 05:45:00,D03,S03,北向,城市主干路,3,26,61.35,12.27,5.87,0,0,0,0,0,0,0
2026-03-04 06:00:00,D03,S03,北向,城市主干路,3,21,57.86,13.77,6.22,1,0,0,0,0,0,0
2026-03-04 06:15:00,D03,S03,北向,城市主干路,3,24,56.6,16.17,6.36,1,0,0,0,0,0,0
2026-03-04 06:30:00,D03,S03,北向,城市主干路,3,26,47.94,12.47,7.51,1,0,0,0,0,1,1
2026-03-04 06:45:00,D03,S03,北向,城市主干路,3,42,59.0,22.95,6.1,1,0,0,0,0,0,0
2026-03-04 07:00:00,D03,S03,北向,城市主干路,3,35,55.35,11.48,6.5,1,0,0,1,0,0,0
2026-03-04 07:15:00,D03,S03,北向,城市主干路,3,50,52.84,20.75,6.81,1,0,0,1,0,0,0
2026-03-04 07:30:00,D03,S03,北向,城市主干路,3,55,48.39,18.86,7.44,1,0,0,1,0,1,0
2026-03-04 07:45:00,D03,S03,北向,城市主干路,3,54,53.6,22.48,6.72,1,0,0,1,0,0,0
2026-03-04 08:00:00,D03,S03,北向,城市主干路,3,60,49.14,26.71,7.33,1,0,0,1,0,1,0
2026-03-04 08:15:00,D03,S03,北向,城市主干路,3,77,47.76,26.4,7.54,1,0,0,1,0,1,1
2026-03-04 08:30:00,D03,S03,北向,城市主干路,3,65,49.34,29.31,7.3,1,0,0,1,0,1,0
2026-03-04 08:45:00,D03,S03,北向,城市主干路,3,63,44.13,24.2,8.16,1,0,0,1,0,1,1
2026-03-04 09:00:00,D03,S03,北向,城市主干路,3,53,46.63,21.71,7.72,1,0,0,1,0,1,1
2026-03-04 09:15:00,D03,S03,北向,城市主干路,3,46,50.86,19.52,7.08,1,0,0,1,0,1,0
2026-03-04 09:30:00,D03,S03,北向,城市主干路,3,43,51.58,18.63,6.98,1,0,0,0,0,1,0
2026-03-04 09:45:00,D03,S03,北向,城市主干路,3,51,47.24,19.68,7.62,1,0,0,0,0,1,1
2026-03-04 10:00:00,D03,S03,北向,城市主干路,3,41,48.02,18.3,7.5,1,0,0,0,0,1,0
2026-03-04 10:15:00,D03,S03,北向,城市主干路,3,41,54.29,17.4,6.63,1,0,0,0,0,0,0
2026-03-04 10:30:00,D03,S03,北向,城市主干路,3,28,54.88,14.67,6.56,1,0,0,0,0,0,0
2026-03-04 10:45:00,D03,S03,北向,城市主干路,3,26,60.4,14.23,5.96,1,0,0,0,0,0,0
2026-03-04 11:00:00,D03,S03,北向,城市主干路,3,24,59.57,10.29,6.04,1,0,0,0,0,0,0
2026-03-04 11:15:00,D03,S03,北向,城市主干路,3,33,56.17,17.75,6.41,1,0,0,0,0,0,0
2026-03-04 11:30:00,D03,S03,北向,城市主干路,3,39,54.46,21.42,6.61,1,0,0,0,0,0,0
2026-03-04 11:45:00,D03,S03,北向,城市主干路,3,24,51.27,14.57,7.02,1,0,0,0,0,1,0
2026-03-04 12:00:00,D03,S03,北向,城市主干路,3,16,52.65,8.73,6.84,1,0,0,0,0,0,0
2026-03-04 12:15:00,D03,S03,北向,城市主干路,3,21,66.56,13.0,5.41,0,0,0,0,0,0,0
2026-03-04 12:30:00,D03,S03,北向,城市主干路,3,11,62.2,8.73,5.79,0,0,0,0,0,0,0
2026-03-04 12:45:00,D03,S03,北向,城市主干路,3,23,57.75,10.2,6.23,0,0,0,0,0,0,0
2026-03-04 13:00:00,D03,S03,北向,城市主干路,3,13,69.61,10.91,5.17,0,0,0,0,0,0,0
2026-03-04 13:15:00,D03,S03,北向,城市主干路,3,19,67.39,12.18,5.34,0,0,0,0,0,0,0
2026-03-04 13:30:00,D03,S03,北向,城市主干路,3,21,65.75,11.74,5.47,0,0,0,0,0,0,0
2026-03-04 13:45:00,D03,S03,北向,城市主干路,3,41,61.45,17.02,5.86,0,0,0,0,0,0,0
2026-03-04 14:00:00,D03,S03,北向,城市主干路,3,28,50.76,15.62,7.09,0,0,0,0,0,1,0
2026-03-04 14:15:00,D03,S03,北向,城市主干路,3,28,58.63,14.11,6.14,0,0,0,0,0,0,0
2026-03-04 14:30:00,D03,S03,北向,城市主干路,3,27,61.93,14.81,5.81,0,0,0,0,0,0,0
2026-03-04 14:45:00,D03,S03,北向,城市主干路,3,25,68.28,16.76,5.27,0,0,0,0,0,0,0
2026-03-04 15:00:00,D03,S03,北向,城市主干路,3,42,59.23,16.07,6.08,0,0,0,0,0,0,0
2026-03-04 15:15:00,D03,S03,北向,城市主干路,3,29,64.96,16.08,5.54,0,0,0,0,0,0,0
2026-03-04 15:30:00,D03,S03,北向,城市主干路,3,22,59.33,11.31,6.07,0,0,0,0,0,0,0
2026-03-04 15:45:00,D03,S03,北向,城市主干路,3,46,58.04,14.79,6.2,0,0,0,0,0,0,0
2026-03-04 16:00:00,D03,S03,北向,城市主干路,3,37,46.61,20.42,7.72,1,0,0,0,0,1,1
2026-03-04 16:15:00,D03,S03,北向,城市主干路,3,57,55.54,24.17,6.48,1,0,0,0,0,0,0
2026-03-04 16:30:00,D03,S03,北向,城市主干路,3,55,49.96,23.36,7.21,1,0,0,1,0,1,0
2026-03-04 16:45:00,D03,S03,北向,城市主干路,3,65,51.41,27.68,7.0,1,0,0,1,0,1,0
2026-03-04 17:00:00,D03,S03,北向,城市主干路,3,65,54.24,26.13,6.64,1,0,0,1,0,0,0
2026-03-04 17:15:00,D03,S03,北向,城市主干路,3,62,47.8,28.06,7.53,1,0,0,1,0,1,1
2026-03-04 17:30:00,D03,S03,北向,城市主干路,3,75,37.85,33.18,9.51,1,0,0,1,0,1,1
2026-03-04 17:45:00,D03,S03,北向,城市主干路,3,77,38.68,29.19,9.31,1,0,0,1,0,1,1
2026-03-04 18:00:00,D03,S03,北向,城市主干路,3,70,43.48,28.95,8.28,1,0,0,1,0,1,1
2026-03-04 18:15:00,D03,S03,北向,城市主干路,3,66,38.56,30.03,9.34,1,0,0,1,0,1,1
2026-03-04 18:30:00,D03,S03,北向,城市主干路,3,57,47.38,24.46,7.6,1,0,0,1,0,1,1
2026-03-04 18:45:00,D03,S03,北向,城市主干路,3,70,41.42,32.97,8.69,1,0,0,1,0,1,1
2026-03-04 19:00:00,D03,S03,北向,城市主干路,3,46,52.28,21.17,6.89,1,0,0,1,0,0,0
2026-03-04 19:15:00,D03,S03,北向,城市主干路,3,46,56.01,19.64,6.43,1,0,0,1,0,0,0
2026-03-04 19:30:00,D03,S03,北向,城市主干路,3,42,49.29,16.91,7.3,1,0,0,0,0,1,0
2026-03-04 19:45:00,D03,S03,北向,城市主干路,3,25,52.02,15.85,6.92,1,0,0,0,0,0,0
2026-03-04 20:00:00,D03,S03,北向,城市主干路,3,31,44.47,16.32,8.1,1,0,0,0,0,1,1
2026-03-04 20:15:00,D03,S03,北向,城市主干路,3,23,58.55,15.66,6.15,1,0,0,0,0,0,0
2026-03-04 20:30:00,D03,S03,北向,城市主干路,3,36,54.87,17.84,6.56,1,0,0,0,0,0,0
2026-03-04 20:45:00,D03,S03,北向,城市主干路,3,22,50.88,10.81,7.08,1,0,0,0,0,1,0
2026-03-04 21:00:00,D03,S03,北向,城市主干路,3,31,44.09,14.15,8.17,1,0,0,0,0,1,1
2026-03-04 21:15:00,D03,S03,北向,城市主干路,3,27,65.5,14.6,5.5,0,0,0,0,0,0,0
2026-03-04 21:30:00,D03,S03,北向,城市主干路,3,23,70.37,11.0,5.12,0,0,0,0,0,0,0
2026-03-04 21:45:00,D03,S03,北向,城市主干路,3,21,59.86,14.82,6.01,0,0,0,0,0,0,0
2026-03-04 22:00:00,D03,S03,北向,城市主干路,3,16,71.95,9.94,5.0,0,0,0,0,0,0,0
2026-03-04 22:15:00,D03,S03,北向,城市主干路,3,16,70.57,12.73,5.1,0,0,0,0,0,0,0
2026-03-04 22:30:00,D03,S03,北向,城市主干路,3,22,61.13,10.81,5.89,0,0,0,0,0,0,0
2026-03-04 22:45:00,D03,S03,北向,城市主干路,3,30,57.23,14.76,6.29,0,0,0,0,0,0,0
2026-03-04 23:00:00,D03,S03,北向,城市主干路,3,29,62.82,12.01,5.73,0,0,0,0,0,0,0
2026-03-04 23:15:00,D03,S03,北向,城市主干路,3,26,59.98,12.34,6.0,0,0,0,0,0,0,0
2026-03-04 23:30:00,D03,S03,北向,城市主干路,3,16,58.92,11.19,6.11,0,0,0,0,0,0,0
2026-03-04 23:45:00,D03,S03,北向,城市主干路,3,14,63.26,8.8,5.69,0,0,0,0,0,0,0
2026-03-05 00:00:00,D03,S03,北向,城市主干路,3,28,61.33,15.11,5.87,0,0,0,0,0,0,0
2026-03-05 00:15:00,D03,S03,北向,城市主干路,3,21,65.66,10.8,5.48,0,0,0,0,0,0,0
2026-03-05 00:30:00,D03,S03,北向,城市主干路,3,29,59.18,15.9,6.08,0,0,0,0,0,0,0
2026-03-05 00:45:00,D03,S03,北向,城市主干路,3,22,61.26,16.57,5.88,0,0,0,0,0,0,0
2026-03-05 01:00:00,D03,S03,北向,城市主干路,3,18,63.36,13.53,5.68,0,0,0,0,0,0,0
2026-03-05 01:15:00,D03,S03,北向,城市主干路,3,21,59.03,6.22,6.1,0,0,0,0,0,0,0
2026-03-05 01:30:00,D03,S03,北向,城市主干路,3,24,64.91,14.43,5.55,0,0,0,0,0,0,0
2026-03-05 01:45:00,D03,S03,北向,城市主干路,3,31,58.47,18.49,6.16,0,0,0,0,0,0,0
2026-03-05 02:00:00,D03,S03,北向,城市主干路,3,18,69.01,11.1,5.22,0,0,0,0,0,0,0
2026-03-05 02:15:00,D03,S03,北向,城市主干路,3,27,58.4,15.45,6.16,0,0,0,0,0,0,0
2026-03-05 02:30:00,D03,S03,北向,城市主干路,3,14,67.17,8.99,5.36,0,0,0,0,0,0,0
2026-03-05 02:45:00,D03,S03,北向,城市主干路,3,9,63.28,5.54,5.69,0,0,0,0,0,0,0
2026-03-05 03:00:00,D03,S03,北向,城市主干路,3,23,58.13,17.06,6.19,0,0,0,0,0,0,0
2026-03-05 03:15:00,D03,S03,北向,城市主干路,3,16,64.09,11.51,5.62,0,0,0,0,0,0,0
2026-03-05 03:30:00,D03,S03,北向,城市主干路,3,23,57.14,15.09,6.3,0,0,0,0,0,0,0
2026-03-05 03:45:00,D03,S03,北向,城市主干路,3,20,61.79,11.45,5.83,0,0,0,0,0,0,0
2026-03-05 04:00:00,D03,S03,北向,城市主干路,3,19,65.35,9.79,5.51,0,0,0,0,0,0,0
2026-03-05 04:15:00,D03,S03,北向,城市主干路,3,26,61.81,15.0,5.82,0,0,0,0,0,0,0
2026-03-05 04:30:00,D03,S03,北向,城市主干路,3,22,68.19,12.01,5.28,0,0,0,0,0,0,0
2026-03-05 04:45:00,D03,S03,北向,城市主干路,3,22,47.63,10.42,7.56,0,0,0,0,0,1,1
2026-03-05 05:00:00,D03,S03,北向,城市主干路,3,21,63.75,9.6,5.65,0,0,0,0,0,0,0
2026-03-05 05:15:00,D03,S03,北向,城市主干路,3,24,59.65,12.52,6.03,0,0,0,0,0,0,0
2026-03-05 05:30:00,D03,S03,北向,城市主干路,3,31,65.53,16.18,5.49,0,0,0,0,0,0,0
2026-03-05 05:45:00,D03,S03,北向,城市主干路,3,38,59.34,20.82,6.07,0,0,0,0,0,0,0
2026-03-05 06:00:00,D03,S03,北向,城市主干路,3,21,62.99,13.39,5.72,0,0,0,0,0,0,0
2026-03-05 06:15:00,D03,S03,北向,城市主干路,3,28,63.31,13.41,5.69,0,0,0,0,0,0,0
2026-03-05 06:30:00,D03,S03,北向,城市主干路,3,29,56.78,11.46,6.34,0,0,0,0,0,0,0
2026-03-05 06:45:00,D03,S03,北向,城市主干路,3,40,59.92,17.9,6.01,0,0,0,0,0,0,0
2026-03-05 07:00:00,D03,S03,北向,城市主干路,3,37,60.44,12.32,5.96,0,0,0,1,0,0,0
2026-03-05 07:15:00,D03,S03,北向,城市主干路,3,47,57.53,19.45,6.26,0,0,0,1,0,0,0
2026-03-05 07:30:00,D03,S03,北向,城市主干路,3,53,53.68,18.66,6.71,0,0,0,1,0,0,0
2026-03-05 07:45:00,D03,S03,北向,城市主干路,3,62,56.45,24.8,6.38,0,0,0,1,0,0,0
2026-03-05 08:00:00,D03,S03,北向,城市主干路,3,60,60.18,24.77,5.98,0,0,0,1,0,0,0
2026-03-05 08:15:00,D03,S03,北向,城市主干路,3,71,49.24,26.79,7.31,0,0,0,1,0,1,0
2026-03-05 08:30:00,D03,S03,北向,城市主干路,3,67,52.05,28.13,6.92,0,0,0,1,0,0,0
2026-03-05 08:45:00,D03,S03,北向,城市主干路,3,64,54.57,25.57,6.6,0,0,0,1,0,0,0
2026-03-05 09:00:00,D03,S03,北向,城市主干路,3,59,50.57,24.12,7.12,0,0,0,1,0,1,0
2026-03-05 09:15:00,D03,S03,北向,城市主干路,3,51,57.14,21.07,6.3,0,0,0,1,0,0,0
2026-03-05 09:30:00,D03,S03,北向,城市主干路,3,41,63.03,17.19,5.71,0,0,0,0,0,0,0
2026-03-05 09:45:00,D03,S03,北向,城市主干路,3,38,52.71,19.84,6.83,0,0,0,0,0,0,0
2026-03-05 10:00:00,D03,S03,北向,城市主干路,3,30,65.04,10.97,5.54,0,0,0,0,0,0,0
2026-03-05 10:15:00,D03,S03,北向,城市主干路,3,31,57.52,17.15,6.26,0,0,0,0,0,0,0
2026-03-05 10:30:00,D03,S03,北向,城市主干路,3,20,61.45,12.21,5.86,0,0,0,0,0,0,0
2026-03-05 10:45:00,D03,S03,北向,城市主干路,3,19,59.88,12.09,6.01,0,0,0,0,0,0,0
2026-03-05 11:00:00,D03,S03,北向,城市主干路,3,26,65.37,14.18,5.51,0,0,0,0,0,0,0
2026-03-05 11:15:00,D03,S03,北向,城市主干路,3,19,72.02,8.81,5.0,0,0,0,0,0,0,0
2026-03-05 11:30:00,D03,S03,北向,城市主干路,3,16,68.77,9.7,5.23,0,0,0,0,0,0,0
2026-03-05 11:45:00,D03,S03,北向,城市主干路,3,24,63.74,14.44,5.65,0,0,0,0,0,0,0
2026-03-05 12:00:00,D03,S03,北向,城市主干路,3,31,50.51,10.86,7.13,0,0,0,0,0,1,0
2026-03-05 12:15:00,D03,S03,北向,城市主干路,3,22,60.53,14.55,5.95,0,0,0,0,0,0,0
2026-03-05 12:30:00,D03,S03,北向,城市主干路,3,17,65.38,13.1,5.51,0,0,0,0,0,0,0
2026-03-05 12:45:00,D03,S03,北向,城市主干路,3,14,58.22,7.26,6.18,0,0,0,0,0,0,0
2026-03-05 13:00:00,D03,S03,北向,城市主干路,3,18,63.42,13.75,5.68,0,0,0,0,0,0,0
2026-03-05 13:15:00,D03,S03,北向,城市主干路,3,13,63.64,12.2,5.66,0,0,0,0,0,0,0
2026-03-05 13:30:00,D03,S03,北向,城市主干路,3,21,59.28,13.15,6.07,0,0,0,0,0,0,0
2026-03-05 13:45:00,D03,S03,北向,城市主干路,3,26,49.26,8.83,7.31,0,0,0,0,0,1,0
2026-03-05 14:00:00,D03,S03,北向,城市主干路,3,17,64.27,12.76,5.6,0,0,0,0,0,0,0
2026-03-05 14:15:00,D03,S03,北向,城市主干路,3,21,61.74,18.52,5.83,0,0,0,0,0,0,0
2026-03-05 14:30:00,D03,S03,北向,城市主干路,3,23,59.34,12.27,6.07,0,0,0,0,0,0,0
2026-03-05 14:45:00,D03,S03,北向,城市主干路,3,14,61.95,13.39,5.81,0,0,0,0,0,0,0
2026-03-05 15:00:00,D03,S03,北向,城市主干路,3,29,67.25,12.0,5.35,0,0,0,0,0,0,0
2026-03-05 15:15:00,D03,S03,北向,城市主干路,3,26,67.85,16.96,5.31,0,0,0,0,0,0,0
2026-03-05 15:30:00,D03,S03,北向,城市主干路,3,27,60.35,15.28,5.97,0,0,0,0,0,0,0
2026-03-05 15:45:00,D03,S03,北向,城市主干路,3,32,62.5,17.47,5.76,0,0,0,0,0,0,0
2026-03-05 16:00:00,D03,S03,北向,城市主干路,3,57,59.95,21.31,6.01,0,0,0,0,0,0,0
2026-03-05 16:15:00,D03,S03,北向,城市主干路,3,56,63.94,20.37,5.63,0,0,0,0,0,0,0
2026-03-05 16:30:00,D03,S03,北向,城市主干路,3,60,63.04,21.16,5.71,0,0,0,1,0,0,0
2026-03-05 16:45:00,D03,S03,北向,城市主干路,3,62,59.99,22.53,6.0,0,0,0,1,0,0,0
2026-03-05 17:00:00,D03,S03,北向,城市主干路,3,67,47.58,23.21,7.57,0,0,0,1,1,1,1
2026-03-05 17:15:00,D03,S03,北向,城市主干路,3,69,49.04,23.35,7.34,0,0,0,1,0,1,0
2026-03-05 17:30:00,D03,S03,北向,城市主干路,3,85,50.27,32.46,7.16,0,0,0,1,0,1,1
2026-03-05 17:45:00,D03,S03,北向,城市主干路,3,79,54.21,27.21,6.64,0,0,0,1,0,0,0
2026-03-05 18:00:00,D03,S03,北向,城市主干路,3,62,59.14,23.39,6.09,0,0,0,1,0,0,0
2026-03-05 18:15:00,D03,S03,北向,城市主干路,3,62,56.74,24.16,6.34,0,0,0,1,0,0,0
2026-03-05 18:30:00,D03,S03,北向,城市主干路,3,56,61.74,23.58,5.83,0,0,0,1,0,0,0
2026-03-05 18:45:00,D03,S03,北向,城市主干路,3,48,52.35,19.49,6.88,0,0,0,1,0,0,0
2026-03-05 19:00:00,D03,S03,北向,城市主干路,3,40,60.31,18.36,5.97,0,0,0,1,0,0,0
2026-03-05 19:15:00,D03,S03,北向,城市主干路,3,46,54.98,16.29,6.55,0,0,0,1,0,0,0
2026-03-05 19:30:00,D03,S03,北向,城市主干路,3,51,57.36,17.84,6.28,0,0,0,0,0,0,0
2026-03-05 19:45:00,D03,S03,北向,城市主干路,3,32,56.5,13.64,6.37,0,0,0,0,0,0,0
2026-03-05 20:00:00,D03,S03,北向,城市主干路,3,21,68.78,13.2,5.23,0,0,0,0,0,0,0
2026-03-05 20:15:00,D03,S03,北向,城市主干路,3,28,58.67,14.43,6.14,0,0,0,0,0,0,0
2026-03-05 20:30:00,D03,S03,北向,城市主干路,3,19,58.94,14.09,6.11,0,0,0,0,0,0,0
2026-03-05 20:45:00,D03,S03,北向,城市主干路,3,22,67.61,8.76,5.32,0,0,0,0,0,0,0
2026-03-05 21:00:00,D03,S03,北向,城市主干路,3,25,68.08,14.84,5.29,0,0,0,0,0,0,0
2026-03-05 21:15:00,D03,S03,北向,城市主干路,3,12,59.6,11.43,6.04,0,0,0,0,0,0,0
2026-03-05 21:30:00,D03,S03,北向,城市主干路,3,23,60.74,13.73,5.93,0,0,0,0,0,0,0
2026-03-05 21:45:00,D03,S03,北向,城市主干路,3,28,63.2,11.23,5.7,0,0,0,0,0,0,0
2026-03-05 22:00:00,D03,S03,北向,城市主干路,3,21,66.89,11.19,5.38,0,0,0,0,0,0,0
2026-03-05 22:15:00,D03,S03,北向,城市主干路,3,19,59.43,11.06,6.06,0,0,0,0,0,0,0
2026-03-05 22:30:00,D03,S03,北向,城市主干路,3,16,64.94,11.46,5.54,0,0,0,0,0,0,0
2026-03-05 22:45:00,D03,S03,北向,城市主干路,3,23,64.72,12.86,5.56,0,0,0,0,0,0,0
2026-03-05 23:00:00,D03,S03,北向,城市主干路,3,22,60.74,9.65,5.93,0,0,0,0,0,0,0
2026-03-05 23:15:00,D03,S03,北向,城市主干路,3,17,60.71,8.18,5.93,0,0,0,0,0,0,0
2026-03-05 23:30:00,D03,S03,北向,城市主干路,3,30,53.11,15.12,6.78,0,0,0,0,0,0,0
2026-03-05 23:45:00,D03,S03,北向,城市主干路,3,29,60.41,20.74,5.96,0,0,0,0,0,0,0
2026-03-06 00:00:00,D03,S03,北向,城市主干路,3,14,56.85,15.72,6.33,0,0,0,0,0,0,0
2026-03-06 00:15:00,D03,S03,北向,城市主干路,3,33,58.36,15.54,6.17,0,0,0,0,0,0,0
2026-03-06 00:30:00,D03,S03,北向,城市主干路,3,24,57.6,12.2,6.25,0,0,0,0,0,0,0
2026-03-06 00:45:00,D03,S03,北向,城市主干路,3,26,57.34,15.35,6.28,0,0,0,0,0,0,0
2026-03-06 01:00:00,D03,S03,北向,城市主干路,3,15,62.38,9.4,5.77,0,0,0,0,0,0,0
2026-03-06 01:15:00,D03,S03,北向,城市主干路,3,30,64.17,14.61,5.61,0,0,0,0,0,0,0
2026-03-06 01:30:00,D03,S03,北向,城市主干路,3,22,65.03,15.71,5.54,0,0,0,0,0,0,0
2026-03-06 01:45:00,D03,S03,北向,城市主干路,3,22,63.11,13.47,5.7,0,0,0,0,0,0,0
2026-03-06 02:00:00,D03,S03,北向,城市主干路,3,21,66.92,14.49,5.38,0,0,0,0,0,0,0
2026-03-06 02:15:00,D03,S03,北向,城市主干路,3,22,65.92,11.04,5.46,0,0,0,0,0,0,0
2026-03-06 02:30:00,D03,S03,北向,城市主干路,3,16,56.51,14.51,6.37,0,0,0,0,0,0,0
2026-03-06 02:45:00,D03,S03,北向,城市主干路,3,29,56.05,18.29,6.42,0,0,0,0,0,0,0
2026-03-06 03:00:00,D03,S03,北向,城市主干路,3,30,56.15,12.35,6.41,0,0,0,0,0,0,0
2026-03-06 03:15:00,D03,S03,北向,城市主干路,3,33,67.56,17.03,5.33,0,0,0,0,0,0,0
2026-03-06 03:30:00,D03,S03,北向,城市主干路,3,21,66.04,10.7,5.45,0,0,0,0,0,0,0
2026-03-06 03:45:00,D03,S03,北向,城市主干路,3,19,65.18,12.87,5.52,0,0,0,0,0,0,0
2026-03-06 04:00:00,D03,S03,北向,城市主干路,3,12,66.72,7.88,5.4,0,0,0,0,0,0,0
2026-03-06 04:15:00,D03,S03,北向,城市主干路,3,27,63.75,11.68,5.65,0,0,0,0,0,0,0
2026-03-06 04:30:00,D03,S03,北向,城市主干路,3,23,61.29,13.17,5.87,0,0,0,0,0,0,0
2026-03-06 04:45:00,D03,S03,北向,城市主干路,3,20,56.73,11.95,6.35,0,0,0,0,0,0,0
2026-03-06 05:00:00,D03,S03,北向,城市主干路,3,27,66.35,14.78,5.43,0,0,0,0,0,0,0
2026-03-06 05:15:00,D03,S03,北向,城市主干路,3,20,63.05,12.46,5.71,0,0,0,0,0,0,0
2026-03-06 05:30:00,D03,S03,北向,城市主干路,3,11,71.25,9.5,5.05,0,0,0,0,0,0,0
2026-03-06 05:45:00,D03,S03,北向,城市主干路,3,25,60.43,11.67,5.96,0,0,0,0,0,0,0
2026-03-06 06:00:00,D03,S03,北向,城市主干路,3,22,66.77,14.36,5.39,0,0,0,0,0,0,0
2026-03-06 06:15:00,D03,S03,北向,城市主干路,3,28,54.31,9.81,6.63,0,0,0,0,0,0,0
2026-03-06 06:30:00,D03,S03,北向,城市主干路,3,41,60.02,16.11,6.0,0,0,0,0,0,0,0
2026-03-06 06:45:00,D03,S03,北向,城市主干路,3,36,55.99,17.84,6.43,0,0,0,0,0,0,0
2026-03-06 07:00:00,D03,S03,北向,城市主干路,3,38,63.07,15.45,5.71,0,0,0,1,0,0,0
2026-03-06 07:15:00,D03,S03,北向,城市主干路,3,41,61.15,16.59,5.89,0,0,0,1,0,0,0
2026-03-06 07:30:00,D03,S03,北向,城市主干路,3,48,55.86,21.94,6.45,0,0,0,1,0,0,0
2026-03-06 07:45:00,D03,S03,北向,城市主干路,3,63,62.75,25.61,5.74,0,0,0,1,0,0,0
2026-03-06 08:00:00,D03,S03,北向,城市主干路,3,58,53.74,24.32,6.7,0,0,0,1,0,0,0
2026-03-06 08:15:00,D03,S03,北向,城市主干路,3,72,50.09,29.83,7.19,0,0,0,1,0,1,0
2026-03-06 08:30:00,D03,S03,北向,城市主干路,3,66,50.37,24.76,7.15,0,0,0,1,0,1,0
2026-03-06 08:45:00,D03,S03,北向,城市主干路,3,56,56.02,24.81,6.43,0,0,0,1,0,0,0
2026-03-06 09:00:00,D03,S03,北向,城市主干路,3,50,59.27,21.01,6.07,0,0,0,1,0,0,0
2026-03-06 09:15:00,D03,S03,北向,城市主干路,3,46,58.84,19.28,6.12,0,0,0,1,0,0,0
2026-03-06 09:30:00,D03,S03,北向,城市主干路,3,48,60.08,16.08,5.99,0,0,0,0,0,0,0
2026-03-06 09:45:00,D03,S03,北向,城市主干路,3,38,61.07,16.48,5.9,0,0,0,0,0,0,0
2026-03-06 10:00:00,D03,S03,北向,城市主干路,3,34,53.67,16.54,6.71,0,0,0,0,0,0,0
2026-03-06 10:15:00,D03,S03,北向,城市主干路,3,43,57.28,14.42,6.28,0,0,0,0,0,0,0
2026-03-06 10:30:00,D03,S03,北向,城市主干路,3,22,58.39,11.54,6.17,0,0,0,0,0,0,0
2026-03-06 10:45:00,D03,S03,北向,城市主干路,3,35,62.69,17.25,5.74,0,0,0,0,0,0,0
2026-03-06 11:00:00,D03,S03,北向,城市主干路,3,24,64.53,12.45,5.58,0,0,0,0,0,0,0
2026-03-06 11:15:00,D03,S03,北向,城市主干路,3,23,54.77,11.28,6.57,0,0,0,0,0,0,0
2026-03-06 11:30:00,D03,S03,北向,城市主干路,3,18,62.74,11.52,5.74,0,0,0,0,0,0,0
2026-03-06 11:45:00,D03,S03,北向,城市主干路,3,24,60.42,11.68,5.96,0,0,0,0,0,0,0
2026-03-06 12:00:00,D03,S03,北向,城市主干路,3,7,62.89,8.1,5.72,0,0,0,0,0,0,0
2026-03-06 12:15:00,D03,S03,北向,城市主干路,3,21,49.76,12.98,7.23,0,0,0,0,0,1,0
2026-03-06 12:30:00,D03,S03,北向,城市主干路,3,30,63.84,15.57,5.64,0,0,0,0,0,0,0
2026-03-06 12:45:00,D03,S03,北向,城市主干路,3,22,57.42,9.32,6.27,0,0,0,0,0,0,0
2026-03-06 13:00:00,D03,S03,北向,城市主干路,3,19,63.41,10.43,5.68,0,0,0,0,0,0,0
2026-03-06 13:15:00,D03,S03,北向,城市主干路,3,24,53.96,10.86,6.67,0,0,0,0,0,0,0
2026-03-06 13:30:00,D03,S03,北向,城市主干路,3,25,58.07,11.65,6.2,0,0,0,0,0,0,0
2026-03-06 13:45:00,D03,S03,北向,城市主干路,3,5,66.72,8.75,5.4,0,0,0,0,0,0,0
2026-03-06 14:00:00,D03,S03,北向,城市主干路,3,14,61.37,7.34,5.87,0,0,0,0,0,0,0
2026-03-06 14:15:00,D03,S03,北向,城市主干路,3,29,59.6,19.65,6.04,0,0,0,0,0,0,0
2026-03-06 14:30:00,D03,S03,北向,城市主干路,3,22,63.56,10.44,5.66,0,0,0,0,0,0,0
2026-03-06 14:45:00,D03,S03,北向,城市主干路,3,28,55.83,16.98,6.45,0,0,0,0,0,0,0
2026-03-06 15:00:00,D03,S03,北向,城市主干路,3,29,56.04,15.21,6.42,0,0,0,0,0,0,0
2026-03-06 15:15:00,D03,S03,北向,城市主干路,3,36,59.22,16.07,6.08,0,0,0,0,0,0,0
2026-03-06 15:30:00,D03,S03,北向,城市主干路,3,47,56.93,16.09,6.32,0,0,0,0,0,0,0
2026-03-06 15:45:00,D03,S03,北向,城市主干路,3,27,65.81,11.24,5.47,0,0,0,0,0,0,0
2026-03-06 16:00:00,D03,S03,北向,城市主干路,3,36,67.95,16.24,5.3,0,0,0,0,0,0,0
2026-03-06 16:15:00,D03,S03,北向,城市主干路,3,58,61.84,25.6,5.82,0,0,0,0,0,0,0
2026-03-06 16:30:00,D03,S03,北向,城市主干路,3,69,50.59,23.8,7.12,0,0,0,1,0,1,0
2026-03-06 16:45:00,D03,S03,北向,城市主干路,3,61,49.89,25.45,7.22,0,0,0,1,0,1,0
2026-03-06 17:00:00,D03,S03,北向,城市主干路,3,63,62.58,21.73,5.75,0,0,0,1,0,0,0
2026-03-06 17:15:00,D03,S03,北向,城市主干路,3,63,52.69,23.05,6.83,0,0,0,1,0,0,0
2026-03-06 17:30:00,D03,S03,北向,城市主干路,3,82,50.38,28.24,7.15,0,0,0,1,0,1,0
2026-03-06 17:45:00,D03,S03,北向,城市主干路,3,74,52.65,27.17,6.84,0,0,0,1,0,0,0
2026-03-06 18:00:00,D03,S03,北向,城市主干路,3,74,37.51,33.78,9.6,0,1,0,1,0,1,1
2026-03-06 18:15:00,D03,S03,北向,城市主干路,3,59,42.02,26.58,8.57,0,1,0,1,0,1,1
2026-03-06 18:30:00,D03,S03,北向,城市主干路,3,59,44.76,25.41,8.04,0,1,0,1,0,1,1
2026-03-06 18:45:00,D03,S03,北向,城市主干路,3,55,56.75,25.12,6.34,0,1,0,1,0,0,0
2026-03-06 19:00:00,D03,S03,北向,城市主干路,3,51,50.39,17.75,7.14,0,1,0,1,0,1,0
2026-03-06 19:15:00,D03,S03,北向,城市主干路,3,36,45.02,17.68,8.0,0,1,0,1,0,1,1
2026-03-06 19:30:00,D03,S03,北向,城市主干路,3,37,51.6,16.46,6.98,0,1,0,0,0,1,0
2026-03-06 19:45:00,D03,S03,北向,城市主干路,3,26,49.7,13.6,7.24,0,1,0,0,0,1,0
2026-03-06 20:00:00,D03,S03,北向,城市主干路,3,32,45.88,17.82,7.85,0,1,0,0,0,1,1
2026-03-06 20:15:00,D03,S03,北向,城市主干路,3,21,73.0,12.99,4.93,0,0,0,0,0,0,0
2026-03-06 20:30:00,D03,S03,北向,城市主干路,3,30,54.38,15.07,6.62,0,0,0,0,0,0,0
2026-03-06 20:45:00,D03,S03,北向,城市主干路,3,9,66.19,8.57,5.44,0,0,0,0,0,0,0
2026-03-06 21:00:00,D03,S03,北向,城市主干路,3,11,62.92,8.95,5.72,0,0,0,0,0,0,0
2026-03-06 21:15:00,D03,S03,北向,城市主干路,3,16,64.09,11.62,5.62,0,0,0,0,0,0,0
2026-03-06 21:30:00,D03,S03,北向,城市主干路,3,18,68.16,12.86,5.28,0,0,0,0,0,0,0
2026-03-06 21:45:00,D03,S03,北向,城市主干路,3,16,69.77,8.67,5.16,0,0,0,0,0,0,0
2026-03-06 22:00:00,D03,S03,北向,城市主干路,3,16,62.45,9.13,5.76,0,0,0,0,0,0,0
2026-03-06 22:15:00,D03,S03,北向,城市主干路,3,28,50.93,9.24,7.07,0,0,0,0,0,1,0
2026-03-06 22:30:00,D03,S03,北向,城市主干路,3,19,57.28,9.03,6.29,0,0,0,0,0,0,0
2026-03-06 22:45:00,D03,S03,北向,城市主干路,3,19,64.59,13.79,5.57,0,0,0,0,0,0,0
2026-03-06 23:00:00,D03,S03,北向,城市主干路,3,15,58.09,5.92,6.2,0,0,0,0,0,0,0
2026-03-06 23:15:00,D03,S03,北向,城市主干路,3,18,65.21,9.59,5.52,0,0,0,0,0,0,0
2026-03-06 23:30:00,D03,S03,北向,城市主干路,3,31,58.85,16.15,6.12,0,0,0,0,0,0,0
2026-03-06 23:45:00,D03,S03,北向,城市主干路,3,28,55.94,16.18,6.44,0,0,0,0,0,0,0
2026-03-07 00:00:00,D03,S03,北向,城市主干路,3,23,56.79,9.06,6.34,0,0,1,0,0,0,0
2026-03-07 00:15:00,D03,S03,北向,城市主干路,3,23,57.78,11.25,6.23,0,0,1,0,0,0,0
2026-03-07 00:30:00,D03,S03,北向,城市主干路,3,14,59.69,6.9,6.03,0,0,1,0,0,0,0
2026-03-07 00:45:00,D03,S03,北向,城市主干路,3,19,62.03,6.66,5.8,0,0,1,0,0,0,0
2026-03-07 01:00:00,D03,S03,北向,城市主干路,3,10,57.95,10.14,6.21,0,0,1,0,0,0,0
2026-03-07 01:15:00,D03,S03,北向,城市主干路,3,28,62.57,11.88,5.75,0,0,1,0,0,0,0
2026-03-07 01:30:00,D03,S03,北向,城市主干路,3,20,56.99,14.27,6.32,0,0,1,0,0,0,0
2026-03-07 01:45:00,D03,S03,北向,城市主干路,3,7,63.12,7.59,5.7,0,0,1,0,0,0,0
2026-03-07 02:00:00,D03,S03,北向,城市主干路,3,9,68.55,9.92,5.25,0,0,1,0,0,0,0
2026-03-07 02:15:00,D03,S03,北向,城市主干路,3,20,64.22,10.9,5.61,0,0,1,0,0,0,0
2026-03-07 02:30:00,D03,S03,北向,城市主干路,3,19,61.91,10.84,5.82,0,0,1,0,0,0,0
2026-03-07 02:45:00,D03,S03,北向,城市主干路,3,13,67.2,8.91,5.36,0,0,1,0,0,0,0
2026-03-07 03:00:00,D03,S03,北向,城市主干路,3,23,63.41,14.41,5.68,0,0,1,0,0,0,0
2026-03-07 03:15:00,D03,S03,北向,城市主干路,3,24,62.21,15.82,5.79,0,0,1,0,0,0,0
2026-03-07 03:30:00,D03,S03,北向,城市主干路,3,19,66.17,7.95,5.44,0,0,1,0,0,0,0
2026-03-07 03:45:00,D03,S03,北向,城市主干路,3,29,65.42,12.72,5.5,0,0,1,0,0,0,0
2026-03-07 04:00:00,D03,S03,北向,城市主干路,3,22,68.72,10.65,5.24,0,0,1,0,0,0,0
2026-03-07 04:15:00,D03,S03,北向,城市主干路,3,13,63.83,12.45,5.64,0,0,1,0,0,0,0
2026-03-07 04:30:00,D03,S03,北向,城市主干路,3,19,59.72,8.42,6.03,0,0,1,0,0,0,0
2026-03-07 04:45:00,D03,S03,北向,城市主干路,3,20,65.19,9.54,5.52,0,0,1,0,0,0,0
2026-03-07 05:00:00,D03,S03,北向,城市主干路,3,19,56.71,12.54,6.35,0,0,1,0,0,0,0
2026-03-07 05:15:00,D03,S03,北向,城市主干路,3,19,61.57,11.61,5.85,0,0,1,0,0,0,0
2026-03-07 05:30:00,D03,S03,北向,城市主干路,3,18,65.2,12.9,5.52,0,0,1,0,0,0,0
2026-03-07 05:45:00,D03,S03,北向,城市主干路,3,11,61.1,8.45,5.89,0,0,1,0,0,0,0
2026-03-07 06:00:00,D03,S03,北向,城市主干路,3,18,68.06,10.27,5.29,0,0,1,0,0,0,0
2026-03-07 06:15:00,D03,S03,北向,城市主干路,3,17,66.11,9.99,5.45,0,0,1,0,0,0,0
2026-03-07 06:30:00,D03,S03,北向,城市主干路,3,34,54.31,14.83,6.63,0,0,1,0,0,0,0
2026-03-07 06:45:00,D03,S03,北向,城市主干路,3,42,49.3,16.15,7.3,0,0,1,0,0,1,0
2026-03-07 07:00:00,D03,S03,北向,城市主干路,3,37,55.6,16.16,6.47,0,0,1,1,0,0,0
2026-03-07 07:15:00,D03,S03,北向,城市主干路,3,32,63.4,16.25,5.68,0,0,1,1,0,0,0
2026-03-07 07:30:00,D03,S03,北向,城市主干路,3,34,55.56,16.52,6.48,0,0,1,1,0,0,0
2026-03-07 07:45:00,D03,S03,北向,城市主干路,3,45,64.67,25.02,5.57,0,0,1,1,0,0,0
2026-03-07 08:00:00,D03,S03,北向,城市主干路,3,59,58.38,19.12,6.17,0,0,1,1,0,0,0
2026-03-07 08:15:00,D03,S03,北向,城市主干路,3,51,58.26,22.62,6.18,0,0,1,1,0,0,0
2026-03-07 08:30:00,D03,S03,北向,城市主干路,3,52,61.8,23.54,5.83,0,0,1,1,0,0,0
2026-03-07 08:45:00,D03,S03,北向,城市主干路,3,48,60.23,16.47,5.98,0,0,1,1,0,0,0
2026-03-07 09:00:00,D03,S03,北向,城市主干路,3,49,55.97,21.02,6.43,0,0,1,1,0,0,0
2026-03-07 09:15:00,D03,S03,北向,城市主干路,3,32,66.29,20.26,5.43,0,0,1,1,0,0,0
2026-03-07 09:30:00,D03,S03,北向,城市主干路,3,49,62.07,18.25,5.8,0,0,1,0,0,0,0
2026-03-07 09:45:00,D03,S03,北向,城市主干路,3,29,52.96,16.57,6.8,0,0,1,0,0,0,0
2026-03-07 10:00:00,D03,S03,北向,城市主干路,3,22,61.16,9.94,5.89,0,0,1,0,0,0,0
2026-03-07 10:15:00,D03,S03,北向,城市主干路,3,24,59.08,15.57,6.09,0,0,1,0,0,0,0
2026-03-07 10:30:00,D03,S03,北向,城市主干路,3,19,64.13,10.57,5.61,0,0,1,0,0,0,0
2026-03-07 10:45:00,D03,S03,北向,城市主干路,3,16,63.79,8.83,5.64,0,0,1,0,0,0,0
2026-03-07 11:00:00,D03,S03,北向,城市主干路,3,26,54.27,13.16,6.63,0,0,1,0,0,0,0
2026-03-07 11:15:00,D03,S03,北向,城市主干路,3,6,59.74,11.97,6.03,0,0,1,0,0,0,0
2026-03-07 11:30:00,D03,S03,北向,城市主干路,3,8,69.73,9.39,5.16,0,0,1,0,0,0,0
2026-03-07 11:45:00,D03,S03,北向,城市主干路,3,8,65.11,7.51,5.53,0,0,1,0,0,0,0
2026-03-07 12:00:00,D03,S03,北向,城市主干路,3,17,57.2,10.97,6.29,0,0,1,0,0,0,0
2026-03-07 12:15:00,D03,S03,北向,城市主干路,3,17,68.26,11.53,5.27,0,0,1,0,0,0,0
2026-03-07 12:30:00,D03,S03,北向,城市主干路,3,25,63.09,11.61,5.71,0,0,1,0,0,0,0
2026-03-07 12:45:00,D03,S03,北向,城市主干路,3,15,57.72,11.83,6.24,0,0,1,0,0,0,0
2026-03-07 13:00:00,D03,S03,北向,城市主干路,3,12,63.48,7.32,5.67,0,0,1,0,0,0,0
2026-03-07 13:15:00,D03,S03,北向,城市主干路,3,29,59.94,17.01,6.01,0,0,1,0,0,0,0
2026-03-07 13:30:00,D03,S03,北向,城市主干路,3,13,64.21,8.56,5.61,0,0,1,0,0,0,0
2026-03-07 13:45:00,D03,S03,北向,城市主干路,3,24,61.9,13.56,5.82,0,0,1,0,0,0,0
2026-03-07 14:00:00,D03,S03,北向,城市主干路,3,17,56.01,11.41,6.43,0,0,1,0,0,0,0
2026-03-07 14:15:00,D03,S03,北向,城市主干路,3,18,63.44,11.88,5.67,0,0,1,0,0,0,0
2026-03-07 14:30:00,D03,S03,北向,城市主干路,3,14,63.52,10.8,5.67,0,0,1,0,0,0,0
2026-03-07 14:45:00,D03,S03,北向,城市主干路,3,19,64.58,10.88,5.57,0,0,1,0,0,0,0
2026-03-07 15:00:00,D03,S03,北向,城市主干路,3,24,58.76,14.37,6.13,0,0,1,0,0,0,0
2026-03-07 15:15:00,D03,S03,北向,城市主干路,3,17,58.41,6.46,6.16,0,0,1,0,0,0,0
2026-03-07 15:30:00,D03,S03,北向,城市主干路,3,24,67.55,9.83,5.33,0,0,1,0,0,0,0
2026-03-07 15:45:00,D03,S03,北向,城市主干路,3,39,60.59,18.33,5.94,0,0,1,0,0,0,0
2026-03-07 16:00:00,D03,S03,北向,城市主干路,3,29,66.33,13.06,5.43,0,0,1,0,0,0,0
2026-03-07 16:15:00,D03,S03,北向,城市主干路,3,35,58.9,15.62,6.11,0,0,1,0,0,0,0
2026-03-07 16:30:00,D03,S03,北向,城市主干路,3,45,57.25,19.15,6.29,0,0,1,1,0,0,0
2026-03-07 16:45:00,D03,S03,北向,城市主干路,3,55,58.84,20.99,6.12,0,0,1,1,0,0,0
2026-03-07 17:00:00,D03,S03,北向,城市主干路,3,60,60.21,26.51,5.98,0,0,1,1,0,0,0
2026-03-07 17:15:00,D03,S03,北向,城市主干路,3,55,51.09,22.64,7.05,0,0,1,1,0,1,0
2026-03-07 17:30:00,D03,S03,北向,城市主干路,3,57,63.94,22.16,5.63,0,0,1,1,0,0,0
2026-03-07 17:45:00,D03,S03,北向,城市主干路,3,52,64.17,20.99,5.61,0,0,1,1,0,0,0
2026-03-07 18:00:00,D03,S03,北向,城市主干路,3,51,64.56,19.96,5.58,0,0,1,1,0,0,0
2026-03-07 18:15:00,D03,S03,北向,城市主干路,3,63,50.73,28.27,7.1,0,0,1,1,0,1,0
2026-03-07 18:30:00,D03,S03,北向,城市主干路,3,38,64.84,14.43,5.55,0,0,1,1,0,0,0
2026-03-07 18:45:00,D03,S03,北向,城市主干路,3,39,64.87,17.19,5.55,0,0,1,1,0,0,0
2026-03-07 19:00:00,D03,S03,北向,城市主干路,3,43,66.47,18.67,5.42,0,0,1,1,0,0,0
2026-03-07 19:15:00,D03,S03,北向,城市主干路,3,31,58.72,17.85,6.13,0,0,1,1,0,0,0
2026-03-07 19:30:00,D03,S03,北向,城市主干路,3,26,66.37,13.64,5.42,0,0,1,0,0,0,0
2026-03-07 19:45:00,D03,S03,北向,城市主干路,3,14,58.32,9.99,6.17,0,0,1,0,0,0,0
2026-03-07 20:00:00,D03,S03,北向,城市主干路,3,21,65.92,11.2,5.46,0,0,1,0,0,0,0
2026-03-07 20:15:00,D03,S03,北向,城市主干路,3,20,56.36,11.05,6.39,0,0,1,0,0,0,0
2026-03-07 20:30:00,D03,S03,北向,城市主干路,3,19,61.81,10.62,5.82,0,0,1,0,0,0,0
2026-03-07 20:45:00,D03,S03,北向,城市主干路,3,19,64.02,5.99,5.62,0,0,1,0,0,0,0
2026-03-07 21:00:00,D03,S03,北向,城市主干路,3,15,57.84,9.09,6.22,0,0,1,0,0,0,0
2026-03-07 21:15:00,D03,S03,北向,城市主干路,3,18,64.22,14.35,5.61,0,0,1,0,0,0,0
2026-03-07 21:30:00,D03,S03,北向,城市主干路,3,23,64.42,10.83,5.59,0,0,1,0,0,0,0
2026-03-07 21:45:00,D03,S03,北向,城市主干路,3,17,59.77,9.24,6.02,0,0,1,0,0,0,0
2026-03-07 22:00:00,D03,S03,北向,城市主干路,3,17,56.13,12.46,6.41,0,0,1,0,0,0,0
2026-03-07 22:15:00,D03,S03,北向,城市主干路,3,12,55.61,10.97,6.47,0,0,1,0,0,0,0
2026-03-07 22:30:00,D03,S03,北向,城市主干路,3,17,58.03,10.43,6.2,0,0,1,0,0,0,0
2026-03-07 22:45:00,D03,S03,北向,城市主干路,3,10,68.65,7.28,5.24,0,0,1,0,0,0,0
2026-03-07 23:00:00,D03,S03,北向,城市主干路,3,13,60.16,10.77,5.98,0,0,1,0,0,0,0
2026-03-07 23:15:00,D03,S03,北向,城市主干路,3,14,56.88,9.59,6.33,0,0,1,0,0,0,0
2026-03-07 23:30:00,D03,S03,北向,城市主干路,3,19,62.35,14.66,5.77,0,0,1,0,0,0,0
2026-03-07 23:45:00,D03,S03,北向,城市主干路,3,28,61.6,11.8,5.84,0,0,1,0,0,0,0
2026-03-08 00:00:00,D03,S03,北向,城市主干路,3,7,63.14,5.06,5.7,0,0,1,0,0,0,0
2026-03-08 00:15:00,D03,S03,北向,城市主干路,3,17,58.72,9.99,6.13,0,0,1,0,0,0,0
2026-03-08 00:30:00,D03,S03,北向,城市主干路,3,20,64.46,10.9,5.58,0,0,1,0,0,0,0
2026-03-08 00:45:00,D03,S03,北向,城市主干路,3,20,60.79,11.94,5.92,0,0,1,0,0,0,0
2026-03-08 01:00:00,D03,S03,北向,城市主干路,3,19,62.21,11.34,5.79,0,0,1,0,0,0,0
2026-03-08 01:15:00,D03,S03,北向,城市主干路,3,21,57.7,10.29,6.24,0,0,1,0,0,0,0
2026-03-08 01:30:00,D03,S03,北向,城市主干路,3,18,56.15,9.42,6.41,0,0,1,0,0,0,0
2026-03-08 01:45:00,D03,S03,北向,城市主干路,3,24,62.81,11.29,5.73,0,0,1,0,0,0,0
2026-03-08 02:00:00,D03,S03,北向,城市主干路,3,14,67.07,9.54,5.37,0,0,1,0,0,0,0
2026-03-08 02:15:00,D03,S03,北向,城市主干路,3,27,59.29,14.63,6.07,0,0,1,0,0,0,0
2026-03-08 02:30:00,D03,S03,北向,城市主干路,3,25,60.28,16.28,5.97,0,0,1,0,0,0,0
2026-03-08 02:45:00,D03,S03,北向,城市主干路,3,30,64.51,12.43,5.58,0,0,1,0,0,0,0
2026-03-08 03:00:00,D03,S03,北向,城市主干路,3,21,67.72,10.05,5.32,0,0,1,0,0,0,0
2026-03-08 03:15:00,D03,S03,北向,城市主干路,3,15,57.14,8.37,6.3,0,0,1,0,0,0,0
2026-03-08 03:30:00,D03,S03,北向,城市主干路,3,20,60.06,14.2,5.99,0,0,1,0,0,0,0
2026-03-08 03:45:00,D03,S03,北向,城市主干路,3,16,63.94,9.81,5.63,0,0,1,0,0,0,0
2026-03-08 04:00:00,D03,S03,北向,城市主干路,3,15,65.67,7.42,5.48,0,0,1,0,0,0,0
2026-03-08 04:15:00,D03,S03,北向,城市主干路,3,15,66.99,7.81,5.37,0,0,1,0,0,0,0
2026-03-08 04:30:00,D03,S03,北向,城市主干路,3,16,60.47,7.03,5.95,0,0,1,0,0,0,0
2026-03-08 04:45:00,D03,S03,北向,城市主干路,3,20,63.45,10.1,5.67,0,0,1,0,0,0,0
2026-03-08 05:00:00,D03,S03,北向,城市主干路,3,15,60.12,16.7,5.99,0,0,1,0,0,0,0
2026-03-08 05:15:00,D03,S03,北向,城市主干路,3,17,62.76,11.85,5.74,0,0,1,0,0,0,0
2026-03-08 05:30:00,D03,S03,北向,城市主干路,3,17,65.16,3.34,5.52,0,0,1,0,0,0,0
2026-03-08 05:45:00,D03,S03,北向,城市主干路,3,13,67.55,10.68,5.33,0,0,1,0,0,0,0
2026-03-08 06:00:00,D03,S03,北向,城市主干路,3,23,62.59,18.5,5.75,0,0,1,0,0,0,0
2026-03-08 06:15:00,D03,S03,北向,城市主干路,3,19,68.23,11.42,5.28,0,0,1,0,0,0,0
2026-03-08 06:30:00,D03,S03,北向,城市主干路,3,22,64.63,14.61,5.57,0,0,1,0,0,0,0
2026-03-08 06:45:00,D03,S03,北向,城市主干路,3,22,63.33,12.66,5.68,0,0,1,0,0,0,0
2026-03-08 07:00:00,D03,S03,北向,城市主干路,3,45,57.54,18.53,6.26,0,0,1,1,0,0,0
2026-03-08 07:15:00,D03,S03,北向,城市主干路,3,39,63.99,18.57,5.63,0,0,1,1,0,0,0
2026-03-08 07:30:00,D03,S03,北向,城市主干路,3,31,61.93,19.42,5.81,0,0,1,1,0,0,0
2026-03-08 07:45:00,D03,S03,北向,城市主干路,3,54,57.36,23.27,6.28,0,0,1,1,0,0,0
2026-03-08 08:00:00,D03,S03,北向,城市主干路,3,48,55.84,19.3,6.45,0,0,1,1,0,0,0
2026-03-08 08:15:00,D03,S03,北向,城市主干路,3,62,54.71,24.74,6.58,0,0,1,1,0,0,0
2026-03-08 08:30:00,D03,S03,北向,城市主干路,3,54,56.94,18.75,6.32,0,0,1,1,0,0,0
2026-03-08 08:45:00,D03,S03,北向,城市主干路,3,60,53.23,24.98,6.76,0,0,1,1,0,0,0
2026-03-08 09:00:00,D03,S03,北向,城市主干路,3,44,52.81,19.99,6.82,0,0,1,1,0,0,0
2026-03-08 09:15:00,D03,S03,北向,城市主干路,3,46,53.87,18.5,6.68,0,0,1,1,0,0,0
2026-03-08 09:30:00,D03,S03,北向,城市主干路,3,41,57.99,18.21,6.21,0,0,1,0,0,0,0
2026-03-08 09:45:00,D03,S03,北向,城市主干路,3,35,57.11,17.48,6.3,0,0,1,0,0,0,0
2026-03-08 10:00:00,D03,S03,北向,城市主干路,3,17,67.25,7.76,5.35,0,0,1,0,0,0,0
2026-03-08 10:15:00,D03,S03,北向,城市主干路,3,21,54.97,14.18,6.55,0,0,1,0,0,0,0
2026-03-08 10:30:00,D03,S03,北向,城市主干路,3,27,71.84,16.18,5.01,0,0,1,0,0,0,0
2026-03-08 10:45:00,D03,S03,北向,城市主干路,3,16,63.59,13.41,5.66,0,0,1,0,0,0,0
2026-03-08 11:00:00,D03,S03,北向,城市主干路,3,20,61.14,11.79,5.89,0,0,1,0,0,0,0
2026-03-08 11:15:00,D03,S03,北向,城市主干路,3,18,56.01,11.9,6.43,0,0,1,0,0,0,0
2026-03-08 11:30:00,D03,S03,北向,城市主干路,3,12,67.03,9.98,5.37,0,0,1,0,0,0,0
2026-03-08 11:45:00,D03,S03,北向,城市主干路,3,16,64.66,12.47,5.57,0,0,1,0,0,0,0
2026-03-08 12:00:00,D03,S03,北向,城市主干路,3,16,64.51,6.21,5.58,0,0,1,0,0,0,0
2026-03-08 12:15:00,D03,S03,北向,城市主干路,3,23,60.0,10.71,6.0,0,0,1,0,0,0,0
2026-03-08 12:30:00,D03,S03,北向,城市主干路,3,11,65.01,16.17,5.54,0,0,1,0,0,0,0
2026-03-08 12:45:00,D03,S03,北向,城市主干路,3,25,57.11,12.64,6.3,0,0,1,0,0,0,0
2026-03-08 13:00:00,D03,S03,北向,城市主干路,3,20,62.6,10.1,5.75,0,0,1,0,0,0,0
2026-03-08 13:15:00,D03,S03,北向,城市主干路,3,27,63.09,12.42,5.71,0,0,1,0,0,0,0
2026-03-08 13:30:00,D03,S03,北向,城市主干路,3,23,58.51,11.47,6.15,0,0,1,0,0,0,0
2026-03-08 13:45:00,D03,S03,北向,城市主干路,3,11,69.82,9.96,5.16,0,0,1,0,0,0,0
2026-03-08 14:00:00,D03,S03,北向,城市主干路,3,22,58.23,9.26,6.18,0,0,1,0,0,0,0
2026-03-08 14:15:00,D03,S03,北向,城市主干路,3,25,70.97,16.2,5.07,0,0,1,0,0,0,0
2026-03-08 14:30:00,D03,S03,北向,城市主干路,3,25,56.9,12.06,6.33,0,0,1,0,0,0,0
2026-03-08 14:45:00,D03,S03,北向,城市主干路,3,18,58.39,8.27,6.17,0,0,1,0,0,0,0
2026-03-08 15:00:00,D03,S03,北向,城市主干路,3,22,63.86,11.92,5.64,0,0,1,0,0,0,0
2026-03-08 15:15:00,D03,S03,北向,城市主干路,3,17,73.0,11.12,4.93,0,0,1,0,0,0,0
2026-03-08 15:30:00,D03,S03,北向,城市主干路,3,27,58.62,12.98,6.14,0,0,1,0,0,0,0
2026-03-08 15:45:00,D03,S03,北向,城市主干路,3,27,61.35,15.49,5.87,0,0,1,0,0,0,0
2026-03-08 16:00:00,D03,S03,北向,城市主干路,3,42,52.25,18.45,6.89,0,0,1,0,0,0,0
2026-03-08 16:15:00,D03,S03,北向,城市主干路,3,44,58.78,18.9,6.12,0,0,1,0,0,0,0
2026-03-08 16:30:00,D03,S03,北向,城市主干路,3,40,54.73,18.92,6.58,0,0,1,1,0,0,0
2026-03-08 16:45:00,D03,S03,北向,城市主干路,3,47,59.48,19.84,6.05,0,0,1,1,0,0,0
2026-03-08 17:00:00,D03,S03,北向,城市主干路,3,61,60.23,24.96,5.98,0,0,1,1,0,0,0
2026-03-08 17:15:00,D03,S03,北向,城市主干路,3,56,60.33,25.5,5.97,0,0,1,1,0,0,0
2026-03-08 17:30:00,D03,S03,北向,城市主干路,3,45,63.64,20.29,5.66,0,0,1,1,0,0,0
2026-03-08 17:45:00,D03,S03,北向,城市主干路,3,46,54.21,16.08,6.64,0,0,1,1,0,0,0
2026-03-08 18:00:00,D03,S03,北向,城市主干路,3,49,57.09,18.41,6.31,0,0,1,1,0,0,0
2026-03-08 18:15:00,D03,S03,北向,城市主干路,3,42,57.66,14.58,6.24,0,0,1,1,0,0,0
2026-03-08 18:30:00,D03,S03,北向,城市主干路,3,55,63.14,22.15,5.7,0,0,1,1,0,0,0
2026-03-08 18:45:00,D03,S03,北向,城市主干路,3,32,59.51,15.77,6.05,0,0,1,1,0,0,0
2026-03-08 19:00:00,D03,S03,北向,城市主干路,3,33,59.25,14.86,6.08,0,0,1,1,0,0,0
2026-03-08 19:15:00,D03,S03,北向,城市主干路,3,23,67.55,11.35,5.33,0,0,1,1,0,0,0
2026-03-08 19:30:00,D03,S03,北向,城市主干路,3,29,62.65,12.78,5.75,0,0,1,0,0,0,0
2026-03-08 19:45:00,D03,S03,北向,城市主干路,3,19,59.25,9.83,6.08,0,0,1,0,0,0,0
2026-03-08 20:00:00,D03,S03,北向,城市主干路,3,26,59.98,14.46,6.0,0,0,1,0,0,0,0
2026-03-08 20:15:00,D03,S03,北向,城市主干路,3,29,62.93,15.01,5.72,0,0,1,0,0,0,0
2026-03-08 20:30:00,D03,S03,北向,城市主干路,3,15,57.63,10.02,6.25,0,0,1,0,0,0,0
2026-03-08 20:45:00,D03,S03,北向,城市主干路,3,17,64.76,6.64,5.56,0,0,1,0,0,0,0
2026-03-08 21:00:00,D03,S03,北向,城市主干路,3,12,68.15,12.12,5.28,0,0,1,0,0,0,0
2026-03-08 21:15:00,D03,S03,北向,城市主干路,3,17,46.9,9.68,7.68,0,0,1,0,0,1,1
2026-03-08 21:30:00,D03,S03,北向,城市主干路,3,17,70.66,11.57,5.09,0,0,1,0,0,0,0
2026-03-08 21:45:00,D03,S03,北向,城市主干路,3,21,66.96,13.09,5.38,0,0,1,0,0,0,0
2026-03-08 22:00:00,D03,S03,北向,城市主干路,3,8,56.79,8.13,6.34,0,0,1,0,0,0,0
2026-03-08 22:15:00,D03,S03,北向,城市主干路,3,17,55.99,12.41,6.43,0,0,1,0,0,0,0
2026-03-08 22:30:00,D03,S03,北向,城市主干路,3,26,63.41,16.6,5.68,0,0,1,0,0,0,0
2026-03-08 22:45:00,D03,S03,北向,城市主干路,3,17,60.89,12.37,5.91,0,0,1,0,0,0,0
2026-03-08 23:00:00,D03,S03,北向,城市主干路,3,13,63.84,5.18,5.64,0,0,1,0,0,0,0
2026-03-08 23:15:00,D03,S03,北向,城市主干路,3,10,58.74,7.83,6.13,0,0,1,0,0,0,0
2026-03-08 23:30:00,D03,S03,北向,城市主干路,3,15,64.98,10.35,5.54,0,0,1,0,0,0,0
2026-03-08 23:45:00,D03,S03,北向,城市主干路,3,22,65.12,12.71,5.53,0,0,1,0,0,0,0
2026-03-09 00:00:00,D03,S03,北向,城市主干路,3,29,62.45,13.0,5.76,0,0,0,0,0,0,0
2026-03-09 00:15:00,D03,S03,北向,城市主干路,3,22,60.14,11.14,5.99,0,0,0,0,0,0,0
2026-03-09 00:30:00,D03,S03,北向,城市主干路,3,32,58.14,15.39,6.19,0,0,0,0,0,0,0
2026-03-09 00:45:00,D03,S03,北向,城市主干路,3,32,64.27,13.72,5.6,0,0,0,0,0,0,0
2026-03-09 01:00:00,D03,S03,北向,城市主干路,3,28,60.46,14.15,5.95,0,0,0,0,0,0,0
2026-03-09 01:15:00,D03,S03,北向,城市主干路,3,10,65.04,8.3,5.53,0,0,0,0,0,0,0
2026-03-09 01:30:00,D03,S03,北向,城市主干路,3,20,60.39,12.07,5.96,0,0,0,0,0,0,0
2026-03-09 01:45:00,D03,S03,北向,城市主干路,3,23,65.64,14.56,5.48,0,0,0,0,0,0,0
2026-03-09 02:00:00,D03,S03,北向,城市主干路,3,28,64.9,15.44,5.55,0,0,0,0,0,0,0
2026-03-09 02:15:00,D03,S03,北向,城市主干路,3,10,68.79,7.0,5.23,0,0,0,0,0,0,0
2026-03-09 02:30:00,D03,S03,北向,城市主干路,3,27,59.5,14.64,6.05,0,0,0,0,0,0,0
2026-03-09 02:45:00,D03,S03,北向,城市主干路,3,23,55.57,11.91,6.48,0,0,0,0,0,0,0
2026-03-09 03:00:00,D03,S03,北向,城市主干路,3,23,55.94,9.47,6.44,0,0,0,0,0,0,0
2026-03-09 03:15:00,D03,S03,北向,城市主干路,3,30,60.53,15.87,5.95,0,0,0,0,0,0,0
2026-03-09 03:30:00,D03,S03,北向,城市主干路,3,32,62.72,18.0,5.74,0,0,0,0,0,0,0
2026-03-09 03:45:00,D03,S03,北向,城市主干路,3,34,52.19,13.14,6.9,0,0,0,0,0,0,0
2026-03-09 04:00:00,D03,S03,北向,城市主干路,3,36,57.73,17.0,6.24,0,0,0,0,0,0,0
2026-03-09 04:15:00,D03,S03,北向,城市主干路,3,23,72.01,10.21,5.0,0,0,0,0,0,0,0
2026-03-09 04:30:00,D03,S03,北向,城市主干路,3,15,58.27,8.04,6.18,0,0,0,0,0,0,0
2026-03-09 04:45:00,D03,S03,北向,城市主干路,3,17,67.73,8.37,5.32,0,0,0,0,0,0,0
2026-03-09 05:00:00,D03,S03,北向,城市主干路,3,16,51.24,9.58,7.03,0,0,0,0,0,1,0
2026-03-09 05:15:00,D03,S03,北向,城市主干路,3,26,62.87,10.75,5.73,0,0,0,0,0,0,0
2026-03-09 05:30:00,D03,S03,北向,城市主干路,3,25,60.16,13.48,5.98,0,0,0,0,0,0,0
2026-03-09 05:45:00,D03,S03,北向,城市主干路,3,26,73.0,13.71,4.93,0,0,0,0,0,0,0
2026-03-09 06:00:00,D03,S03,北向,城市主干路,3,35,56.44,16.26,6.38,1,0,0,0,0,0,0
2026-03-09 06:15:00,D03,S03,北向,城市主干路,3,19,50.74,10.78,7.09,1,0,0,0,0,1,0
2026-03-09 06:30:00,D03,S03,北向,城市主干路,3,33,50.55,14.21,7.12,1,0,0,0,0,1,0
2026-03-09 06:45:00,D03,S03,北向,城市主干路,3,32,57.6,13.71,6.25,1,0,0,0,0,0,0
2026-03-09 07:00:00,D03,S03,北向,城市主干路,3,38,47.11,19.46,7.64,1,0,0,1,0,1,1
2026-03-09 07:15:00,D03,S03,北向,城市主干路,3,49,51.3,19.9,7.02,1,0,0,1,0,1,0
2026-03-09 07:30:00,D03,S03,北向,城市主干路,3,52,51.92,18.5,6.93,1,0,0,1,0,1,0
2026-03-09 07:45:00,D03,S03,北向,城市主干路,3,64,46.37,23.22,7.76,1,0,0,1,0,1,1
2026-03-09 08:00:00,D03,S03,北向,城市主干路,3,63,58.13,24.54,6.19,1,0,0,1,0,0,0
2026-03-09 08:15:00,D03,S03,北向,城市主干路,3,57,55.78,21.07,6.45,1,0,0,1,0,0,0
2026-03-09 08:30:00,D03,S03,北向,城市主干路,3,67,40.68,30.27,8.85,1,0,0,1,0,1,1
2026-03-09 08:45:00,D03,S03,北向,城市主干路,3,69,41.23,32.48,8.73,1,0,0,1,0,1,1
2026-03-09 09:00:00,D03,S03,北向,城市主干路,3,59,57.02,23.66,6.31,1,0,0,1,0,0,0
2026-03-09 09:15:00,D03,S03,北向,城市主干路,3,48,47.79,21.81,7.53,1,0,0,1,0,1,1
2026-03-09 09:30:00,D03,S03,北向,城市主干路,3,53,54.67,20.62,6.58,1,0,0,0,0,0,0
2026-03-09 09:45:00,D03,S03,北向,城市主干路,3,35,50.98,18.43,7.06,1,0,0,0,0,1,0
2026-03-09 10:00:00,D03,S03,北向,城市主干路,3,29,48.46,13.86,7.43,1,0,0,0,0,1,0
2026-03-09 10:15:00,D03,S03,北向,城市主干路,3,23,51.49,11.56,6.99,1,0,0,0,0,1,0
2026-03-09 10:30:00,D03,S03,北向,城市主干路,3,25,54.2,15.05,6.64,1,0,0,0,0,0,0
2026-03-09 10:45:00,D03,S03,北向,城市主干路,3,28,49.28,9.98,7.3,1,0,0,0,0,1,0
2026-03-09 11:00:00,D03,S03,北向,城市主干路,3,28,53.46,13.36,6.73,1,0,0,0,0,0,0
2026-03-09 11:15:00,D03,S03,北向,城市主干路,3,34,56.7,18.12,6.35,1,0,0,0,0,0,0
2026-03-09 11:30:00,D03,S03,北向,城市主干路,3,21,51.65,11.03,6.97,1,0,0,0,0,1,0
2026-03-09 11:45:00,D03,S03,北向,城市主干路,3,23,49.18,13.17,7.32,1,0,0,0,0,1,0
2026-03-09 12:00:00,D03,S03,北向,城市主干路,3,11,54.71,7.61,6.58,1,0,0,0,0,0,0
2026-03-09 12:15:00,D03,S03,北向,城市主干路,3,27,60.93,13.74,5.91,0,0,0,0,0,0,0
2026-03-09 12:30:00,D03,S03,北向,城市主干路,3,25,63.92,11.26,5.63,0,0,0,0,0,0,0
2026-03-09 12:45:00,D03,S03,北向,城市主干路,3,22,66.97,13.19,5.38,0,0,0,0,0,0,0
2026-03-09 13:00:00,D03,S03,北向,城市主干路,3,20,64.34,12.31,5.6,0,0,0,0,0,0,0
2026-03-09 13:15:00,D03,S03,北向,城市主干路,3,32,56.63,17.36,6.36,0,0,0,0,0,0,0
2026-03-09 13:30:00,D03,S03,北向,城市主干路,3,22,68.65,14.36,5.24,0,0,0,0,0,0,0
2026-03-09 13:45:00,D03,S03,北向,城市主干路,3,19,68.69,13.33,5.24,0,0,0,0,0,0,0
2026-03-09 14:00:00,D03,S03,北向,城市主干路,3,14,64.5,8.68,5.58,0,0,0,0,0,0,0
2026-03-09 14:15:00,D03,S03,北向,城市主干路,3,25,58.94,13.58,6.11,0,0,0,0,0,0,0
2026-03-09 14:30:00,D03,S03,北向,城市主干路,3,24,56.21,10.76,6.4,0,0,0,0,0,0,0
2026-03-09 14:45:00,D03,S03,北向,城市主干路,3,28,61.24,10.47,5.88,0,0,0,0,0,0,0
2026-03-09 15:00:00,D03,S03,北向,城市主干路,3,24,54.1,13.44,6.65,0,0,0,0,0,0,0
2026-03-09 15:15:00,D03,S03,北向,城市主干路,3,23,62.52,8.71,5.76,0,0,0,0,0,0,0
2026-03-09 15:30:00,D03,S03,北向,城市主干路,3,39,64.45,18.06,5.59,0,0,0,0,0,0,0
2026-03-09 15:45:00,D03,S03,北向,城市主干路,3,40,56.8,15.24,6.34,0,0,0,0,0,0,0
2026-03-09 16:00:00,D03,S03,北向,城市主干路,3,51,41.62,22.42,8.65,1,0,0,0,0,1,1
2026-03-09 16:15:00,D03,S03,北向,城市主干路,3,53,49.76,21.24,7.24,1,0,0,0,0,1,0
2026-03-09 16:30:00,D03,S03,北向,城市主干路,3,46,63.44,20.6,5.67,1,0,0,1,0,0,0
2026-03-09 16:45:00,D03,S03,北向,城市主干路,3,60,52.02,23.92,6.92,1,0,0,1,0,0,0
2026-03-09 17:00:00,D03,S03,北向,城市主干路,3,61,48.46,23.52,7.43,1,0,0,1,0,1,0
2026-03-09 17:15:00,D03,S03,北向,城市主干路,3,64,52.44,25.65,6.87,1,0,0,1,0,0,0
2026-03-09 17:30:00,D03,S03,北向,城市主干路,3,81,40.04,35.47,8.99,1,0,0,1,0,1,1
2026-03-09 17:45:00,D03,S03,北向,城市主干路,3,69,49.11,26.86,7.33,1,0,0,1,0,1,0
2026-03-09 18:00:00,D03,S03,北向,城市主干路,3,70,42.99,33.04,8.37,1,0,0,1,0,1,1
2026-03-09 18:15:00,D03,S03,北向,城市主干路,3,60,51.53,25.89,6.99,1,0,0,1,0,1,0
2026-03-09 18:30:00,D03,S03,北向,城市主干路,3,44,50.36,22.43,7.15,1,0,0,1,0,1,0
2026-03-09 18:45:00,D03,S03,北向,城市主干路,3,47,47.25,23.35,7.62,1,0,0,1,0,1,1
2026-03-09 19:00:00,D03,S03,北向,城市主干路,3,55,49.18,19.37,7.32,1,0,0,1,0,1,0
2026-03-09 19:15:00,D03,S03,北向,城市主干路,3,36,55.78,17.22,6.45,1,0,0,1,0,0,0
2026-03-09 19:30:00,D03,S03,北向,城市主干路,3,33,48.78,16.13,7.38,1,0,0,0,0,1,0
2026-03-09 19:45:00,D03,S03,北向,城市主干路,3,35,56.72,20.26,6.35,1,0,0,0,0,0,0
2026-03-09 20:00:00,D03,S03,北向,城市主干路,3,24,53.07,10.78,6.78,1,0,0,0,0,0,0
2026-03-09 20:15:00,D03,S03,北向,城市主干路,3,25,55.12,10.69,6.53,1,0,0,0,0,0,0
2026-03-09 20:30:00,D03,S03,北向,城市主干路,3,29,55.38,18.52,6.5,1,0,0,0,0,0,0
2026-03-09 20:45:00,D03,S03,北向,城市主干路,3,23,49.28,13.77,7.31,1,0,0,0,0,1,0
2026-03-09 21:00:00,D03,S03,北向,城市主干路,3,25,56.78,12.59,6.34,1,0,0,0,0,0,0
2026-03-09 21:15:00,D03,S03,北向,城市主干路,3,23,65.27,13.72,5.52,0,0,0,0,0,0,0
2026-03-09 21:30:00,D03,S03,北向,城市主干路,3,29,56.14,14.72,6.41,0,0,0,0,0,0,0
2026-03-09 21:45:00,D03,S03,北向,城市主干路,3,18,71.28,13.87,5.05,0,0,0,0,0,0,0
2026-03-09 22:00:00,D03,S03,北向,城市主干路,3,18,67.3,13.56,5.35,0,0,0,0,0,0,0
2026-03-09 22:15:00,D03,S03,北向,城市主干路,3,20,66.36,13.3,5.42,0,0,0,0,0,0,0
2026-03-09 22:30:00,D03,S03,北向,城市主干路,3,14,63.55,9.91,5.66,0,0,0,0,0,0,0
2026-03-09 22:45:00,D03,S03,北向,城市主干路,3,21,52.64,7.87,6.84,0,0,0,0,0,0,0
2026-03-09 23:00:00,D03,S03,北向,城市主干路,3,20,59.11,16.39,6.09,0,0,0,0,0,0,0
2026-03-09 23:15:00,D03,S03,北向,城市主干路,3,17,63.04,10.93,5.71,0,0,0,0,0,0,0
2026-03-09 23:30:00,D03,S03,北向,城市主干路,3,25,56.02,12.28,6.43,0,0,0,0,0,0,0
2026-03-09 23:45:00,D03,S03,北向,城市主干路,3,34,56.4,16.58,6.38,0,0,0,0,0,0,0
2026-03-10 00:00:00,D03,S03,北向,城市主干路,3,23,58.1,13.33,6.2,0,0,0,0,0,0,0
2026-03-10 00:15:00,D03,S03,北向,城市主干路,3,16,66.42,8.96,5.42,0,0,0,0,0,0,0
2026-03-10 00:30:00,D03,S03,北向,城市主干路,3,27,62.35,12.0,5.77,0,0,0,0,0,0,0
2026-03-10 00:45:00,D03,S03,北向,城市主干路,3,22,62.21,11.02,5.79,0,0,0,0,0,0,0
2026-03-10 01:00:00,D03,S03,北向,城市主干路,3,31,61.63,12.55,5.84,0,0,0,0,0,0,0
2026-03-10 01:15:00,D03,S03,北向,城市主干路,3,24,60.37,14.19,5.96,0,0,0,0,0,0,0
2026-03-10 01:30:00,D03,S03,北向,城市主干路,3,13,65.07,10.89,5.53,0,0,0,0,0,0,0
2026-03-10 01:45:00,D03,S03,北向,城市主干路,3,35,57.3,18.42,6.28,0,0,0,0,0,0,0
2026-03-10 02:00:00,D03,S03,北向,城市主干路,3,18,71.06,8.96,5.07,0,0,0,0,0,0,0
2026-03-10 02:15:00,D03,S03,北向,城市主干路,3,22,59.8,12.15,6.02,0,0,0,0,0,0,0
2026-03-10 02:30:00,D03,S03,北向,城市主干路,3,33,65.8,16.27,5.47,0,0,0,0,0,0,0
2026-03-10 02:45:00,D03,S03,北向,城市主干路,3,21,63.67,8.26,5.65,0,0,0,0,0,0,0
2026-03-10 03:00:00,D03,S03,北向,城市主干路,3,19,60.03,11.63,6.0,0,0,0,0,0,0,0
2026-03-10 03:15:00,D03,S03,北向,城市主干路,3,29,66.31,12.15,5.43,0,0,0,0,0,0,0
2026-03-10 03:30:00,D03,S03,北向,城市主干路,3,22,60.44,12.95,5.96,0,0,0,0,0,0,0
2026-03-10 03:45:00,D03,S03,北向,城市主干路,3,23,57.99,11.39,6.21,0,0,0,0,0,0,0
2026-03-10 04:00:00,D03,S03,北向,城市主干路,3,20,57.89,11.36,6.22,0,0,0,0,0,0,0
2026-03-10 04:15:00,D03,S03,北向,城市主干路,3,32,60.56,16.35,5.94,0,0,0,0,0,0,0
2026-03-10 04:30:00,D03,S03,北向,城市主干路,3,34,59.83,18.75,6.02,0,0,0,0,0,0,0
2026-03-10 04:45:00,D03,S03,北向,城市主干路,3,22,58.35,14.32,6.17,0,0,0,0,0,0,0
2026-03-10 05:00:00,D03,S03,北向,城市主干路,3,25,56.48,15.14,6.37,0,0,0,0,0,0,0
2026-03-10 05:15:00,D03,S03,北向,城市主干路,3,20,62.72,9.18,5.74,0,0,0,0,0,0,0
2026-03-10 05:30:00,D03,S03,北向,城市主干路,3,20,60.08,12.1,5.99,0,0,0,0,0,0,0
2026-03-10 05:45:00,D03,S03,北向,城市主干路,3,20,69.26,9.32,5.2,0,0,0,0,0,0,0
2026-03-10 06:00:00,D03,S03,北向,城市主干路,3,27,57.15,13.06,6.3,0,0,0,0,0,0,0
2026-03-10 06:15:00,D03,S03,北向,城市主干路,3,21,52.87,11.57,6.81,0,0,0,0,0,0,0
2026-03-10 06:30:00,D03,S03,北向,城市主干路,3,22,65.02,11.19,5.54,0,0,0,0,0,0,0
2026-03-10 06:45:00,D03,S03,北向,城市主干路,3,38,61.66,17.44,5.84,0,0,0,0,0,0,0
2026-03-10 07:00:00,D03,S03,北向,城市主干路,3,43,55.46,22.25,6.49,0,0,0,1,0,0,0
2026-03-10 07:15:00,D03,S03,北向,城市主干路,3,47,59.0,22.18,6.1,0,0,0,1,0,0,0
2026-03-10 07:30:00,D03,S03,北向,城市主干路,3,52,67.21,21.05,5.36,0,0,0,1,0,0,0
2026-03-10 07:45:00,D03,S03,北向,城市主干路,3,56,58.54,23.5,6.15,0,0,0,1,0,0,0
2026-03-10 08:00:00,D03,S03,北向,城市主干路,3,65,58.24,22.01,6.18,0,0,0,1,0,0,0
2026-03-10 08:15:00,D03,S03,北向,城市主干路,3,63,52.89,26.27,6.81,0,0,0,1,0,0,0
2026-03-10 08:30:00,D03,S03,北向,城市主干路,3,66,54.88,27.72,6.56,0,0,0,1,0,0,0
2026-03-10 08:45:00,D03,S03,北向,城市主干路,3,64,55.15,24.54,6.53,0,0,0,1,0,0,0
2026-03-10 09:00:00,D03,S03,北向,城市主干路,3,57,55.51,22.51,6.48,0,0,0,1,0,0,0
2026-03-10 09:15:00,D03,S03,北向,城市主干路,3,49,56.74,18.91,6.34,0,0,0,1,0,0,0
2026-03-10 09:30:00,D03,S03,北向,城市主干路,3,44,55.98,18.95,6.43,0,0,0,0,0,0,0
2026-03-10 09:45:00,D03,S03,北向,城市主干路,3,33,58.39,13.5,6.17,0,0,0,0,0,0,0
2026-03-10 10:00:00,D03,S03,北向,城市主干路,3,24,63.69,10.23,5.65,0,0,0,0,0,0,0
2026-03-10 10:15:00,D03,S03,北向,城市主干路,3,31,67.16,13.62,5.36,0,0,0,0,0,0,0
2026-03-10 10:30:00,D03,S03,北向,城市主干路,3,27,57.04,15.65,6.31,0,0,0,0,0,0,0
2026-03-10 10:45:00,D03,S03,北向,城市主干路,3,26,63.74,17.51,5.65,0,0,0,0,0,0,0
2026-03-10 11:00:00,D03,S03,北向,城市主干路,3,26,61.43,13.06,5.86,0,0,0,0,0,0,0
2026-03-10 11:15:00,D03,S03,北向,城市主干路,3,29,57.7,17.28,6.24,0,0,0,0,0,0,0
2026-03-10 11:30:00,D03,S03,北向,城市主干路,3,24,58.88,13.58,6.11,0,0,0,0,0,0,0
2026-03-10 11:45:00,D03,S03,北向,城市主干路,3,27,60.07,11.59,5.99,0,0,0,0,0,0,0
2026-03-10 12:00:00,D03,S03,北向,城市主干路,3,22,64.88,8.61,5.55,0,0,0,0,0,0,0
2026-03-10 12:15:00,D03,S03,北向,城市主干路,3,30,65.1,18.63,5.53,0,0,0,0,0,0,0
2026-03-10 12:30:00,D03,S03,北向,城市主干路,3,25,58.96,12.65,6.11,0,0,0,0,0,0,0
2026-03-10 12:45:00,D03,S03,北向,城市主干路,3,24,64.24,15.1,5.6,0,0,0,0,0,0,0
2026-03-10 13:00:00,D03,S03,北向,城市主干路,3,26,65.2,19.12,5.52,0,0,0,0,0,0,0
2026-03-10 13:15:00,D03,S03,北向,城市主干路,3,19,71.01,8.32,5.07,0,0,0,0,0,0,0
2026-03-10 13:30:00,D03,S03,北向,城市主干路,3,34,63.31,12.15,5.69,0,0,0,0,0,0,0
2026-03-10 13:45:00,D03,S03,北向,城市主干路,3,19,65.56,6.35,5.49,0,0,0,0,0,0,0
2026-03-10 14:00:00,D03,S03,北向,城市主干路,3,22,64.86,5.85,5.55,0,0,0,0,0,0,0
2026-03-10 14:15:00,D03,S03,北向,城市主干路,3,27,56.64,13.39,6.36,0,0,0,0,0,0,0
2026-03-10 14:30:00,D03,S03,北向,城市主干路,3,33,59.33,12.16,6.07,0,0,0,0,0,0,0
2026-03-10 14:45:00,D03,S03,北向,城市主干路,3,24,64.52,10.42,5.58,0,0,0,0,0,0,0
2026-03-10 15:00:00,D03,S03,北向,城市主干路,3,27,61.62,16.15,5.84,0,0,0,0,0,0,0
2026-03-10 15:15:00,D03,S03,北向,城市主干路,3,19,60.07,11.01,5.99,0,0,0,0,1,0,0
2026-03-10 15:30:00,D03,S03,北向,城市主干路,3,34,58.45,16.12,6.16,0,0,0,0,0,0,0
2026-03-10 15:45:00,D03,S03,北向,城市主干路,3,47,54.28,20.71,6.63,0,0,0,0,0,0,0
2026-03-10 16:00:00,D03,S03,北向,城市主干路,3,50,52.47,24.66,6.86,0,0,0,0,0,0,0
2026-03-10 16:15:00,D03,S03,北向,城市主干路,3,45,62.23,23.2,5.78,0,0,0,0,0,0,0
2026-03-10 16:30:00,D03,S03,北向,城市主干路,3,47,61.95,23.46,5.81,0,0,0,1,0,0,0
2026-03-10 16:45:00,D03,S03,北向,城市主干路,3,62,48.46,24.34,7.43,0,0,0,1,0,1,0
2026-03-10 17:00:00,D03,S03,北向,城市主干路,3,54,58.02,20.28,6.2,0,0,0,1,0,0,0
2026-03-10 17:15:00,D03,S03,北向,城市主干路,3,85,44.75,28.18,8.04,0,0,0,1,0,1,1
2026-03-10 17:30:00,D03,S03,北向,城市主干路,3,68,52.51,26.33,6.86,0,0,0,1,1,0,0
2026-03-10 17:45:00,D03,S03,北向,城市主干路,3,78,45.4,29.27,7.93,0,0,0,1,0,1,1
2026-03-10 18:00:00,D03,S03,北向,城市主干路,3,62,59.12,23.83,6.09,0,0,0,1,0,0,0
2026-03-10 18:15:00,D03,S03,北向,城市主干路,3,64,51.49,23.58,6.99,0,0,0,1,0,1,0
2026-03-10 18:30:00,D03,S03,北向,城市主干路,3,50,63.55,21.18,5.66,0,0,0,1,0,0,0
2026-03-10 18:45:00,D03,S03,北向,城市主干路,3,51,55.87,23.6,6.44,0,0,0,1,0,0,0
2026-03-10 19:00:00,D03,S03,北向,城市主干路,3,42,60.95,18.93,5.91,0,0,0,1,0,0,0
2026-03-10 19:15:00,D03,S03,北向,城市主干路,3,41,64.23,14.85,5.6,0,0,0,1,0,0,0
2026-03-10 19:30:00,D03,S03,北向,城市主干路,3,41,64.81,17.88,5.55,0,0,0,0,0,0,0
2026-03-10 19:45:00,D03,S03,北向,城市主干路,3,29,67.94,15.02,5.3,0,0,0,0,0,0,0
2026-03-10 20:00:00,D03,S03,北向,城市主干路,3,37,55.62,14.71,6.47,0,0,0,0,0,0,0
2026-03-10 20:15:00,D03,S03,北向,城市主干路,3,13,66.24,9.08,5.43,0,0,0,0,0,0,0
2026-03-10 20:30:00,D03,S03,北向,城市主干路,3,30,61.88,11.28,5.82,0,0,0,0,0,0,0
2026-03-10 20:45:00,D03,S03,北向,城市主干路,3,18,59.54,13.56,6.05,0,0,0,0,0,0,0
2026-03-10 21:00:00,D03,S03,北向,城市主干路,3,26,60.29,13.84,5.97,0,0,0,0,0,0,0
2026-03-10 21:15:00,D03,S03,北向,城市主干路,3,7,57.65,8.4,6.24,0,0,0,0,0,0,0
2026-03-10 21:30:00,D03,S03,北向,城市主干路,3,23,61.7,14.8,5.83,0,0,0,0,0,0,0
2026-03-10 21:45:00,D03,S03,北向,城市主干路,3,18,60.57,10.91,5.94,0,0,0,0,0,0,0
2026-03-10 22:00:00,D03,S03,北向,城市主干路,3,26,62.09,13.11,5.8,0,0,0,0,0,0,0
2026-03-10 22:15:00,D03,S03,北向,城市主干路,3,24,54.99,14.34,6.55,0,0,0,0,0,0,0
2026-03-10 22:30:00,D03,S03,北向,城市主干路,3,16,65.65,9.35,5.48,0,0,0,0,0,0,0
2026-03-10 22:45:00,D03,S03,北向,城市主干路,3,31,64.87,18.06,5.55,0,0,0,0,0,0,0
2026-03-10 23:00:00,D03,S03,北向,城市主干路,3,19,57.52,12.89,6.26,0,0,0,0,0,0,0
2026-03-10 23:15:00,D03,S03,北向,城市主干路,3,23,60.26,11.5,5.97,0,0,0,0,0,0,0
2026-03-10 23:30:00,D03,S03,北向,城市主干路,3,23,61.92,16.44,5.81,0,0,0,0,0,0,0
2026-03-10 23:45:00,D03,S03,北向,城市主干路,3,32,58.82,17.77,6.12,0,0,0,0,0,0,0
2026-03-11 00:00:00,D03,S03,北向,城市主干路,3,22,58.44,10.59,6.16,0,0,0,0,0,0,0
2026-03-11 00:15:00,D03,S03,北向,城市主干路,3,35,61.35,12.68,5.87,0,0,0,0,0,0,0
2026-03-11 00:30:00,D03,S03,北向,城市主干路,3,28,62.94,12.34,5.72,0,0,0,0,0,0,0
2026-03-11 00:45:00,D03,S03,北向,城市主干路,3,27,54.73,13.45,6.58,0,0,0,0,0,0,0
2026-03-11 01:00:00,D03,S03,北向,城市主干路,3,21,61.95,6.93,5.81,0,0,0,0,0,0,0
2026-03-11 01:15:00,D03,S03,北向,城市主干路,3,19,61.28,13.32,5.87,0,0,0,0,0,0,0
2026-03-11 01:30:00,D03,S03,北向,城市主干路,3,10,68.05,6.66,5.29,0,0,0,0,0,0,0
2026-03-11 01:45:00,D03,S03,北向,城市主干路,3,12,68.57,13.22,5.25,0,0,0,0,0,0,0
2026-03-11 02:00:00,D03,S03,北向,城市主干路,3,14,66.78,14.19,5.39,0,0,0,0,0,0,0
2026-03-11 02:15:00,D03,S03,北向,城市主干路,3,23,62.74,11.7,5.74,0,0,0,0,0,0,0
2026-03-11 02:30:00,D03,S03,北向,城市主干路,3,30,59.42,16.31,6.06,0,0,0,0,0,0,0
2026-03-11 02:45:00,D03,S03,北向,城市主干路,3,27,59.33,12.56,6.07,0,0,0,0,0,0,0
2026-03-11 03:00:00,D03,S03,北向,城市主干路,3,18,66.01,12.0,5.45,0,0,0,0,0,0,0
2026-03-11 03:15:00,D03,S03,北向,城市主干路,3,17,60.74,12.35,5.93,0,0,0,0,0,0,0
2026-03-11 03:30:00,D03,S03,北向,城市主干路,3,20,71.34,14.15,5.05,0,0,0,0,0,0,0
2026-03-11 03:45:00,D03,S03,北向,城市主干路,3,24,61.33,10.7,5.87,0,0,0,0,0,0,0
2026-03-11 04:00:00,D03,S03,北向,城市主干路,3,20,54.78,12.42,6.57,0,0,0,0,0,0,0
2026-03-11 04:15:00,D03,S03,北向,城市主干路,3,26,55.17,9.14,6.52,0,0,0,0,0,0,0
2026-03-11 04:30:00,D03,S03,北向,城市主干路,3,25,68.87,13.03,5.23,0,0,0,0,0,0,0
2026-03-11 04:45:00,D03,S03,北向,城市主干路,3,22,57.93,14.18,6.21,0,0,0,0,0,0,0
2026-03-11 05:00:00,D03,S03,北向,城市主干路,3,31,58.57,19.22,6.15,0,0,0,0,0,0,0
2026-03-11 05:15:00,D03,S03,北向,城市主干路,3,23,56.68,12.55,6.35,0,0,0,0,0,0,0
2026-03-11 05:30:00,D03,S03,北向,城市主干路,3,24,59.6,12.82,6.04,0,0,0,0,0,0,0
2026-03-11 05:45:00,D03,S03,北向,城市主干路,3,31,60.21,16.11,5.98,0,0,0,0,0,0,0
2026-03-11 06:00:00,D03,S03,北向,城市主干路,3,33,64.32,14.49,5.6,0,0,0,0,0,0,0
2026-03-11 06:15:00,D03,S03,北向,城市主干路,3,36,57.05,14.69,6.31,0,0,0,0,0,0,0
2026-03-11 06:30:00,D03,S03,北向,城市主干路,3,25,54.45,13.71,6.61,0,0,0,0,0,0,0
2026-03-11 06:45:00,D03,S03,北向,城市主干路,3,32,56.39,15.91,6.38,0,0,0,0,0,0,0
2026-03-11 07:00:00,D03,S03,北向,城市主干路,3,39,60.3,17.3,5.97,0,0,0,1,0,0,0
2026-03-11 07:15:00,D03,S03,北向,城市主干路,3,57,54.97,21.11,6.55,0,0,0,1,0,0,0
2026-03-11 07:30:00,D03,S03,北向,城市主干路,3,69,54.11,25.17,6.65,0,0,0,1,0,0,0
2026-03-11 07:45:00,D03,S03,北向,城市主干路,3,51,57.79,19.66,6.23,0,0,0,1,0,0,0
2026-03-11 08:00:00,D03,S03,北向,城市主干路,3,65,52.37,29.01,6.87,0,0,0,1,0,0,0
2026-03-11 08:15:00,D03,S03,北向,城市主干路,3,65,56.89,24.81,6.33,0,0,0,1,0,0,0
2026-03-11 08:30:00,D03,S03,北向,城市主干路,3,70,51.35,28.44,7.01,0,0,0,1,0,1,0
2026-03-11 08:45:00,D03,S03,北向,城市主干路,3,50,56.29,20.58,6.4,0,0,0,1,0,0,0
2026-03-11 09:00:00,D03,S03,北向,城市主干路,3,60,56.1,21.93,6.42,0,0,0,1,0,0,0
2026-03-11 09:15:00,D03,S03,北向,城市主干路,3,53,50.38,22.44,7.15,0,0,0,1,0,1,0
2026-03-11 09:30:00,D03,S03,北向,城市主干路,3,35,52.39,18.69,6.87,0,0,0,0,0,0,0
2026-03-11 09:45:00,D03,S03,北向,城市主干路,3,45,61.43,20.35,5.86,0,0,0,0,0,0,0
2026-03-11 10:00:00,D03,S03,北向,城市主干路,3,41,60.63,17.87,5.94,0,0,0,0,0,0,0
2026-03-11 10:15:00,D03,S03,北向,城市主干路,3,29,62.48,15.84,5.76,0,0,0,0,0,0,0
2026-03-11 10:30:00,D03,S03,北向,城市主干路,3,14,64.76,12.54,5.56,0,0,0,0,0,0,0
2026-03-11 10:45:00,D03,S03,北向,城市主干路,3,28,64.55,11.27,5.58,0,0,0,0,0,0,0
2026-03-11 11:00:00,D03,S03,北向,城市主干路,3,30,54.39,18.28,6.62,0,0,0,0,0,0,0
2026-03-11 11:15:00,D03,S03,北向,城市主干路,3,8,67.06,9.62,5.37,0,0,0,0,0,0,0
2026-03-11 11:30:00,D03,S03,北向,城市主干路,3,21,59.77,12.03,6.02,0,0,0,0,0,0,0
2026-03-11 11:45:00,D03,S03,北向,城市主干路,3,23,67.97,12.17,5.3,0,0,0,0,0,0,0
2026-03-11 12:00:00,D03,S03,北向,城市主干路,3,28,65.04,13.83,5.53,0,0,0,0,0,0,0
2026-03-11 12:15:00,D03,S03,北向,城市主干路,3,25,60.57,13.14,5.94,0,0,0,0,0,0,0
2026-03-11 12:30:00,D03,S03,北向,城市主干路,3,23,53.76,9.18,6.7,0,0,0,0,0,0,0
2026-03-11 12:45:00,D03,S03,北向,城市主干路,3,27,65.38,12.92,5.51,0,0,0,0,0,0,0
2026-03-11 13:00:00,D03,S03,北向,城市主干路,3,21,65.64,9.41,5.48,0,0,0,0,0,0,0
2026-03-11 13:15:00,D03,S03,北向,城市主干路,3,19,60.38,11.2,5.96,0,0,0,0,0,0,0
2026-03-11 13:30:00,D03,S03,北向,城市主干路,3,29,66.37,14.55,5.42,0,0,0,0,0,0,0
2026-03-11 13:45:00,D03,S03,北向,城市主干路,3,23,58.24,14.1,6.18,0,0,0,0,0,0,0
2026-03-11 14:00:00,D03,S03,北向,城市主干路,3,31,63.21,14.42,5.7,0,0,0,0,0,0,0
2026-03-11 14:15:00,D03,S03,北向,城市主干路,3,19,57.1,13.68,6.3,0,0,0,0,0,0,0
2026-03-11 14:30:00,D03,S03,北向,城市主干路,3,18,73.0,11.33,4.93,0,0,0,0,0,0,0
2026-03-11 14:45:00,D03,S03,北向,城市主干路,3,26,57.85,11.61,6.22,0,0,0,0,0,0,0
2026-03-11 15:00:00,D03,S03,北向,城市主干路,3,33,64.16,17.03,5.61,0,0,0,0,0,0,0
2026-03-11 15:15:00,D03,S03,北向,城市主干路,3,28,64.35,12.52,5.59,0,0,0,0,0,0,0
2026-03-11 15:30:00,D03,S03,北向,城市主干路,3,27,72.01,12.53,5.0,0,0,0,0,0,0,0
2026-03-11 15:45:00,D03,S03,北向,城市主干路,3,44,67.31,18.01,5.35,0,0,0,0,0,0,0
2026-03-11 16:00:00,D03,S03,北向,城市主干路,3,53,56.6,21.54,6.36,0,0,0,0,0,0,0
2026-03-11 16:15:00,D03,S03,北向,城市主干路,3,47,59.85,17.7,6.01,0,0,0,0,0,0,0
2026-03-11 16:30:00,D03,S03,北向,城市主干路,3,57,62.27,23.16,5.78,0,0,0,1,0,0,0
2026-03-11 16:45:00,D03,S03,北向,城市主干路,3,64,59.52,27.55,6.05,0,0,0,1,0,0,0
2026-03-11 17:00:00,D03,S03,北向,城市主干路,3,74,52.59,28.42,6.85,0,0,0,1,0,0,0
2026-03-11 17:15:00,D03,S03,北向,城市主干路,3,81,43.02,31.18,8.37,0,0,0,1,0,1,1
2026-03-11 17:30:00,D03,S03,北向,城市主干路,3,68,58.28,23.57,6.18,0,0,0,1,0,0,0
2026-03-11 17:45:00,D03,S03,北向,城市主干路,3,62,60.67,23.76,5.93,0,0,0,1,0,0,0
2026-03-11 18:00:00,D03,S03,北向,城市主干路,3,68,45.92,25.37,7.84,0,1,0,1,0,1,1
2026-03-11 18:15:00,D03,S03,北向,城市主干路,3,59,43.06,25.87,8.36,0,1,0,1,0,1,1
2026-03-11 18:30:00,D03,S03,北向,城市主干路,3,51,47.81,24.54,7.53,0,1,0,1,0,1,1
2026-03-11 18:45:00,D03,S03,北向,城市主干路,3,57,47.18,22.13,7.63,0,1,0,1,0,1,1
2026-03-11 19:00:00,D03,S03,北向,城市主干路,3,41,50.63,19.32,7.11,0,1,0,1,0,1,0
2026-03-11 19:15:00,D03,S03,北向,城市主干路,3,28,49.88,11.71,7.22,0,1,0,1,0,1,0
2026-03-11 19:30:00,D03,S03,北向,城市主干路,3,33,46.38,15.73,7.76,0,1,0,0,0,1,1
2026-03-11 19:45:00,D03,S03,北向,城市主干路,3,38,53.39,20.25,6.74,0,1,0,0,0,0,0
2026-03-11 20:00:00,D03,S03,北向,城市主干路,3,26,55.25,14.97,6.52,0,1,0,0,0,0,0
2026-03-11 20:15:00,D03,S03,北向,城市主干路,3,24,54.49,13.62,6.61,0,0,0,0,0,0,0
2026-03-11 20:30:00,D03,S03,北向,城市主干路,3,22,58.39,11.55,6.17,0,0,0,0,0,0,0
2026-03-11 20:45:00,D03,S03,北向,城市主干路,3,26,61.92,13.96,5.81,0,0,0,0,0,0,0
2026-03-11 21:00:00,D03,S03,北向,城市主干路,3,26,62.31,16.16,5.78,0,0,0,0,0,0,0
2026-03-11 21:15:00,D03,S03,北向,城市主干路,3,24,61.96,13.73,5.81,0,0,0,0,0,0,0
2026-03-11 21:30:00,D03,S03,北向,城市主干路,3,26,55.9,13.46,6.44,0,0,0,0,0,0,0
2026-03-11 21:45:00,D03,S03,北向,城市主干路,3,23,54.16,10.75,6.65,0,0,0,0,0,0,0
2026-03-11 22:00:00,D03,S03,北向,城市主干路,3,26,57.32,11.82,6.28,0,0,0,0,0,0,0
2026-03-11 22:15:00,D03,S03,北向,城市主干路,3,21,58.17,10.6,6.19,0,0,0,0,0,0,0
2026-03-11 22:30:00,D03,S03,北向,城市主干路,3,29,53.35,13.64,6.75,0,0,0,0,1,0,0
2026-03-11 22:45:00,D03,S03,北向,城市主干路,3,25,57.7,11.96,6.24,0,0,0,0,0,0,0
2026-03-11 23:00:00,D03,S03,北向,城市主干路,3,10,63.16,9.78,5.7,0,0,0,0,0,0,0
2026-03-11 23:15:00,D03,S03,北向,城市主干路,3,15,62.37,13.07,5.77,0,0,0,0,0,0,0
2026-03-11 23:30:00,D03,S03,北向,城市主干路,3,16,59.95,10.73,6.01,0,0,0,0,0,0,0
2026-03-11 23:45:00,D03,S03,北向,城市主干路,3,15,56.46,10.4,6.38,0,0,0,0,0,0,0
2026-03-12 00:00:00,D03,S03,北向,城市主干路,3,28,67.2,13.81,5.36,0,0,0,0,0,0,0
2026-03-12 00:15:00,D03,S03,北向,城市主干路,3,18,70.58,8.89,5.1,0,0,0,0,0,0,0
2026-03-12 00:30:00,D03,S03,北向,城市主干路,3,16,55.71,13.77,6.46,0,0,0,0,0,0,0
2026-03-12 00:45:00,D03,S03,北向,城市主干路,3,34,60.38,17.65,5.96,0,0,0,0,0,0,0
2026-03-12 01:00:00,D03,S03,北向,城市主干路,3,31,65.03,13.62,5.54,0,0,0,0,0,0,0
2026-03-12 01:15:00,D03,S03,北向,城市主干路,3,28,64.82,14.68,5.55,0,0,0,0,0,0,0
2026-03-12 01:30:00,D03,S03,北向,城市主干路,3,20,60.53,14.14,5.95,0,0,0,0,0,0,0
2026-03-12 01:45:00,D03,S03,北向,城市主干路,3,23,59.21,11.62,6.08,0,0,0,0,0,0,0
2026-03-12 02:00:00,D03,S03,北向,城市主干路,3,12,67.19,6.16,5.36,0,0,0,0,0,0,0
2026-03-12 02:15:00,D03,S03,北向,城市主干路,3,27,60.39,10.59,5.96,0,0,0,0,0,0,0
2026-03-12 02:30:00,D03,S03,北向,城市主干路,3,26,58.68,13.78,6.13,0,0,0,0,0,0,0
2026-03-12 02:45:00,D03,S03,北向,城市主干路,3,12,66.79,12.22,5.39,0,0,0,0,0,0,0
2026-03-12 03:00:00,D03,S03,北向,城市主干路,3,31,61.0,12.21,5.9,0,0,0,0,0,0,0
2026-03-12 03:15:00,D03,S03,北向,城市主干路,3,24,54.61,16.76,6.59,0,0,0,0,0,0,0
2026-03-12 03:30:00,D03,S03,北向,城市主干路,3,19,60.27,13.67,5.97,0,0,0,0,0,0,0
2026-03-12 03:45:00,D03,S03,北向,城市主干路,3,18,55.06,9.02,6.54,0,0,0,0,0,0,0
2026-03-12 04:00:00,D03,S03,北向,城市主干路,3,20,61.15,11.8,5.89,0,0,0,0,0,0,0
2026-03-12 04:15:00,D03,S03,北向,城市主干路,3,19,67.29,18.59,5.35,0,0,0,0,0,0,0
2026-03-12 04:30:00,D03,S03,北向,城市主干路,3,26,57.0,16.77,6.32,0,0,0,0,0,0,0
2026-03-12 04:45:00,D03,S03,北向,城市主干路,3,6,67.75,6.72,5.31,0,0,0,0,0,0,0
2026-03-12 05:00:00,D03,S03,北向,城市主干路,3,24,62.51,13.53,5.76,0,0,0,0,0,0,0
2026-03-12 05:15:00,D03,S03,北向,城市主干路,3,25,54.05,12.3,6.66,0,0,0,0,0,0,0
2026-03-12 05:30:00,D03,S03,北向,城市主干路,3,20,64.49,12.68,5.58,0,0,0,0,0,0,0
2026-03-12 05:45:00,D03,S03,北向,城市主干路,3,33,61.86,15.22,5.82,0,0,0,0,0,0,0
2026-03-12 06:00:00,D03,S03,北向,城市主干路,3,29,62.09,14.24,5.8,0,0,0,0,0,0,0
2026-03-12 06:15:00,D03,S03,北向,城市主干路,3,9,66.0,7.42,5.45,0,0,0,0,0,0,0
2026-03-12 06:30:00,D03,S03,北向,城市主干路,3,44,63.19,18.56,5.7,0,0,0,0,0,0,0
2026-03-12 06:45:00,D03,S03,北向,城市主干路,3,35,60.98,16.51,5.9,0,0,0,0,0,0,0
2026-03-12 07:00:00,D03,S03,北向,城市主干路,3,40,63.15,21.19,5.7,0,0,0,1,0,0,0
2026-03-12 07:15:00,D03,S03,北向,城市主干路,3,48,62.58,18.21,5.75,0,0,0,1,0,0,0
2026-03-12 07:30:00,D03,S03,北向,城市主干路,3,54,57.37,19.57,6.28,0,0,0,1,0,0,0
2026-03-12 07:45:00,D03,S03,北向,城市主干路,3,65,52.36,25.06,6.88,0,0,0,1,0,0,0
2026-03-12 08:00:00,D03,S03,北向,城市主干路,3,60,58.36,23.79,6.17,0,0,0,1,0,0,0
2026-03-12 08:15:00,D03,S03,北向,城市主干路,3,65,56.52,24.26,6.37,0,0,0,1,0,0,0
2026-03-12 08:30:00,D03,S03,北向,城市主干路,3,63,51.34,28.7,7.01,0,0,0,1,0,1,0
2026-03-12 08:45:00,D03,S03,北向,城市主干路,3,64,55.93,22.49,6.44,0,0,0,1,0,0,0
2026-03-12 09:00:00,D03,S03,北向,城市主干路,3,58,61.28,25.43,5.87,0,0,0,1,0,0,0
2026-03-12 09:15:00,D03,S03,北向,城市主干路,3,49,62.32,20.01,5.78,0,0,0,1,0,0,0
2026-03-12 09:30:00,D03,S03,北向,城市主干路,3,43,63.54,17.36,5.67,0,0,0,0,0,0,0
2026-03-12 09:45:00,D03,S03,北向,城市主干路,3,37,62.18,15.89,5.79,0,0,0,0,0,0,0
2026-03-12 10:00:00,D03,S03,北向,城市主干路,3,16,67.36,9.62,5.34,0,0,0,0,0,0,0
2026-03-12 10:15:00,D03,S03,北向,城市主干路,3,28,55.2,15.93,6.52,0,0,0,0,0,0,0
2026-03-12 10:30:00,D03,S03,北向,城市主干路,3,16,68.17,10.79,5.28,0,0,0,0,0,0,0
2026-03-12 10:45:00,D03,S03,北向,城市主干路,3,13,66.47,11.69,5.42,0,0,0,0,0,0,0
2026-03-12 11:00:00,D03,S03,北向,城市主干路,3,20,56.4,14.99,6.38,0,0,0,0,0,0,0
2026-03-12 11:15:00,D03,S03,北向,城市主干路,3,32,58.47,14.04,6.16,0,0,0,0,0,0,0
2026-03-12 11:30:00,D03,S03,北向,城市主干路,3,11,58.59,7.88,6.14,0,0,0,0,0,0,0
2026-03-12 11:45:00,D03,S03,北向,城市主干路,3,26,63.3,15.62,5.69,0,0,0,0,0,0,0
2026-03-12 12:00:00,D03,S03,北向,城市主干路,3,30,61.14,15.14,5.89,0,0,0,0,0,0,0
2026-03-12 12:15:00,D03,S03,北向,城市主干路,3,20,62.79,13.18,5.73,0,0,0,0,0,0,0
2026-03-12 12:30:00,D03,S03,北向,城市主干路,3,14,61.42,9.41,5.86,0,0,0,0,0,0,0
2026-03-12 12:45:00,D03,S03,北向,城市主干路,3,27,58.26,15.43,6.18,0,0,0,0,0,0,0
2026-03-12 13:00:00,D03,S03,北向,城市主干路,3,31,63.23,19.71,5.69,0,0,0,0,0,0,0
2026-03-12 13:15:00,D03,S03,北向,城市主干路,3,22,62.47,13.17,5.76,0,0,0,0,0,0,0
2026-03-12 13:30:00,D03,S03,北向,城市主干路,3,20,70.11,14.47,5.14,0,0,0,0,0,0,0
2026-03-12 13:45:00,D03,S03,北向,城市主干路,3,20,53.93,13.94,6.67,0,0,0,0,0,0,0
2026-03-12 14:00:00,D03,S03,北向,城市主干路,3,26,56.66,14.02,6.35,0,0,0,0,0,0,0
2026-03-12 14:15:00,D03,S03,北向,城市主干路,3,30,58.87,15.21,6.12,0,0,0,0,0,0,0
2026-03-12 14:30:00,D03,S03,北向,城市主干路,3,29,64.08,15.73,5.62,0,0,0,0,0,0,0
2026-03-12 14:45:00,D03,S03,北向,城市主干路,3,16,60.33,13.08,5.97,0,0,0,0,0,0,0
2026-03-12 15:00:00,D03,S03,北向,城市主干路,3,32,62.07,9.51,5.8,0,0,0,0,0,0,0
2026-03-12 15:15:00,D03,S03,北向,城市主干路,3,33,60.69,17.68,5.93,0,0,0,0,0,0,0
2026-03-12 15:30:00,D03,S03,北向,城市主干路,3,40,56.87,12.68,6.33,0,0,0,0,0,0,0
2026-03-12 15:45:00,D03,S03,北向,城市主干路,3,34,57.69,17.6,6.24,0,0,0,0,0,0,0
2026-03-12 16:00:00,D03,S03,北向,城市主干路,3,44,62.08,20.23,5.8,0,0,0,0,0,0,0
2026-03-12 16:15:00,D03,S03,北向,城市主干路,3,50,53.93,22.66,6.68,0,0,0,0,0,0,0
2026-03-12 16:30:00,D03,S03,北向,城市主干路,3,53,54.56,20.62,6.6,0,0,0,1,0,0,0
2026-03-12 16:45:00,D03,S03,北向,城市主干路,3,57,54.84,21.13,6.56,0,0,0,1,0,0,0
2026-03-12 17:00:00,D03,S03,北向,城市主干路,3,57,58.4,19.96,6.16,0,0,0,1,0,0,0
2026-03-12 17:15:00,D03,S03,北向,城市主干路,3,67,51.82,26.76,6.95,0,0,0,1,0,1,0
2026-03-12 17:30:00,D03,S03,北向,城市主干路,3,73,50.5,28.69,7.13,0,0,0,1,0,1,0
2026-03-12 17:45:00,D03,S03,北向,城市主干路,3,70,50.1,30.9,7.19,0,0,0,1,0,1,1
2026-03-12 18:00:00,D03,S03,北向,城市主干路,3,68,53.94,27.79,6.67,0,0,0,1,0,0,0
2026-03-12 18:15:00,D03,S03,北向,城市主干路,3,53,58.51,21.38,6.15,0,0,0,1,0,0,0
2026-03-12 18:30:00,D03,S03,北向,城市主干路,3,51,58.05,24.6,6.2,0,0,0,1,0,0,0
2026-03-12 18:45:00,D03,S03,北向,城市主干路,3,62,60.3,25.82,5.97,0,0,0,1,0,0,0
2026-03-12 19:00:00,D03,S03,北向,城市主干路,3,48,61.05,19.26,5.9,0,0,0,1,0,0,0
2026-03-12 19:15:00,D03,S03,北向,城市主干路,3,33,53.92,10.72,6.68,0,0,0,1,0,0,0
2026-03-12 19:30:00,D03,S03,北向,城市主干路,3,39,63.69,18.85,5.65,0,0,0,0,0,0,0
2026-03-12 19:45:00,D03,S03,北向,城市主干路,3,46,56.29,22.43,6.4,0,0,0,0,0,0,0
2026-03-12 20:00:00,D03,S03,北向,城市主干路,3,35,62.68,11.75,5.74,0,0,0,0,0,0,0
2026-03-12 20:15:00,D03,S03,北向,城市主干路,3,27,60.82,13.73,5.92,0,0,0,0,0,0,0
2026-03-12 20:30:00,D03,S03,北向,城市主干路,3,22,65.84,12.87,5.47,0,0,0,0,0,0,0
2026-03-12 20:45:00,D03,S03,北向,城市主干路,3,17,61.88,12.67,5.82,0,0,0,0,0,0,0
2026-03-12 21:00:00,D03,S03,北向,城市主干路,3,23,59.67,14.0,6.03,0,0,0,0,0,0,0
2026-03-12 21:15:00,D03,S03,北向,城市主干路,3,30,58.88,15.14,6.11,0,0,0,0,0,0,0
2026-03-12 21:30:00,D03,S03,北向,城市主干路,3,20,59.7,12.16,6.03,0,0,0,0,0,0,0
2026-03-12 21:45:00,D03,S03,北向,城市主干路,3,22,64.08,12.5,5.62,0,0,0,0,0,0,0
2026-03-12 22:00:00,D03,S03,北向,城市主干路,3,21,65.9,12.83,5.46,0,0,0,0,0,0,0
2026-03-12 22:15:00,D03,S03,北向,城市主干路,3,25,62.95,12.49,5.72,0,0,0,0,0,0,0
2026-03-12 22:30:00,D03,S03,北向,城市主干路,3,21,59.59,13.52,6.04,0,0,0,0,0,0,0
2026-03-12 22:45:00,D03,S03,北向,城市主干路,3,19,56.41,14.17,6.38,0,0,0,0,0,0,0
2026-03-12 23:00:00,D03,S03,北向,城市主干路,3,23,68.41,14.71,5.26,0,0,0,0,0,0,0
2026-03-12 23:15:00,D03,S03,北向,城市主干路,3,16,61.6,8.16,5.84,0,0,0,0,0,0,0
2026-03-12 23:30:00,D03,S03,北向,城市主干路,3,30,59.52,16.83,6.05,0,0,0,0,0,0,0
2026-03-12 23:45:00,D03,S03,北向,城市主干路,3,22,63.74,14.16,5.65,0,0,0,0,0,0,0
2026-03-13 00:00:00,D03,S03,北向,城市主干路,3,21,61.45,10.78,5.86,0,0,0,0,0,0,0
2026-03-13 00:15:00,D03,S03,北向,城市主干路,3,20,65.15,10.31,5.53,0,0,0,0,0,0,0
2026-03-13 00:30:00,D03,S03,北向,城市主干路,3,22,65.78,9.51,5.47,0,0,0,0,0,0,0
2026-03-13 00:45:00,D03,S03,北向,城市主干路,3,25,53.44,12.2,6.74,0,0,0,0,0,0,0
2026-03-13 01:00:00,D03,S03,北向,城市主干路,3,22,63.4,12.03,5.68,0,0,0,0,0,0,0
2026-03-13 01:15:00,D03,S03,北向,城市主干路,3,23,65.97,16.61,5.46,0,0,0,0,0,0,0
2026-03-13 01:30:00,D03,S03,北向,城市主干路,3,21,65.69,10.32,5.48,0,0,0,0,0,0,0
2026-03-13 01:45:00,D03,S03,北向,城市主干路,3,25,65.76,15.06,5.47,0,0,0,0,0,0,0
2026-03-13 02:00:00,D03,S03,北向,城市主干路,3,27,59.48,10.35,6.05,0,0,0,0,0,0,0
2026-03-13 02:15:00,D03,S03,北向,城市主干路,3,17,65.0,14.47,5.54,0,0,0,0,0,0,0
2026-03-13 02:30:00,D03,S03,北向,城市主干路,3,24,64.15,14.84,5.61,0,0,0,0,0,0,0
2026-03-13 02:45:00,D03,S03,北向,城市主干路,3,28,68.75,13.24,5.24,0,0,0,0,0,0,0
2026-03-13 03:00:00,D03,S03,北向,城市主干路,3,27,57.71,14.12,6.24,0,0,0,0,0,0,0
2026-03-13 03:15:00,D03,S03,北向,城市主干路,3,24,55.08,10.59,6.54,0,0,0,0,0,0,0
2026-03-13 03:30:00,D03,S03,北向,城市主干路,3,20,65.9,14.15,5.46,0,0,0,0,0,0,0
2026-03-13 03:45:00,D03,S03,北向,城市主干路,3,27,59.81,15.81,6.02,0,0,0,0,0,0,0
2026-03-13 04:00:00,D03,S03,北向,城市主干路,3,15,65.67,17.36,5.48,0,0,0,0,0,0,0
2026-03-13 04:15:00,D03,S03,北向,城市主干路,3,30,65.87,15.61,5.46,0,0,0,0,0,0,0
2026-03-13 04:30:00,D03,S03,北向,城市主干路,3,30,68.34,15.34,5.27,0,0,0,0,0,0,0
2026-03-13 04:45:00,D03,S03,北向,城市主干路,3,21,58.7,7.47,6.13,0,0,0,0,0,0,0
2026-03-13 05:00:00,D03,S03,北向,城市主干路,3,25,53.67,15.73,6.71,0,0,0,0,0,0,0
2026-03-13 05:15:00,D03,S03,北向,城市主干路,3,19,54.15,12.1,6.65,0,0,0,0,0,0,0
2026-03-13 05:30:00,D03,S03,北向,城市主干路,3,20,65.76,11.59,5.47,0,0,0,0,0,0,0
2026-03-13 05:45:00,D03,S03,北向,城市主干路,3,32,63.16,15.17,5.7,0,0,0,0,0,0,0
2026-03-13 06:00:00,D03,S03,北向,城市主干路,3,22,55.67,12.67,6.47,1,0,0,0,0,0,0
2026-03-13 06:15:00,D03,S03,北向,城市主干路,3,32,58.84,16.24,6.12,1,0,0,0,0,0,0
2026-03-13 06:30:00,D03,S03,北向,城市主干路,3,38,44.39,16.31,8.11,1,0,0,0,0,1,1
2026-03-13 06:45:00,D03,S03,北向,城市主干路,3,44,47.2,18.63,7.63,1,0,0,0,0,1,1
2026-03-13 07:00:00,D03,S03,北向,城市主干路,3,41,54.8,16.86,6.57,1,0,0,1,0,0,0
2026-03-13 07:15:00,D03,S03,北向,城市主干路,3,38,55.78,16.95,6.45,1,0,0,1,0,0,0
2026-03-13 07:30:00,D03,S03,北向,城市主干路,3,55,53.36,22.89,6.75,1,0,0,1,0,0,0
2026-03-13 07:45:00,D03,S03,北向,城市主干路,3,70,50.77,28.63,7.09,1,0,0,1,0,1,0
2026-03-13 08:00:00,D03,S03,北向,城市主干路,3,71,45.38,33.58,7.93,1,0,0,1,0,1,1
2026-03-13 08:15:00,D03,S03,北向,城市主干路,3,73,43.0,28.31,8.37,1,0,0,1,0,1,1
2026-03-13 08:30:00,D03,S03,北向,城市主干路,3,78,42.59,29.83,8.45,1,0,0,1,0,1,1
2026-03-13 08:45:00,D03,S03,北向,城市主干路,3,66,49.9,27.29,7.21,1,0,0,1,0,1,0
2026-03-13 09:00:00,D03,S03,北向,城市主干路,3,47,55.63,17.2,6.47,1,0,0,1,0,0,0
2026-03-13 09:15:00,D03,S03,北向,城市主干路,3,60,52.41,26.18,6.87,1,0,0,1,0,0,0
2026-03-13 09:30:00,D03,S03,北向,城市主干路,3,42,57.24,19.47,6.29,1,0,0,0,0,0,0
2026-03-13 09:45:00,D03,S03,北向,城市主干路,3,37,56.89,13.24,6.33,1,0,0,0,0,0,0
2026-03-13 10:00:00,D03,S03,北向,城市主干路,3,22,60.2,15.62,5.98,1,0,0,0,0,0,0
2026-03-13 10:15:00,D03,S03,北向,城市主干路,3,28,53.9,14.95,6.68,1,0,0,0,0,0,0
2026-03-13 10:30:00,D03,S03,北向,城市主干路,3,42,55.08,18.93,6.54,1,0,0,0,0,0,0
2026-03-13 10:45:00,D03,S03,北向,城市主干路,3,25,52.58,13.82,6.85,1,0,0,0,0,0,0
2026-03-13 11:00:00,D03,S03,北向,城市主干路,3,29,51.57,14.0,6.98,1,0,0,0,0,1,0
2026-03-13 11:15:00,D03,S03,北向,城市主干路,3,26,58.23,13.11,6.18,1,0,0,0,0,0,0
2026-03-13 11:30:00,D03,S03,北向,城市主干路,3,10,59.15,10.98,6.09,1,0,0,0,0,0,0
2026-03-13 11:45:00,D03,S03,北向,城市主干路,3,30,43.34,17.16,8.31,1,0,0,0,0,1,1
2026-03-13 12:00:00,D03,S03,北向,城市主干路,3,24,48.95,13.74,7.35,1,0,0,0,0,1,0
2026-03-13 12:15:00,D03,S03,北向,城市主干路,3,15,61.85,6.82,5.82,0,0,0,0,0,0,0
2026-03-13 12:30:00,D03,S03,北向,城市主干路,3,24,59.65,8.49,6.03,0,0,0,0,0,0,0
2026-03-13 12:45:00,D03,S03,北向,城市主干路,3,24,61.83,10.13,5.82,0,0,0,0,0,0,0
2026-03-13 13:00:00,D03,S03,北向,城市主干路,3,25,60.51,9.54,5.95,0,0,0,0,0,0,0
2026-03-13 13:15:00,D03,S03,北向,城市主干路,3,17,61.01,9.91,5.9,0,0,0,0,0,0,0
2026-03-13 13:30:00,D03,S03,北向,城市主干路,3,21,66.57,12.08,5.41,0,0,0,0,0,0,0
2026-03-13 13:45:00,D03,S03,北向,城市主干路,3,28,65.06,12.68,5.53,0,0,0,0,0,0,0
2026-03-13 14:00:00,D03,S03,北向,城市主干路,3,19,61.29,14.03,5.87,0,0,0,0,0,0,0
2026-03-13 14:15:00,D03,S03,北向,城市主干路,3,25,63.44,8.64,5.67,0,0,0,0,0,0,0
2026-03-13 14:30:00,D03,S03,北向,城市主干路,3,24,59.94,13.44,6.01,0,0,0,0,0,0,0
2026-03-13 14:45:00,D03,S03,北向,城市主干路,3,38,58.44,16.69,6.16,0,0,0,0,0,0,0
2026-03-13 15:00:00,D03,S03,北向,城市主干路,3,23,68.41,11.8,5.26,0,0,0,0,0,0,0
2026-03-13 15:15:00,D03,S03,北向,城市主干路,3,31,59.91,14.22,6.01,0,0,0,0,0,0,0
2026-03-13 15:30:00,D03,S03,北向,城市主干路,3,38,59.53,13.2,6.05,0,0,0,0,0,0,0
2026-03-13 15:45:00,D03,S03,北向,城市主干路,3,27,59.94,12.54,6.01,0,0,0,0,0,0,0
2026-03-13 16:00:00,D03,S03,北向,城市主干路,3,44,56.81,19.78,6.34,1,0,0,0,0,0,0
2026-03-13 16:15:00,D03,S03,北向,城市主干路,3,51,46.57,18.71,7.73,1,0,0,0,0,1,1
2026-03-13 16:30:00,D03,S03,北向,城市主干路,3,53,49.82,18.84,7.23,1,0,0,1,0,1,0
2026-03-13 16:45:00,D03,S03,北向,城市主干路,3,54,52.07,18.87,6.91,1,0,0,1,0,0,0
2026-03-13 17:00:00,D03,S03,北向,城市主干路,3,68,46.58,22.86,7.73,1,0,0,1,0,1,1
2026-03-13 17:15:00,D03,S03,北向,城市主干路,3,68,41.45,31.17,8.68,1,0,0,1,0,1,1
2026-03-13 17:30:00,D03,S03,北向,城市主干路,3,62,49.35,22.53,7.29,1,0,0,1,0,1,0
2026-03-13 17:45:00,D03,S03,北向,城市主干路,3,69,44.29,27.22,8.13,1,0,0,1,0,1,1
2026-03-13 18:00:00,D03,S03,北向,城市主干路,3,75,39.18,35.56,9.19,1,0,0,1,0,1,1
2026-03-13 18:15:00,D03,S03,北向,城市主干路,3,62,47.96,20.72,7.51,1,0,0,1,0,1,1
2026-03-13 18:30:00,D03,S03,北向,城市主干路,3,49,51.48,22.32,6.99,1,0,0,1,0,1,0
2026-03-13 18:45:00,D03,S03,北向,城市主干路,3,47,48.07,18.16,7.49,1,0,0,1,0,1,0
2026-03-13 19:00:00,D03,S03,北向,城市主干路,3,34,51.3,19.89,7.02,1,0,0,1,0,1,0
2026-03-13 19:15:00,D03,S03,北向,城市主干路,3,41,51.43,18.13,7.0,1,0,0,1,0,1,0
2026-03-13 19:30:00,D03,S03,北向,城市主干路,3,42,50.59,19.63,7.12,1,0,0,0,0,1,0
2026-03-13 19:45:00,D03,S03,北向,城市主干路,3,38,51.36,17.98,7.01,1,0,0,0,0,1,0
2026-03-13 20:00:00,D03,S03,北向,城市主干路,3,35,50.98,14.64,7.06,1,0,0,0,0,1,0
2026-03-13 20:15:00,D03,S03,北向,城市主干路,3,31,53.4,14.43,6.74,1,0,0,0,0,0,0
2026-03-13 20:30:00,D03,S03,北向,城市主干路,3,24,48.94,12.36,7.36,1,0,0,0,0,1,0
2026-03-13 20:45:00,D03,S03,北向,城市主干路,3,27,48.18,10.64,7.47,1,0,0,0,0,1,0
2026-03-13 21:00:00,D03,S03,北向,城市主干路,3,19,50.76,9.14,7.09,1,0,0,0,0,1,0
2026-03-13 21:15:00,D03,S03,北向,城市主干路,3,15,61.91,7.78,5.82,0,0,0,0,0,0,0
2026-03-13 21:30:00,D03,S03,北向,城市主干路,3,21,58.67,12.68,6.14,0,0,0,0,0,0,0
2026-03-13 21:45:00,D03,S03,北向,城市主干路,3,16,65.85,8.87,5.47,0,0,0,0,0,0,0
2026-03-13 22:00:00,D03,S03,北向,城市主干路,3,20,60.7,10.44,5.93,0,0,0,0,0,0,0
2026-03-13 22:15:00,D03,S03,北向,城市主干路,3,23,61.9,13.93,5.82,0,0,0,0,0,0,0
2026-03-13 22:30:00,D03,S03,北向,城市主干路,3,18,57.73,12.32,6.24,0,0,0,0,0,0,0
2026-03-13 22:45:00,D03,S03,北向,城市主干路,3,15,61.13,9.41,5.89,0,0,0,0,0,0,0
2026-03-13 23:00:00,D03,S03,北向,城市主干路,3,21,63.68,14.73,5.65,0,0,0,0,0,0,0
2026-03-13 23:15:00,D03,S03,北向,城市主干路,3,14,61.8,9.49,5.82,0,0,0,0,0,0,0
2026-03-13 23:30:00,D03,S03,北向,城市主干路,3,21,65.41,15.3,5.5,0,0,0,0,0,0,0
2026-03-13 23:45:00,D03,S03,北向,城市主干路,3,20,56.48,13.29,6.37,0,0,0,0,0,0,0
2026-03-14 00:00:00,D03,S03,北向,城市主干路,3,19,71.23,12.15,5.05,0,0,1,0,0,0,0
2026-03-14 00:15:00,D03,S03,北向,城市主干路,3,22,55.47,10.15,6.49,0,0,1,0,0,0,0
2026-03-14 00:30:00,D03,S03,北向,城市主干路,3,18,68.64,12.22,5.24,0,0,1,0,0,0,0
2026-03-14 00:45:00,D03,S03,北向,城市主干路,3,13,60.44,8.96,5.96,0,0,1,0,0,0,0
2026-03-14 01:00:00,D03,S03,北向,城市主干路,3,21,67.18,12.58,5.36,0,0,1,0,0,0,0
2026-03-14 01:15:00,D03,S03,北向,城市主干路,3,20,59.44,10.83,6.06,0,0,1,0,0,0,0
2026-03-14 01:30:00,D03,S03,北向,城市主干路,3,10,64.3,6.62,5.6,0,0,1,0,0,0,0
2026-03-14 01:45:00,D03,S03,北向,城市主干路,3,14,64.04,10.73,5.62,0,0,1,0,0,0,0
2026-03-14 02:00:00,D03,S03,北向,城市主干路,3,14,60.95,12.13,5.91,0,0,1,0,0,0,0
2026-03-14 02:15:00,D03,S03,北向,城市主干路,3,24,62.29,11.06,5.78,0,0,1,0,0,0,0
2026-03-14 02:30:00,D03,S03,北向,城市主干路,3,20,65.88,15.13,5.46,0,0,1,0,0,0,0
2026-03-14 02:45:00,D03,S03,北向,城市主干路,3,28,62.15,14.95,5.79,0,0,1,0,0,0,0
2026-03-14 03:00:00,D03,S03,北向,城市主干路,3,16,62.16,11.37,5.79,0,0,1,0,0,0,0
2026-03-14 03:15:00,D03,S03,北向,城市主干路,3,18,60.5,11.89,5.95,0,0,1,0,0,0,0
2026-03-14 03:30:00,D03,S03,北向,城市主干路,3,20,65.63,15.44,5.48,0,0,1,0,0,0,0
2026-03-14 03:45:00,D03,S03,北向,城市主干路,3,20,61.8,13.91,5.83,0,0,1,0,0,0,0
2026-03-14 04:00:00,D03,S03,北向,城市主干路,3,17,62.36,15.24,5.77,0,0,1,0,0,0,0
2026-03-14 04:15:00,D03,S03,北向,城市主干路,3,13,66.94,10.87,5.38,0,0,1,0,0,0,0
2026-03-14 04:30:00,D03,S03,北向,城市主干路,3,24,59.1,14.38,6.09,0,0,1,0,0,0,0
2026-03-14 04:45:00,D03,S03,北向,城市主干路,3,12,61.56,9.3,5.85,0,0,1,0,0,0,0
2026-03-14 05:00:00,D03,S03,北向,城市主干路,3,26,53.59,18.97,6.72,0,0,1,0,0,0,0
2026-03-14 05:15:00,D03,S03,北向,城市主干路,3,21,62.16,11.54,5.79,0,0,1,0,0,0,0
2026-03-14 05:30:00,D03,S03,北向,城市主干路,3,21,57.17,12.54,6.3,0,0,1,0,0,0,0
2026-03-14 05:45:00,D03,S03,北向,城市主干路,3,26,57.07,14.27,6.31,0,0,1,0,0,0,0
2026-03-14 06:00:00,D03,S03,北向,城市主干路,3,23,65.35,13.49,5.51,0,0,1,0,0,0,0
2026-03-14 06:15:00,D03,S03,北向,城市主干路,3,26,60.0,13.24,6.0,0,0,1,0,0,0,0
2026-03-14 06:30:00,D03,S03,北向,城市主干路,3,24,58.41,11.41,6.16,0,0,1,0,0,0,0
2026-03-14 06:45:00,D03,S03,北向,城市主干路,3,30,59.11,17.16,6.09,0,0,1,0,0,0,0
2026-03-14 07:00:00,D03,S03,北向,城市主干路,3,41,57.39,18.18,6.27,0,0,1,1,0,0,0
2026-03-14 07:15:00,D03,S03,北向,城市主干路,3,33,54.41,13.61,6.62,0,0,1,1,0,0,0
2026-03-14 07:30:00,D03,S03,北向,城市主干路,3,39,56.65,18.84,6.35,0,0,1,1,0,0,0
2026-03-14 07:45:00,D03,S03,北向,城市主干路,3,48,59.97,19.19,6.0,0,0,1,1,0,0,0
2026-03-14 08:00:00,D03,S03,北向,城市主干路,3,55,57.37,19.79,6.27,0,0,1,1,0,0,0
2026-03-14 08:15:00,D03,S03,北向,城市主干路,3,65,51.58,24.76,6.98,0,0,1,1,0,1,0
2026-03-14 08:30:00,D03,S03,北向,城市主干路,3,49,61.33,19.11,5.87,0,0,1,1,0,0,0
2026-03-14 08:45:00,D03,S03,北向,城市主干路,3,49,51.23,20.64,7.03,0,0,1,1,0,1,0
2026-03-14 09:00:00,D03,S03,北向,城市主干路,3,40,58.7,23.09,6.13,0,0,1,1,0,0,0
2026-03-14 09:15:00,D03,S03,北向,城市主干路,3,43,54.24,20.98,6.64,0,0,1,1,0,0,0
2026-03-14 09:30:00,D03,S03,北向,城市主干路,3,25,66.78,11.12,5.39,0,0,1,0,0,0,0
2026-03-14 09:45:00,D03,S03,北向,城市主干路,3,18,63.66,15.35,5.65,0,0,1,0,0,0,0
2026-03-14 10:00:00,D03,S03,北向,城市主干路,3,32,61.5,12.74,5.85,0,0,1,0,0,0,0
2026-03-14 10:15:00,D03,S03,北向,城市主干路,3,20,51.22,9.69,7.03,0,0,1,0,0,1,0
2026-03-14 10:30:00,D03,S03,北向,城市主干路,3,30,59.7,13.09,6.03,0,0,1,0,0,0,0
2026-03-14 10:45:00,D03,S03,北向,城市主干路,3,26,58.95,14.9,6.11,0,0,1,0,0,0,0
2026-03-14 11:00:00,D03,S03,北向,城市主干路,3,17,56.48,9.96,6.37,0,0,1,0,0,0,0
2026-03-14 11:15:00,D03,S03,北向,城市主干路,3,17,66.96,10.63,5.38,0,0,1,0,0,0,0
2026-03-14 11:30:00,D03,S03,北向,城市主干路,3,18,65.96,10.38,5.46,0,0,1,0,0,0,0
2026-03-14 11:45:00,D03,S03,北向,城市主干路,3,25,66.59,14.61,5.41,0,0,1,0,0,0,0
2026-03-14 12:00:00,D03,S03,北向,城市主干路,3,12,61.03,5.93,5.9,0,0,1,0,0,0,0
2026-03-14 12:15:00,D03,S03,北向,城市主干路,3,27,62.34,17.2,5.77,0,0,1,0,0,0,0
2026-03-14 12:30:00,D03,S03,北向,城市主干路,3,3,69.16,3.22,5.2,0,0,1,0,0,0,0
2026-03-14 12:45:00,D03,S03,北向,城市主干路,3,13,61.75,7.58,5.83,0,0,1,0,0,0,0
2026-03-14 13:00:00,D03,S03,北向,城市主干路,3,19,57.23,11.18,6.29,0,0,1,0,0,0,0
2026-03-14 13:15:00,D03,S03,北向,城市主干路,3,23,63.11,13.41,5.7,0,0,1,0,0,0,0
2026-03-14 13:30:00,D03,S03,北向,城市主干路,3,25,58.93,17.16,6.11,0,0,1,0,0,0,0
2026-03-14 13:45:00,D03,S03,北向,城市主干路,3,17,59.85,12.39,6.01,0,0,1,0,0,0,0
2026-03-14 14:00:00,D03,S03,北向,城市主干路,3,11,65.19,8.97,5.52,0,0,1,0,0,0,0
2026-03-14 14:15:00,D03,S03,北向,城市主干路,3,17,58.05,13.24,6.2,0,0,1,0,0,0,0
2026-03-14 14:30:00,D03,S03,北向,城市主干路,3,21,62.62,10.26,5.75,0,0,1,0,0,0,0
2026-03-14 14:45:00,D03,S03,北向,城市主干路,3,31,54.43,12.83,6.61,0,0,1,0,0,0,0
2026-03-14 15:00:00,D03,S03,北向,城市主干路,3,20,67.01,12.92,5.37,0,0,1,0,0,0,0
2026-03-14 15:15:00,D03,S03,北向,城市主干路,3,34,58.54,13.37,6.15,0,0,1,0,0,0,0
2026-03-14 15:30:00,D03,S03,北向,城市主干路,3,17,66.42,10.45,5.42,0,0,1,0,0,0,0
2026-03-14 15:45:00,D03,S03,北向,城市主干路,3,38,59.71,15.56,6.03,0,0,1,0,0,0,0
2026-03-14 16:00:00,D03,S03,北向,城市主干路,3,42,58.29,18.87,6.18,0,0,1,0,0,0,0
2026-03-14 16:15:00,D03,S03,北向,城市主干路,3,52,55.24,20.06,6.52,0,0,1,0,0,0,0
2026-03-14 16:30:00,D03,S03,北向,城市主干路,3,43,52.26,20.03,6.89,0,0,1,1,0,0,0
2026-03-14 16:45:00,D03,S03,北向,城市主干路,3,42,54.39,14.78,6.62,0,0,1,1,0,0,0
2026-03-14 17:00:00,D03,S03,北向,城市主干路,3,51,53.65,25.48,6.71,0,0,1,1,0,0,0
2026-03-14 17:15:00,D03,S03,北向,城市主干路,3,48,58.8,20.87,6.12,0,0,1,1,0,0,0
2026-03-14 17:30:00,D03,S03,北向,城市主干路,3,54,54.12,23.51,6.65,0,0,1,1,0,0,0
2026-03-14 17:45:00,D03,S03,北向,城市主干路,3,58,48.25,21.53,7.46,0,0,1,1,0,1,0
2026-03-14 18:00:00,D03,S03,北向,城市主干路,3,64,50.21,23.31,7.17,0,0,1,1,0,1,0
2026-03-14 18:15:00,D03,S03,北向,城市主干路,3,42,62.23,17.61,5.78,0,0,1,1,0,0,0
2026-03-14 18:30:00,D03,S03,北向,城市主干路,3,51,57.6,19.84,6.25,0,0,1,1,0,0,0
2026-03-14 18:45:00,D03,S03,北向,城市主干路,3,38,58.44,18.61,6.16,0,0,1,1,0,0,0
2026-03-14 19:00:00,D03,S03,北向,城市主干路,3,26,61.85,12.82,5.82,0,0,1,1,0,0,0
2026-03-14 19:15:00,D03,S03,北向,城市主干路,3,28,64.34,10.53,5.59,0,0,1,1,0,0,0
2026-03-14 19:30:00,D03,S03,北向,城市主干路,3,31,56.02,16.53,6.43,0,0,1,0,0,0,0
2026-03-14 19:45:00,D03,S03,北向,城市主干路,3,23,58.8,13.16,6.12,0,0,1,0,0,0,0
2026-03-14 20:00:00,D03,S03,北向,城市主干路,3,29,57.72,16.51,6.24,0,0,1,0,0,0,0
2026-03-14 20:15:00,D03,S03,北向,城市主干路,3,16,66.71,12.78,5.4,0,0,1,0,0,0,0
2026-03-14 20:30:00,D03,S03,北向,城市主干路,3,22,61.0,6.8,5.9,0,0,1,0,0,0,0
2026-03-14 20:45:00,D03,S03,北向,城市主干路,3,14,66.82,6.79,5.39,0,0,1,0,0,0,0
2026-03-14 21:00:00,D03,S03,北向,城市主干路,3,8,64.26,10.53,5.6,0,0,1,0,0,0,0
2026-03-14 21:15:00,D03,S03,北向,城市主干路,3,17,59.56,9.08,6.04,0,0,1,0,0,0,0
2026-03-14 21:30:00,D03,S03,北向,城市主干路,3,23,59.98,8.63,6.0,0,0,1,0,0,0,0
2026-03-14 21:45:00,D03,S03,北向,城市主干路,3,13,63.46,9.58,5.67,0,0,1,0,0,0,0
2026-03-14 22:00:00,D03,S03,北向,城市主干路,3,12,61.21,11.98,5.88,0,0,1,0,0,0,0
2026-03-14 22:15:00,D03,S03,北向,城市主干路,3,10,67.2,5.41,5.36,0,0,1,0,0,0,0
2026-03-14 22:30:00,D03,S03,北向,城市主干路,3,5,63.03,5.99,5.71,0,0,1,0,0,0,0
2026-03-14 22:45:00,D03,S03,北向,城市主干路,3,26,63.4,13.39,5.68,0,0,1,0,0,0,0
2026-03-14 23:00:00,D03,S03,北向,城市主干路,3,26,61.04,13.27,5.9,0,0,1,0,0,0,0
2026-03-14 23:15:00,D03,S03,北向,城市主干路,3,13,60.7,12.47,5.93,0,0,1,0,0,0,0
2026-03-14 23:30:00,D03,S03,北向,城市主干路,3,17,66.41,12.5,5.42,0,0,1,0,0,0,0
2026-03-14 23:45:00,D03,S03,北向,城市主干路,3,22,55.47,12.54,6.49,0,0,1,0,0,0,0
2026-03-15 00:00:00,D03,S03,北向,城市主干路,3,18,61.05,12.37,5.9,0,0,1,0,0,0,0
2026-03-15 00:15:00,D03,S03,北向,城市主干路,3,14,61.98,10.71,5.81,0,0,1,0,0,0,0
2026-03-15 00:30:00,D03,S03,北向,城市主干路,3,18,63.27,10.73,5.69,0,0,1,0,0,0,0
2026-03-15 00:45:00,D03,S03,北向,城市主干路,3,18,55.57,13.47,6.48,0,0,1,0,0,0,0
2026-03-15 01:00:00,D03,S03,北向,城市主干路,3,25,60.11,16.51,5.99,0,0,1,0,0,0,0
2026-03-15 01:15:00,D03,S03,北向,城市主干路,3,17,58.09,12.61,6.2,0,0,1,0,0,0,0
2026-03-15 01:30:00,D03,S03,北向,城市主干路,3,14,58.38,11.5,6.17,0,0,1,0,0,0,0
2026-03-15 01:45:00,D03,S03,北向,城市主干路,3,14,67.35,10.84,5.34,0,0,1,0,0,0,0
2026-03-15 02:00:00,D03,S03,北向,城市主干路,3,23,57.23,14.77,6.29,0,0,1,0,0,0,0
2026-03-15 02:15:00,D03,S03,北向,城市主干路,3,19,59.53,10.06,6.05,0,0,1,0,0,0,0
2026-03-15 02:30:00,D03,S03,北向,城市主干路,3,22,62.27,13.31,5.78,0,0,1,0,0,0,0
2026-03-15 02:45:00,D03,S03,北向,城市主干路,3,8,57.34,7.94,6.28,0,0,1,0,0,0,0
2026-03-15 03:00:00,D03,S03,北向,城市主干路,3,7,66.6,8.21,5.41,0,0,1,0,0,0,0
2026-03-15 03:15:00,D03,S03,北向,城市主干路,3,12,59.61,12.88,6.04,0,0,1,0,0,0,0
2026-03-15 03:30:00,D03,S03,北向,城市主干路,3,17,61.67,14.7,5.84,0,0,1,0,0,0,0
2026-03-15 03:45:00,D03,S03,北向,城市主干路,3,14,66.15,11.75,5.44,0,0,1,0,0,0,0
2026-03-15 04:00:00,D03,S03,北向,城市主干路,3,7,63.45,10.45,5.67,0,0,1,0,0,0,0
2026-03-15 04:15:00,D03,S03,北向,城市主干路,3,31,65.34,15.71,5.51,0,0,1,0,0,0,0
2026-03-15 04:30:00,D03,S03,北向,城市主干路,3,12,65.06,10.29,5.53,0,0,1,0,0,0,0
2026-03-15 04:45:00,D03,S03,北向,城市主干路,3,17,66.04,13.19,5.45,0,0,1,0,0,0,0
2026-03-15 05:00:00,D03,S03,北向,城市主干路,3,14,61.12,13.02,5.89,0,0,1,0,0,0,0
2026-03-15 05:15:00,D03,S03,北向,城市主干路,3,19,67.8,10.3,5.31,0,0,1,0,0,0,0
2026-03-15 05:30:00,D03,S03,北向,城市主干路,3,20,66.83,12.55,5.39,0,0,1,0,0,0,0
2026-03-15 05:45:00,D03,S03,北向,城市主干路,3,17,65.48,10.96,5.5,0,0,1,0,0,0,0
2026-03-15 06:00:00,D03,S03,北向,城市主干路,3,18,62.61,10.43,5.75,0,0,1,0,0,0,0
2026-03-15 06:15:00,D03,S03,北向,城市主干路,3,19,66.31,14.78,5.43,0,0,1,0,0,0,0
2026-03-15 06:30:00,D03,S03,北向,城市主干路,3,18,58.01,11.07,6.21,0,0,1,0,0,0,0
2026-03-15 06:45:00,D03,S03,北向,城市主干路,3,33,51.79,14.55,6.95,0,0,1,0,0,1,0
2026-03-15 07:00:00,D03,S03,北向,城市主干路,3,35,56.41,14.63,6.38,0,0,1,1,0,0,0
2026-03-15 07:15:00,D03,S03,北向,城市主干路,3,43,56.41,17.63,6.38,0,0,1,1,0,0,0
2026-03-15 07:30:00,D03,S03,北向,城市主干路,3,40,61.37,16.25,5.87,0,0,1,1,0,0,0
2026-03-15 07:45:00,D03,S03,北向,城市主干路,3,46,60.41,17.91,5.96,0,0,1,1,0,0,0
2026-03-15 08:00:00,D03,S03,北向,城市主干路,3,49,51.54,21.39,6.99,0,0,1,1,0,1,0
2026-03-15 08:15:00,D03,S03,北向,城市主干路,3,57,58.78,20.22,6.12,0,0,1,1,0,0,0
2026-03-15 08:30:00,D03,S03,北向,城市主干路,3,44,58.68,21.89,6.13,0,0,1,1,0,0,0
2026-03-15 08:45:00,D03,S03,北向,城市主干路,3,42,54.9,20.25,6.56,0,0,1,1,0,0,0
2026-03-15 09:00:00,D03,S03,北向,城市主干路,3,51,60.62,15.82,5.94,0,0,1,1,0,0,0
2026-03-15 09:15:00,D03,S03,北向,城市主干路,3,41,58.45,18.09,6.16,0,0,1,1,0,0,0
2026-03-15 09:30:00,D03,S03,北向,城市主干路,3,33,55.51,14.71,6.49,0,0,1,0,0,0,0
2026-03-15 09:45:00,D03,S03,北向,城市主干路,3,23,63.63,12.59,5.66,0,0,1,0,0,0,0
2026-03-15 10:00:00,D03,S03,北向,城市主干路,3,28,58.14,12.76,6.19,0,0,1,0,0,0,0
2026-03-15 10:15:00,D03,S03,北向,城市主干路,3,30,66.84,11.09,5.39,0,0,1,0,0,0,0
2026-03-15 10:30:00,D03,S03,北向,城市主干路,3,25,52.92,15.56,6.8,0,0,1,0,0,0,0
2026-03-15 10:45:00,D03,S03,北向,城市主干路,3,36,65.01,16.8,5.54,0,0,1,0,0,0,0
2026-03-15 11:00:00,D03,S03,北向,城市主干路,3,23,58.79,9.51,6.12,0,0,1,0,0,0,0
2026-03-15 11:15:00,D03,S03,北向,城市主干路,3,10,56.12,7.11,6.41,0,0,1,0,0,0,0
2026-03-15 11:30:00,D03,S03,北向,城市主干路,3,10,62.81,11.89,5.73,0,0,1,0,0,0,0
2026-03-15 11:45:00,D03,S03,北向,城市主干路,3,24,54.87,10.58,6.56,0,0,1,0,0,0,0
2026-03-15 12:00:00,D03,S03,北向,城市主干路,3,5,58.85,5.63,6.12,0,0,1,0,0,0,0
2026-03-15 12:15:00,D03,S03,北向,城市主干路,3,20,63.01,12.09,5.71,0,0,1,0,0,0,0
2026-03-15 12:30:00,D03,S03,北向,城市主干路,3,8,69.05,6.27,5.21,0,0,1,0,0,0,0
2026-03-15 12:45:00,D03,S03,北向,城市主干路,3,23,57.56,9.51,6.25,0,0,1,0,0,0,0
2026-03-15 13:00:00,D03,S03,北向,城市主干路,3,13,60.19,8.69,5.98,0,0,1,0,0,0,0
2026-03-15 13:15:00,D03,S03,北向,城市主干路,3,24,62.7,14.69,5.74,0,0,1,0,0,0,0
2026-03-15 13:30:00,D03,S03,北向,城市主干路,3,17,68.79,5.79,5.23,0,0,1,0,0,0,0
2026-03-15 13:45:00,D03,S03,北向,城市主干路,3,12,66.34,12.91,5.43,0,0,1,0,0,0,0
2026-03-15 14:00:00,D03,S03,北向,城市主干路,3,21,61.14,11.65,5.89,0,0,1,0,0,0,0
2026-03-15 14:15:00,D03,S03,北向,城市主干路,3,20,59.52,8.61,6.05,0,0,1,0,0,0,0
2026-03-15 14:30:00,D03,S03,北向,城市主干路,3,22,61.36,19.38,5.87,0,0,1,0,0,0,0
2026-03-15 14:45:00,D03,S03,北向,城市主干路,3,23,61.08,13.25,5.89,0,0,1,0,0,0,0
2026-03-15 15:00:00,D03,S03,北向,城市主干路,3,28,58.44,17.27,6.16,0,0,1,0,0,0,0
2026-03-15 15:15:00,D03,S03,北向,城市主干路,3,23,64.77,10.6,5.56,0,0,1,0,0,0,0
2026-03-15 15:30:00,D03,S03,北向,城市主干路,3,11,64.06,7.47,5.62,0,0,1,0,0,0,0
2026-03-15 15:45:00,D03,S03,北向,城市主干路,3,28,55.19,17.57,6.52,0,0,1,0,0,0,0
2026-03-15 16:00:00,D03,S03,北向,城市主干路,3,34,60.66,15.44,5.94,0,0,1,0,0,0,0
2026-03-15 16:15:00,D03,S03,北向,城市主干路,3,42,64.2,15.98,5.61,0,0,1,0,0,0,0
2026-03-15 16:30:00,D03,S03,北向,城市主干路,3,47,59.53,19.22,6.05,0,0,1,1,0,0,0
2026-03-15 16:45:00,D03,S03,北向,城市主干路,3,53,61.18,18.85,5.88,0,0,1,1,0,0,0
2026-03-15 17:00:00,D03,S03,北向,城市主干路,3,37,68.1,14.47,5.29,0,0,1,1,0,0,0
2026-03-15 17:15:00,D03,S03,北向,城市主干路,3,52,55.96,21.19,6.43,0,0,1,1,0,0,0
2026-03-15 17:30:00,D03,S03,北向,城市主干路,3,49,57.94,17.16,6.21,0,0,1,1,0,0,0
2026-03-15 17:45:00,D03,S03,北向,城市主干路,3,59,57.91,25.86,6.22,0,0,1,1,0,0,0
2026-03-15 18:00:00,D03,S03,北向,城市主干路,3,55,58.13,22.57,6.19,0,0,1,1,0,0,0
2026-03-15 18:15:00,D03,S03,北向,城市主干路,3,51,53.81,24.44,6.69,0,0,1,1,0,0,0
2026-03-15 18:30:00,D03,S03,北向,城市主干路,3,43,62.02,22.03,5.8,0,0,1,1,0,0,0
2026-03-15 18:45:00,D03,S03,北向,城市主干路,3,33,60.06,14.63,5.99,0,0,1,1,0,0,0
2026-03-15 19:00:00,D03,S03,北向,城市主干路,3,38,63.13,23.4,5.7,0,0,1,1,0,0,0
2026-03-15 19:15:00,D03,S03,北向,城市主干路,3,31,58.19,17.94,6.19,0,0,1,1,0,0,0
2026-03-15 19:30:00,D03,S03,北向,城市主干路,3,29,60.57,16.46,5.94,0,0,1,0,0,0,0
2026-03-15 19:45:00,D03,S03,北向,城市主干路,3,34,65.16,17.12,5.52,0,0,1,0,0,0,0
2026-03-15 20:00:00,D03,S03,北向,城市主干路,3,22,68.76,12.18,5.24,0,0,1,0,0,0,0
2026-03-15 20:15:00,D03,S03,北向,城市主干路,3,28,60.08,13.68,5.99,0,0,1,0,0,0,0
2026-03-15 20:30:00,D03,S03,北向,城市主干路,3,31,65.69,16.37,5.48,0,0,1,0,0,0,0
2026-03-15 20:45:00,D03,S03,北向,城市主干路,3,20,57.67,11.21,6.24,0,0,1,0,1,0,0
2026-03-15 21:00:00,D03,S03,北向,城市主干路,3,22,56.13,11.34,6.41,0,0,1,0,0,0,0
2026-03-15 21:15:00,D03,S03,北向,城市主干路,3,14,54.32,9.66,6.63,0,0,1,0,0,0,0
2026-03-15 21:30:00,D03,S03,北向,城市主干路,3,11,69.63,12.2,5.17,0,0,1,0,0,0,0
2026-03-15 21:45:00,D03,S03,北向,城市主干路,3,17,60.41,11.21,5.96,0,0,1,0,0,0,0
2026-03-15 22:00:00,D03,S03,北向,城市主干路,3,24,56.33,13.66,6.39,0,0,1,0,0,0,0
2026-03-15 22:15:00,D03,S03,北向,城市主干路,3,15,64.92,11.17,5.55,0,0,1,0,0,0,0
2026-03-15 22:30:00,D03,S03,北向,城市主干路,3,20,67.24,10.4,5.35,0,0,1,0,0,0,0
2026-03-15 22:45:00,D03,S03,北向,城市主干路,3,14,65.71,8.31,5.48,0,0,1,0,0,0,0
2026-03-15 23:00:00,D03,S03,北向,城市主干路,3,18,60.97,11.39,5.9,0,0,1,0,0,0,0
2026-03-15 23:15:00,D03,S03,北向,城市主干路,3,10,62.24,5.69,5.78,0,0,1,0,0,0,0
2026-03-15 23:30:00,D03,S03,北向,城市主干路,3,18,64.52,14.34,5.58,0,0,1,0,0,0,0
2026-03-15 23:45:00,D03,S03,北向,城市主干路,3,21,60.17,6.98,5.98,0,0,1,0,0,0,0
2026-03-02 00:00:00,D04,S04,南向,城市主干路,3,21,66.39,11.54,5.42,0,0,0,0,0,0,0
2026-03-02 00:15:00,D04,S04,南向,城市主干路,3,31,66.25,14.75,5.43,0,0,0,0,0,0,0
2026-03-02 00:30:00,D04,S04,南向,城市主干路,3,32,68.34,17.4,5.27,0,0,0,0,0,0,0
2026-03-02 00:45:00,D04,S04,南向,城市主干路,3,20,65.28,14.68,5.51,0,0,0,0,0,0,0
2026-03-02 01:00:00,D04,S04,南向,城市主干路,3,19,70.96,11.26,5.07,0,0,0,0,0,0,0
2026-03-02 01:15:00,D04,S04,南向,城市主干路,3,30,61.23,13.22,5.88,0,0,0,0,0,0,0
2026-03-02 01:30:00,D04,S04,南向,城市主干路,3,32,59.13,15.98,6.09,0,0,0,0,0,0,0
2026-03-02 01:45:00,D04,S04,南向,城市主干路,3,21,51.9,9.13,6.94,0,0,0,0,0,1,0
2026-03-02 02:00:00,D04,S04,南向,城市主干路,3,24,67.74,12.82,5.31,0,0,0,0,0,0,0
2026-03-02 02:15:00,D04,S04,南向,城市主干路,3,17,63.17,11.71,5.7,0,0,0,0,0,0,0
2026-03-02 02:30:00,D04,S04,南向,城市主干路,3,17,66.59,9.96,5.41,0,0,0,0,0,0,0
2026-03-02 02:45:00,D04,S04,南向,城市主干路,3,21,65.0,10.45,5.54,0,0,0,0,0,0,0
2026-03-02 03:00:00,D04,S04,南向,城市主干路,3,25,66.82,10.89,5.39,0,0,0,0,0,0,0
2026-03-02 03:15:00,D04,S04,南向,城市主干路,3,22,60.69,9.24,5.93,0,0,0,0,0,0,0
2026-03-02 03:30:00,D04,S04,南向,城市主干路,3,11,64.16,8.93,5.61,0,0,0,0,0,0,0
2026-03-02 03:45:00,D04,S04,南向,城市主干路,3,28,59.06,11.18,6.1,0,0,0,0,0,0,0
2026-03-02 04:00:00,D04,S04,南向,城市主干路,3,29,58.75,16.51,6.13,0,0,0,0,0,0,0
2026-03-02 04:15:00,D04,S04,南向,城市主干路,3,25,54.92,13.2,6.56,0,0,0,0,0,0,0
2026-03-02 04:30:00,D04,S04,南向,城市主干路,3,19,68.44,10.95,5.26,0,0,0,0,0,0,0
2026-03-02 04:45:00,D04,S04,南向,城市主干路,3,36,63.62,15.79,5.66,0,0,0,0,0,0,0
2026-03-02 05:00:00,D04,S04,南向,城市主干路,3,27,57.52,14.55,6.26,0,0,0,0,0,0,0
2026-03-02 05:15:00,D04,S04,南向,城市主干路,3,17,69.87,9.43,5.15,0,0,0,0,0,0,0
2026-03-02 05:30:00,D04,S04,南向,城市主干路,3,29,63.53,16.86,5.67,0,0,0,0,0,0,0
2026-03-02 05:45:00,D04,S04,南向,城市主干路,3,26,66.64,10.75,5.4,0,0,0,0,0,0,0
2026-03-02 06:00:00,D04,S04,南向,城市主干路,3,29,61.71,16.6,5.83,0,0,0,0,0,0,0
2026-03-02 06:15:00,D04,S04,南向,城市主干路,3,25,58.98,15.58,6.1,0,0,0,0,0,0,0
2026-03-02 06:30:00,D04,S04,南向,城市主干路,3,32,60.82,16.05,5.92,0,0,0,0,0,0,0
2026-03-02 06:45:00,D04,S04,南向,城市主干路,3,40,52.71,16.78,6.83,0,0,0,0,0,0,0
2026-03-02 07:00:00,D04,S04,南向,城市主干路,3,41,55.3,23.47,6.51,0,0,0,1,0,0,0
2026-03-02 07:15:00,D04,S04,南向,城市主干路,3,39,62.25,16.06,5.78,0,0,0,1,0,0,0
2026-03-02 07:30:00,D04,S04,南向,城市主干路,3,59,58.17,23.77,6.19,0,0,0,1,0,0,0
2026-03-02 07:45:00,D04,S04,南向,城市主干路,3,59,60.06,24.75,5.99,0,0,0,1,0,0,0
2026-03-02 08:00:00,D04,S04,南向,城市主干路,3,69,47.93,30.09,7.51,0,0,0,1,0,1,1
2026-03-02 08:15:00,D04,S04,南向,城市主干路,3,64,58.5,24.3,6.15,0,0,0,1,0,0,0
2026-03-02 08:30:00,D04,S04,南向,城市主干路,3,73,49.5,26.03,7.27,0,0,0,1,0,1,0
2026-03-02 08:45:00,D04,S04,南向,城市主干路,3,56,51.03,24.6,7.05,0,0,0,1,0,1,0
2026-03-02 09:00:00,D04,S04,南向,城市主干路,3,67,45.71,25.81,7.88,0,0,0,1,0,1,1
2026-03-02 09:15:00,D04,S04,南向,城市主干路,3,52,57.27,21.66,6.29,0,0,0,1,0,0,0
2026-03-02 09:30:00,D04,S04,南向,城市主干路,3,49,60.42,24.42,5.96,0,0,0,0,0,0,0
2026-03-02 09:45:00,D04,S04,南向,城市主干路,3,32,59.18,15.12,6.08,0,0,0,0,0,0,0
2026-03-02 10:00:00,D04,S04,南向,城市主干路,3,33,52.64,14.56,6.84,0,0,0,0,0,0,0
2026-03-02 10:15:00,D04,S04,南向,城市主干路,3,17,72.56,12.28,4.96,0,0,0,0,0,0,0
2026-03-02 10:30:00,D04,S04,南向,城市主干路,3,18,60.1,11.25,5.99,0,0,0,0,0,0,0
2026-03-02 10:45:00,D04,S04,南向,城市主干路,3,30,63.89,11.49,5.63,0,0,0,0,0,0,0
2026-03-02 11:00:00,D04,S04,南向,城市主干路,3,23,61.86,11.74,5.82,0,0,0,0,0,0,0
2026-03-02 11:15:00,D04,S04,南向,城市主干路,3,29,64.29,16.86,5.6,0,0,0,0,0,0,0
2026-03-02 11:30:00,D04,S04,南向,城市主干路,3,28,61.15,15.03,5.89,0,0,0,0,0,0,0
2026-03-02 11:45:00,D04,S04,南向,城市主干路,3,21,62.43,13.83,5.77,0,0,0,0,0,0,0
2026-03-02 12:00:00,D04,S04,南向,城市主干路,3,27,66.7,17.32,5.4,0,0,0,0,0,0,0
2026-03-02 12:15:00,D04,S04,南向,城市主干路,3,27,60.62,16.62,5.94,0,0,0,0,0,0,0
2026-03-02 12:30:00,D04,S04,南向,城市主干路,3,27,66.44,9.42,5.42,0,0,0,0,0,0,0
2026-03-02 12:45:00,D04,S04,南向,城市主干路,3,28,64.44,15.41,5.59,0,0,0,0,0,0,0
2026-03-02 13:00:00,D04,S04,南向,城市主干路,3,23,57.83,10.95,6.23,0,0,0,0,0,0,0
2026-03-02 13:15:00,D04,S04,南向,城市主干路,3,29,58.28,15.57,6.18,0,0,0,0,0,0,0
2026-03-02 13:30:00,D04,S04,南向,城市主干路,3,23,55.47,13.53,6.49,0,0,0,0,0,0,0
2026-03-02 13:45:00,D04,S04,南向,城市主干路,3,24,61.06,16.22,5.9,0,0,0,0,0,0,0
2026-03-02 14:00:00,D04,S04,南向,城市主干路,3,25,61.67,16.86,5.84,0,0,0,0,0,0,0
2026-03-02 14:15:00,D04,S04,南向,城市主干路,3,25,66.05,10.01,5.45,0,0,0,0,0,0,0
2026-03-02 14:30:00,D04,S04,南向,城市主干路,3,35,62.93,11.01,5.72,0,0,0,0,0,0,0
2026-03-02 14:45:00,D04,S04,南向,城市主干路,3,19,63.16,10.16,5.7,0,0,0,0,0,0,0
2026-03-02 15:00:00,D04,S04,南向,城市主干路,3,30,62.7,18.34,5.74,0,0,0,0,0,0,0
2026-03-02 15:15:00,D04,S04,南向,城市主干路,3,35,58.23,15.36,6.18,0,0,0,0,0,0,0
2026-03-02 15:30:00,D04,S04,南向,城市主干路,3,33,60.48,15.1,5.95,0,0,0,0,0,0,0
2026-03-02 15:45:00,D04,S04,南向,城市主干路,3,42,55.97,17.36,6.43,0,0,0,0,0,0,0
2026-03-02 16:00:00,D04,S04,南向,城市主干路,3,42,59.19,14.86,6.08,0,0,0,0,0,0,0
2026-03-02 16:15:00,D04,S04,南向,城市主干路,3,58,55.13,24.43,6.53,0,0,0,0,0,0,0
2026-03-02 16:30:00,D04,S04,南向,城市主干路,3,71,50.61,28.9,7.11,0,0,0,1,0,1,0
2026-03-02 16:45:00,D04,S04,南向,城市主干路,3,60,54.71,26.52,6.58,0,0,0,1,0,0,0
2026-03-02 17:00:00,D04,S04,南向,城市主干路,3,66,52.47,27.78,6.86,0,0,0,1,0,0,0
2026-03-02 17:15:00,D04,S04,南向,城市主干路,3,84,47.85,29.54,7.52,0,0,0,1,0,1,1
2026-03-02 17:30:00,D04,S04,南向,城市主干路,3,70,51.93,24.45,6.93,0,0,0,1,0,1,0
2026-03-02 17:45:00,D04,S04,南向,城市主干路,3,68,54.4,26.37,6.62,0,0,0,1,0,0,0
2026-03-02 18:00:00,D04,S04,南向,城市主干路,3,73,47.71,26.48,7.55,0,0,0,1,0,1,1
2026-03-02 18:15:00,D04,S04,南向,城市主干路,3,58,56.95,23.65,6.32,0,0,0,1,0,0,0
2026-03-02 18:30:00,D04,S04,南向,城市主干路,3,54,57.56,22.92,6.25,0,0,0,1,0,0,0
2026-03-02 18:45:00,D04,S04,南向,城市主干路,3,51,57.71,20.93,6.24,0,0,0,1,0,0,0
2026-03-02 19:00:00,D04,S04,南向,城市主干路,3,50,54.37,21.4,6.62,0,0,0,1,0,0,0
2026-03-02 19:15:00,D04,S04,南向,城市主干路,3,34,60.35,14.26,5.97,0,0,0,1,0,0,0
2026-03-02 19:30:00,D04,S04,南向,城市主干路,3,30,63.15,15.38,5.7,0,0,0,0,0,0,0
2026-03-02 19:45:00,D04,S04,南向,城市主干路,3,30,62.32,17.28,5.78,0,0,0,0,0,0,0
2026-03-02 20:00:00,D04,S04,南向,城市主干路,3,24,66.1,12.99,5.45,0,0,0,0,0,0,0
2026-03-02 20:15:00,D04,S04,南向,城市主干路,3,30,63.75,17.36,5.65,0,0,0,0,0,0,0
2026-03-02 20:30:00,D04,S04,南向,城市主干路,3,28,62.49,10.04,5.76,0,0,0,0,0,0,0
2026-03-02 20:45:00,D04,S04,南向,城市主干路,3,25,59.95,14.83,6.0,0,0,0,0,0,0,0
2026-03-02 21:00:00,D04,S04,南向,城市主干路,3,26,63.66,14.15,5.66,0,0,0,0,0,0,0
2026-03-02 21:15:00,D04,S04,南向,城市主干路,3,28,68.86,19.01,5.23,0,0,0,0,0,0,0
2026-03-02 21:30:00,D04,S04,南向,城市主干路,3,18,59.24,12.38,6.08,0,0,0,0,0,0,0
2026-03-02 21:45:00,D04,S04,南向,城市主干路,3,15,56.25,6.81,6.4,0,0,0,0,0,0,0
2026-03-02 22:00:00,D04,S04,南向,城市主干路,3,22,61.22,15.4,5.88,0,0,0,0,0,0,0
2026-03-02 22:15:00,D04,S04,南向,城市主干路,3,21,55.46,14.29,6.49,0,0,0,0,0,0,0
2026-03-02 22:30:00,D04,S04,南向,城市主干路,3,24,61.31,13.62,5.87,0,0,0,0,0,0,0
2026-03-02 22:45:00,D04,S04,南向,城市主干路,3,26,60.16,12.92,5.98,0,0,0,0,0,0,0
2026-03-02 23:00:00,D04,S04,南向,城市主干路,3,19,62.87,8.79,5.73,0,0,0,0,0,0,0
2026-03-02 23:15:00,D04,S04,南向,城市主干路,3,27,61.36,8.86,5.87,0,0,0,0,0,0,0
2026-03-02 23:30:00,D04,S04,南向,城市主干路,3,32,55.71,16.74,6.46,0,0,0,0,0,0,0
2026-03-02 23:45:00,D04,S04,南向,城市主干路,3,26,66.14,12.09,5.44,0,0,0,0,0,0,0
2026-03-03 00:00:00,D04,S04,南向,城市主干路,3,14,63.15,8.2,5.7,0,0,0,0,0,0,0
2026-03-03 00:15:00,D04,S04,南向,城市主干路,3,18,63.72,11.26,5.65,0,0,0,0,0,0,0
2026-03-03 00:30:00,D04,S04,南向,城市主干路,3,16,59.94,8.04,6.01,0,0,0,0,0,0,0
2026-03-03 00:45:00,D04,S04,南向,城市主干路,3,22,60.89,13.23,5.91,0,0,0,0,0,0,0
2026-03-03 01:00:00,D04,S04,南向,城市主干路,3,23,58.53,14.43,6.15,0,0,0,0,0,0,0
2026-03-03 01:15:00,D04,S04,南向,城市主干路,3,25,55.7,10.06,6.46,0,0,0,0,0,0,0
2026-03-03 01:30:00,D04,S04,南向,城市主干路,3,22,54.08,15.0,6.66,0,0,0,0,0,0,0
2026-03-03 01:45:00,D04,S04,南向,城市主干路,3,15,61.13,7.54,5.89,0,0,0,0,0,0,0
2026-03-03 02:00:00,D04,S04,南向,城市主干路,3,11,57.87,8.86,6.22,0,0,0,0,0,0,0
2026-03-03 02:15:00,D04,S04,南向,城市主干路,3,19,66.39,13.78,5.42,0,0,0,0,0,0,0
2026-03-03 02:30:00,D04,S04,南向,城市主干路,3,27,62.48,10.89,5.76,0,0,0,0,0,0,0
2026-03-03 02:45:00,D04,S04,南向,城市主干路,3,19,54.88,7.48,6.56,0,0,0,0,0,0,0
2026-03-03 03:00:00,D04,S04,南向,城市主干路,3,32,63.9,17.69,5.63,0,0,0,0,0,0,0
2026-03-03 03:15:00,D04,S04,南向,城市主干路,3,18,67.63,12.37,5.32,0,0,0,0,0,0,0
2026-03-03 03:30:00,D04,S04,南向,城市主干路,3,21,60.73,13.31,5.93,0,0,0,0,0,0,0
2026-03-03 03:45:00,D04,S04,南向,城市主干路,3,21,60.76,13.06,5.93,0,0,0,0,0,0,0
2026-03-03 04:00:00,D04,S04,南向,城市主干路,3,15,64.8,10.77,5.56,0,0,0,0,0,0,0
2026-03-03 04:15:00,D04,S04,南向,城市主干路,3,21,57.85,11.28,6.22,0,0,0,0,0,0,0
2026-03-03 04:30:00,D04,S04,南向,城市主干路,3,25,59.18,15.53,6.08,0,0,0,0,0,0,0
2026-03-03 04:45:00,D04,S04,南向,城市主干路,3,18,55.27,12.07,6.51,0,0,0,0,0,0,0
2026-03-03 05:00:00,D04,S04,南向,城市主干路,3,27,60.4,15.04,5.96,0,0,0,0,0,0,0
2026-03-03 05:15:00,D04,S04,南向,城市主干路,3,20,68.85,13.73,5.23,0,0,0,0,0,0,0
2026-03-03 05:30:00,D04,S04,南向,城市主干路,3,28,62.82,14.11,5.73,0,0,0,0,0,0,0
2026-03-03 05:45:00,D04,S04,南向,城市主干路,3,25,56.65,12.79,6.35,0,0,0,0,0,0,0
2026-03-03 06:00:00,D04,S04,南向,城市主干路,3,27,64.52,16.55,5.58,0,0,0,0,0,0,0
2026-03-03 06:15:00,D04,S04,南向,城市主干路,3,24,53.65,17.44,6.71,0,0,0,0,0,0,0
2026-03-03 06:30:00,D04,S04,南向,城市主干路,3,29,63.03,13.81,5.71,0,0,0,0,0,0,0
2026-03-03 06:45:00,D04,S04,南向,城市主干路,3,37,61.83,19.43,5.82,0,0,0,0,0,0,0
2026-03-03 07:00:00,D04,S04,南向,城市主干路,3,35,58.2,15.77,6.19,0,0,0,1,0,0,0
2026-03-03 07:15:00,D04,S04,南向,城市主干路,3,34,59.82,20.03,6.02,0,0,0,1,0,0,0
2026-03-03 07:30:00,D04,S04,南向,城市主干路,3,49,56.96,20.13,6.32,0,0,0,1,0,0,0
2026-03-03 07:45:00,D04,S04,南向,城市主干路,3,60,60.3,26.36,5.97,0,0,0,1,0,0,0
2026-03-03 08:00:00,D04,S04,南向,城市主干路,3,63,59.32,22.74,6.07,0,0,0,1,0,0,0
2026-03-03 08:15:00,D04,S04,南向,城市主干路,3,76,48.79,30.29,7.38,0,0,0,1,0,1,1
2026-03-03 08:30:00,D04,S04,南向,城市主干路,3,69,48.02,26.14,7.5,0,0,0,1,0,1,0
2026-03-03 08:45:00,D04,S04,南向,城市主干路,3,71,51.1,24.36,7.05,0,0,0,1,0,1,0
2026-03-03 09:00:00,D04,S04,南向,城市主干路,3,44,56.61,15.59,6.36,0,0,0,1,0,0,0
2026-03-03 09:15:00,D04,S04,南向,城市主干路,3,54,62.57,19.47,5.75,0,0,0,1,0,0,0
2026-03-03 09:30:00,D04,S04,南向,城市主干路,3,51,60.8,23.97,5.92,0,0,0,0,0,0,0
2026-03-03 09:45:00,D04,S04,南向,城市主干路,3,38,57.07,18.16,6.31,0,0,0,0,0,0,0
2026-03-03 10:00:00,D04,S04,南向,城市主干路,3,41,57.17,23.6,6.3,0,0,0,0,0,0,0
2026-03-03 10:15:00,D04,S04,南向,城市主干路,3,29,63.16,15.79,5.7,0,0,0,0,0,0,0
2026-03-03 10:30:00,D04,S04,南向,城市主干路,3,21,61.89,10.93,5.82,0,0,0,0,0,0,0
2026-03-03 10:45:00,D04,S04,南向,城市主干路,3,24,64.03,12.46,5.62,0,0,0,0,0,0,0
2026-03-03 11:00:00,D04,S04,南向,城市主干路,3,18,57.25,12.82,6.29,0,0,0,0,0,0,0
2026-03-03 11:15:00,D04,S04,南向,城市主干路,3,27,60.61,12.46,5.94,0,0,0,0,0,0,0
2026-03-03 11:30:00,D04,S04,南向,城市主干路,3,16,64.8,10.35,5.56,0,0,0,0,0,0,0
2026-03-03 11:45:00,D04,S04,南向,城市主干路,3,31,62.1,15.46,5.8,0,0,0,0,0,0,0
2026-03-03 12:00:00,D04,S04,南向,城市主干路,3,23,63.63,11.81,5.66,0,0,0,0,0,0,0
2026-03-03 12:15:00,D04,S04,南向,城市主干路,3,19,58.54,9.1,6.15,0,0,0,0,0,0,0
2026-03-03 12:30:00,D04,S04,南向,城市主干路,3,30,56.93,16.34,6.32,0,0,0,0,0,0,0
2026-03-03 12:45:00,D04,S04,南向,城市主干路,3,24,62.01,12.86,5.81,0,0,0,0,0,0,0
2026-03-03 13:00:00,D04,S04,南向,城市主干路,3,29,60.61,14.36,5.94,0,0,0,0,0,0,0
2026-03-03 13:15:00,D04,S04,南向,城市主干路,3,31,63.9,17.9,5.63,0,0,0,0,0,0,0
2026-03-03 13:30:00,D04,S04,南向,城市主干路,3,21,60.73,12.72,5.93,0,0,0,0,0,0,0
2026-03-03 13:45:00,D04,S04,南向,城市主干路,3,25,66.8,13.4,5.39,0,0,0,0,0,0,0
2026-03-03 14:00:00,D04,S04,南向,城市主干路,3,26,57.3,15.66,6.28,0,0,0,0,0,0,0
2026-03-03 14:15:00,D04,S04,南向,城市主干路,3,25,61.99,18.45,5.81,0,0,0,0,0,0,0
2026-03-03 14:30:00,D04,S04,南向,城市主干路,3,30,62.69,16.63,5.74,0,0,0,0,0,0,0
2026-03-03 14:45:00,D04,S04,南向,城市主干路,3,14,65.91,7.97,5.46,0,0,0,0,0,0,0
2026-03-03 15:00:00,D04,S04,南向,城市主干路,3,29,55.18,11.41,6.52,0,0,0,0,0,0,0
2026-03-03 15:15:00,D04,S04,南向,城市主干路,3,27,59.47,16.09,6.05,0,0,0,0,0,0,0
2026-03-03 15:30:00,D04,S04,南向,城市主干路,3,40,56.69,20.79,6.35,0,0,0,0,0,0,0
2026-03-03 15:45:00,D04,S04,南向,城市主干路,3,40,55.09,14.31,6.53,0,0,0,0,0,0,0
2026-03-03 16:00:00,D04,S04,南向,城市主干路,3,37,63.68,17.43,5.65,0,0,0,0,0,0,0
2026-03-03 16:15:00,D04,S04,南向,城市主干路,3,51,57.64,20.97,6.25,0,0,0,0,0,0,0
2026-03-03 16:30:00,D04,S04,南向,城市主干路,3,49,51.11,20.71,7.04,0,0,0,1,0,1,0
2026-03-03 16:45:00,D04,S04,南向,城市主干路,3,61,61.37,23.87,5.87,0,0,0,1,0,0,0
2026-03-03 17:00:00,D04,S04,南向,城市主干路,3,61,49.71,24.12,7.24,0,0,0,1,0,1,0
2026-03-03 17:15:00,D04,S04,南向,城市主干路,3,85,41.24,32.74,8.73,0,0,0,1,0,1,1
2026-03-03 17:30:00,D04,S04,南向,城市主干路,3,70,45.37,26.13,7.94,0,0,0,1,0,1,1
2026-03-03 17:45:00,D04,S04,南向,城市主干路,3,64,52.82,22.13,6.82,0,0,0,1,0,0,0
2026-03-03 18:00:00,D04,S04,南向,城市主干路,3,77,53.3,28.54,6.75,0,0,0,1,0,0,0
2026-03-03 18:15:00,D04,S04,南向,城市主干路,3,63,55.67,26.39,6.47,0,0,0,1,0,0,0
2026-03-03 18:30:00,D04,S04,南向,城市主干路,3,57,56.58,24.24,6.36,0,0,0,1,0,0,0
2026-03-03 18:45:00,D04,S04,南向,城市主干路,3,56,56.92,23.66,6.32,0,0,0,1,0,0,0
2026-03-03 19:00:00,D04,S04,南向,城市主干路,3,38,57.14,17.03,6.3,0,0,0,1,0,0,0
2026-03-03 19:15:00,D04,S04,南向,城市主干路,3,29,62.93,11.24,5.72,0,0,0,1,0,0,0
2026-03-03 19:30:00,D04,S04,南向,城市主干路,3,28,66.42,14.15,5.42,0,0,0,0,0,0,0
2026-03-03 19:45:00,D04,S04,南向,城市主干路,3,20,61.01,10.76,5.9,0,0,0,0,0,0,0
2026-03-03 20:00:00,D04,S04,南向,城市主干路,3,28,55.71,11.77,6.46,0,0,0,0,0,0,0
2026-03-03 20:15:00,D04,S04,南向,城市主干路,3,23,55.37,15.66,6.5,0,0,0,0,0,0,0
2026-03-03 20:30:00,D04,S04,南向,城市主干路,3,24,63.15,14.38,5.7,0,0,0,0,0,0,0
2026-03-03 20:45:00,D04,S04,南向,城市主干路,3,19,63.54,9.0,5.67,0,0,0,0,0,0,0
2026-03-03 21:00:00,D04,S04,南向,城市主干路,3,20,62.31,15.09,5.78,0,0,0,0,0,0,0
2026-03-03 21:15:00,D04,S04,南向,城市主干路,3,10,67.38,10.53,5.34,0,0,0,0,0,0,0
2026-03-03 21:30:00,D04,S04,南向,城市主干路,3,28,62.36,13.59,5.77,0,0,0,0,0,0,0
2026-03-03 21:45:00,D04,S04,南向,城市主干路,3,22,60.88,14.63,5.91,0,0,0,0,0,0,0
2026-03-03 22:00:00,D04,S04,南向,城市主干路,3,27,64.6,13.69,5.57,0,0,0,0,0,0,0
2026-03-03 22:15:00,D04,S04,南向,城市主干路,3,28,61.48,15.14,5.86,0,0,0,0,0,0,0
2026-03-03 22:30:00,D04,S04,南向,城市主干路,3,20,59.43,15.78,6.06,0,0,0,0,0,0,0
2026-03-03 22:45:00,D04,S04,南向,城市主干路,3,19,61.89,8.76,5.82,0,0,0,0,0,0,0
2026-03-03 23:00:00,D04,S04,南向,城市主干路,3,37,60.74,16.15,5.93,0,0,0,0,0,0,0
2026-03-03 23:15:00,D04,S04,南向,城市主干路,3,23,58.6,11.43,6.14,0,0,0,0,0,0,0
2026-03-03 23:30:00,D04,S04,南向,城市主干路,3,23,58.85,14.52,6.12,0,0,0,0,0,0,0
2026-03-03 23:45:00,D04,S04,南向,城市主干路,3,24,59.34,12.73,6.07,0,0,0,0,0,0,0
2026-03-04 00:00:00,D04,S04,南向,城市主干路,3,23,50.55,13.57,7.12,0,0,0,0,0,1,0
2026-03-04 00:15:00,D04,S04,南向,城市主干路,3,29,62.0,15.16,5.81,0,0,0,0,0,0,0
2026-03-04 00:30:00,D04,S04,南向,城市主干路,3,24,56.72,16.55,6.35,0,0,0,0,0,0,0
2026-03-04 00:45:00,D04,S04,南向,城市主干路,3,28,57.52,15.8,6.26,0,0,0,0,0,0,0
2026-03-04 01:00:00,D04,S04,南向,城市主干路,3,29,62.37,15.35,5.77,0,0,0,0,0,0,0
2026-03-04 01:15:00,D04,S04,南向,城市主干路,3,31,56.87,15.97,6.33,0,0,0,0,0,0,0
2026-03-04 01:30:00,D04,S04,南向,城市主干路,3,27,63.71,12.66,5.65,0,0,0,0,0,0,0
2026-03-04 01:45:00,D04,S04,南向,城市主干路,3,18,58.52,15.03,6.15,0,0,0,0,0,0,0
2026-03-04 02:00:00,D04,S04,南向,城市主干路,3,28,61.9,15.27,5.82,0,0,0,0,0,0,0
2026-03-04 02:15:00,D04,S04,南向,城市主干路,3,24,61.52,14.31,5.85,0,0,0,0,0,0,0
2026-03-04 02:30:00,D04,S04,南向,城市主干路,3,16,60.13,15.22,5.99,0,0,0,0,0,0,0
2026-03-04 02:45:00,D04,S04,南向,城市主干路,3,24,54.68,12.17,6.58,0,0,0,0,0,0,0
2026-03-04 03:00:00,D04,S04,南向,城市主干路,3,32,59.18,15.16,6.08,0,0,0,0,0,0,0
2026-03-04 03:15:00,D04,S04,南向,城市主干路,3,29,62.01,15.65,5.81,0,0,0,0,0,0,0
2026-03-04 03:30:00,D04,S04,南向,城市主干路,3,29,62.9,14.65,5.72,0,0,0,0,0,0,0
2026-03-04 03:45:00,D04,S04,南向,城市主干路,3,16,62.5,12.33,5.76,0,0,0,0,0,0,0
2026-03-04 04:00:00,D04,S04,南向,城市主干路,3,32,65.15,17.61,5.53,0,0,0,0,0,0,0
2026-03-04 04:15:00,D04,S04,南向,城市主干路,3,33,73.0,13.76,4.93,0,0,0,0,0,0,0
2026-03-04 04:30:00,D04,S04,南向,城市主干路,3,35,60.57,12.34,5.94,0,0,0,0,0,0,0
2026-03-04 04:45:00,D04,S04,南向,城市主干路,3,30,57.07,15.36,6.31,0,0,0,0,0,0,0
2026-03-04 05:00:00,D04,S04,南向,城市主干路,3,34,69.25,14.47,5.2,0,0,0,0,0,0,0
2026-03-04 05:15:00,D04,S04,南向,城市主干路,3,28,62.06,15.68,5.8,0,0,0,0,0,0,0
2026-03-04 05:30:00,D04,S04,南向,城市主干路,3,26,63.85,12.96,5.64,0,0,0,0,0,0,0
2026-03-04 05:45:00,D04,S04,南向,城市主干路,3,30,55.08,14.05,6.54,0,0,0,0,0,0,0
2026-03-04 06:00:00,D04,S04,南向,城市主干路,3,23,56.04,10.23,6.42,1,0,0,0,0,0,0
2026-03-04 06:15:00,D04,S04,南向,城市主干路,3,25,57.95,12.3,6.21,1,0,0,0,0,0,0
2026-03-04 06:30:00,D04,S04,南向,城市主干路,3,28,54.96,12.17,6.55,1,0,0,0,0,0,0
2026-03-04 06:45:00,D04,S04,南向,城市主干路,3,21,56.4,15.98,6.38,1,0,0,0,0,0,0
2026-03-04 07:00:00,D04,S04,南向,城市主干路,3,40,54.33,20.65,6.63,1,0,0,1,0,0,0
2026-03-04 07:15:00,D04,S04,南向,城市主干路,3,53,57.17,18.72,6.3,1,0,0,1,0,0,0
2026-03-04 07:30:00,D04,S04,南向,城市主干路,3,53,53.43,22.31,6.74,1,0,0,1,0,0,0
2026-03-04 07:45:00,D04,S04,南向,城市主干路,3,53,58.7,23.64,6.13,1,0,0,1,0,0,0
2026-03-04 08:00:00,D04,S04,南向,城市主干路,3,78,42.2,30.57,8.53,1,0,0,1,0,1,1
2026-03-04 08:15:00,D04,S04,南向,城市主干路,3,61,49.25,26.98,7.31,1,0,0,1,0,1,0
2026-03-04 08:30:00,D04,S04,南向,城市主干路,3,62,46.7,24.31,7.71,1,0,0,1,0,1,1
2026-03-04 08:45:00,D04,S04,南向,城市主干路,3,55,54.09,20.82,6.66,1,0,0,1,0,0,0
2026-03-04 09:00:00,D04,S04,南向,城市主干路,3,62,56.39,24.12,6.38,1,0,0,1,0,0,0
2026-03-04 09:15:00,D04,S04,南向,城市主干路,3,52,46.5,21.73,7.74,1,0,0,1,0,1,1
2026-03-04 09:30:00,D04,S04,南向,城市主干路,3,48,46.18,15.85,7.8,1,0,0,0,0,1,1
2026-03-04 09:45:00,D04,S04,南向,城市主干路,3,40,54.38,19.81,6.62,1,0,0,0,0,0,0
2026-03-04 10:00:00,D04,S04,南向,城市主干路,3,36,51.39,16.35,7.01,1,0,0,0,0,1,0
2026-03-04 10:15:00,D04,S04,南向,城市主干路,3,34,52.01,15.28,6.92,1,0,0,0,0,0,0
2026-03-04 10:30:00,D04,S04,南向,城市主干路,3,24,54.8,13.45,6.57,1,0,0,0,0,0,0
2026-03-04 10:45:00,D04,S04,南向,城市主干路,3,19,56.92,7.43,6.32,1,0,0,0,0,0,0
2026-03-04 11:00:00,D04,S04,南向,城市主干路,3,28,54.87,14.7,6.56,1,0,0,0,0,0,0
2026-03-04 11:15:00,D04,S04,南向,城市主干路,3,17,52.98,11.7,6.79,1,0,0,0,0,0,0
2026-03-04 11:30:00,D04,S04,南向,城市主干路,3,16,57.2,12.85,6.29,1,0,0,0,0,0,0
2026-03-04 11:45:00,D04,S04,南向,城市主干路,3,28,56.96,8.98,6.32,1,0,0,0,0,0,0
2026-03-04 12:00:00,D04,S04,南向,城市主干路,3,20,47.62,11.44,7.56,1,0,0,0,0,1,1
2026-03-04 12:15:00,D04,S04,南向,城市主干路,3,25,63.72,15.48,5.65,0,0,0,0,0,0,0
2026-03-04 12:30:00,D04,S04,南向,城市主干路,3,31,53.53,15.72,6.72,0,0,0,0,0,0,0
2026-03-04 12:45:00,D04,S04,南向,城市主干路,3,18,64.93,13.3,5.54,0,0,0,0,0,0,0
2026-03-04 13:00:00,D04,S04,南向,城市主干路,3,14,56.93,9.87,6.32,0,0,0,0,0,0,0
2026-03-04 13:15:00,D04,S04,南向,城市主干路,3,33,60.03,18.34,6.0,0,0,0,0,0,0,0
2026-03-04 13:30:00,D04,S04,南向,城市主干路,3,17,66.2,10.95,5.44,0,0,0,0,0,0,0
2026-03-04 13:45:00,D04,S04,南向,城市主干路,3,28,61.75,15.8,5.83,0,0,0,0,0,0,0
2026-03-04 14:00:00,D04,S04,南向,城市主干路,3,16,60.09,8.35,5.99,0,0,0,0,0,0,0
2026-03-04 14:15:00,D04,S04,南向,城市主干路,3,38,63.17,13.76,5.7,0,0,0,0,0,0,0
2026-03-04 14:30:00,D04,S04,南向,城市主干路,3,36,61.82,16.4,5.82,0,0,0,0,0,0,0
2026-03-04 14:45:00,D04,S04,南向,城市主干路,3,32,61.43,14.29,5.86,0,0,0,0,0,0,0
2026-03-04 15:00:00,D04,S04,南向,城市主干路,3,30,63.29,10.08,5.69,0,0,0,0,0,0,0
2026-03-04 15:15:00,D04,S04,南向,城市主干路,3,35,65.0,14.65,5.54,0,0,0,0,0,0,0
2026-03-04 15:30:00,D04,S04,南向,城市主干路,3,35,53.07,18.69,6.78,0,0,0,0,0,0,0
2026-03-04 15:45:00,D04,S04,南向,城市主干路,3,38,57.7,17.31,6.24,0,0,0,0,0,0,0
2026-03-04 16:00:00,D04,S04,南向,城市主干路,3,39,36.31,19.76,9.91,1,0,0,0,0,1,1
2026-03-04 16:15:00,D04,S04,南向,城市主干路,3,61,48.92,21.75,7.36,1,0,0,0,0,1,0
2026-03-04 16:30:00,D04,S04,南向,城市主干路,3,49,44.77,17.02,8.04,1,0,0,1,0,1,1
2026-03-04 16:45:00,D04,S04,南向,城市主干路,3,66,42.45,27.71,8.48,1,0,0,1,0,1,1
2026-03-04 17:00:00,D04,S04,南向,城市主干路,3,64,48.48,26.4,7.43,1,0,0,1,0,1,0
2026-03-04 17:15:00,D04,S04,南向,城市主干路,3,75,44.92,29.62,8.01,1,0,0,1,0,1,1
2026-03-04 17:30:00,D04,S04,南向,城市主干路,3,60,41.4,20.04,8.7,1,0,0,1,0,1,1
2026-03-04 17:45:00,D04,S04,南向,城市主干路,3,73,39.52,30.45,9.11,1,0,0,1,0,1,1
2026-03-04 18:00:00,D04,S04,南向,城市主干路,3,64,43.81,24.57,8.22,1,0,0,1,0,1,1
2026-03-04 18:15:00,D04,S04,南向,城市主干路,3,55,54.12,21.24,6.65,1,0,0,1,0,0,0
2026-03-04 18:30:00,D04,S04,南向,城市主干路,3,52,50.96,25.25,7.06,1,0,0,1,0,1,0
2026-03-04 18:45:00,D04,S04,南向,城市主干路,3,48,47.82,24.87,7.53,1,0,0,1,0,1,1
2026-03-04 19:00:00,D04,S04,南向,城市主干路,3,43,47.82,18.35,7.53,1,0,0,1,0,1,1
2026-03-04 19:15:00,D04,S04,南向,城市主干路,3,34,62.24,21.26,5.78,1,0,0,1,0,0,0
2026-03-04 19:30:00,D04,S04,南向,城市主干路,3,47,48.46,18.53,7.43,1,0,0,0,0,1,0
2026-03-04 19:45:00,D04,S04,南向,城市主干路,3,26,52.53,14.9,6.85,1,0,0,0,0,0,0
2026-03-04 20:00:00,D04,S04,南向,城市主干路,3,22,57.86,9.17,6.22,1,0,0,0,0,0,0
2026-03-04 20:15:00,D04,S04,南向,城市主干路,3,26,53.28,14.09,6.76,1,0,0,0,0,0,0
2026-03-04 20:30:00,D04,S04,南向,城市主干路,3,31,48.17,16.0,7.47,1,0,0,0,0,1,0
2026-03-04 20:45:00,D04,S04,南向,城市主干路,3,25,51.61,14.48,6.98,1,0,0,0,0,1,0
2026-03-04 21:00:00,D04,S04,南向,城市主干路,3,27,62.16,13.04,5.79,1,0,0,0,0,0,0
2026-03-04 21:15:00,D04,S04,南向,城市主干路,3,37,56.36,19.72,6.39,0,0,0,0,0,0,0
2026-03-04 21:30:00,D04,S04,南向,城市主干路,3,23,57.06,11.74,6.31,0,0,0,0,0,0,0
2026-03-04 21:45:00,D04,S04,南向,城市主干路,3,21,62.19,12.81,5.79,0,0,0,0,0,0,0
2026-03-04 22:00:00,D04,S04,南向,城市主干路,3,28,58.27,16.46,6.18,0,0,0,0,0,0,0
2026-03-04 22:15:00,D04,S04,南向,城市主干路,3,21,63.49,10.76,5.67,0,0,0,0,0,0,0
2026-03-04 22:30:00,D04,S04,南向,城市主干路,3,32,67.7,15.4,5.32,0,0,0,0,0,0,0
2026-03-04 22:45:00,D04,S04,南向,城市主干路,3,16,59.1,11.86,6.09,0,0,0,0,0,0,0
2026-03-04 23:00:00,D04,S04,南向,城市主干路,3,22,62.59,12.18,5.75,0,0,0,0,0,0,0
2026-03-04 23:15:00,D04,S04,南向,城市主干路,3,26,64.26,13.06,5.6,0,0,0,0,0,0,0
2026-03-04 23:30:00,D04,S04,南向,城市主干路,3,29,63.29,12.78,5.69,0,0,0,0,0,0,0
2026-03-04 23:45:00,D04,S04,南向,城市主干路,3,27,60.99,15.3,5.9,0,0,0,0,0,0,0
2026-03-05 00:00:00,D04,S04,南向,城市主干路,3,11,57.82,11.54,6.23,0,0,0,0,0,0,0
2026-03-05 00:15:00,D04,S04,南向,城市主干路,3,27,63.62,12.59,5.66,0,0,0,0,0,0,0
2026-03-05 00:30:00,D04,S04,南向,城市主干路,3,27,62.95,17.39,5.72,0,0,0,0,0,0,0
2026-03-05 00:45:00,D04,S04,南向,城市主干路,3,17,59.76,13.52,6.02,0,0,0,0,0,0,0
2026-03-05 01:00:00,D04,S04,南向,城市主干路,3,10,62.37,13.15,5.77,0,0,0,0,0,0,0
2026-03-05 01:15:00,D04,S04,南向,城市主干路,3,19,67.29,10.58,5.35,0,0,0,0,0,0,0
2026-03-05 01:30:00,D04,S04,南向,城市主干路,3,18,55.34,9.44,6.51,0,0,0,0,0,0,0
2026-03-05 01:45:00,D04,S04,南向,城市主干路,3,20,61.15,12.38,5.89,0,0,0,0,0,0,0
2026-03-05 02:00:00,D04,S04,南向,城市主干路,3,31,59.43,14.94,6.06,0,0,0,0,0,0,0
2026-03-05 02:15:00,D04,S04,南向,城市主干路,3,19,60.2,11.98,5.98,0,0,0,0,0,0,0
2026-03-05 02:30:00,D04,S04,南向,城市主干路,3,19,63.76,12.32,5.65,0,0,0,0,0,0,0
2026-03-05 02:45:00,D04,S04,南向,城市主干路,3,24,63.71,12.84,5.65,0,0,0,0,0,0,0
2026-03-05 03:00:00,D04,S04,南向,城市主干路,3,26,62.38,14.32,5.77,0,0,0,0,0,0,0
2026-03-05 03:15:00,D04,S04,南向,城市主干路,3,24,66.09,12.9,5.45,0,0,0,0,0,0,0
2026-03-05 03:30:00,D04,S04,南向,城市主干路,3,21,68.02,10.48,5.29,0,0,0,0,0,0,0
2026-03-05 03:45:00,D04,S04,南向,城市主干路,3,28,53.48,13.63,6.73,0,0,0,0,0,0,0
2026-03-05 04:00:00,D04,S04,南向,城市主干路,3,27,61.84,10.11,5.82,0,0,0,0,0,0,0
2026-03-05 04:15:00,D04,S04,南向,城市主干路,3,19,69.9,11.82,5.15,0,0,0,0,0,0,0
2026-03-05 04:30:00,D04,S04,南向,城市主干路,3,22,56.98,9.68,6.32,0,0,0,0,0,0,0
2026-03-05 04:45:00,D04,S04,南向,城市主干路,3,20,65.01,13.2,5.54,0,0,0,0,0,0,0
2026-03-05 05:00:00,D04,S04,南向,城市主干路,3,21,59.07,9.93,6.09,0,0,0,0,0,0,0
2026-03-05 05:15:00,D04,S04,南向,城市主干路,3,27,69.14,14.14,5.21,0,0,0,0,0,0,0
2026-03-05 05:30:00,D04,S04,南向,城市主干路,3,39,53.36,18.55,6.75,0,0,0,0,0,0,0
2026-03-05 05:45:00,D04,S04,南向,城市主干路,3,32,58.65,13.4,6.14,0,0,0,0,0,0,0
2026-03-05 06:00:00,D04,S04,南向,城市主干路,3,28,59.21,16.12,6.08,0,0,0,0,0,0,0
2026-03-05 06:15:00,D04,S04,南向,城市主干路,3,24,60.65,11.22,5.94,0,0,0,0,0,0,0
2026-03-05 06:30:00,D04,S04,南向,城市主干路,3,24,59.7,7.93,6.03,0,0,0,0,0,0,0
2026-03-05 06:45:00,D04,S04,南向,城市主干路,3,38,60.12,15.91,5.99,0,0,0,0,0,0,0
2026-03-05 07:00:00,D04,S04,南向,城市主干路,3,40,55.9,16.18,6.44,0,0,0,1,0,0,0
2026-03-05 07:15:00,D04,S04,南向,城市主干路,3,38,57.03,21.35,6.31,0,0,0,1,0,0,0
2026-03-05 07:30:00,D04,S04,南向,城市主干路,3,54,56.5,21.99,6.37,0,0,0,1,0,0,0
2026-03-05 07:45:00,D04,S04,南向,城市主干路,3,54,57.75,22.22,6.23,0,0,0,1,0,0,0
2026-03-05 08:00:00,D04,S04,南向,城市主干路,3,48,58.48,18.68,6.16,0,0,0,1,0,0,0
2026-03-05 08:15:00,D04,S04,南向,城市主干路,3,64,53.9,25.59,6.68,0,0,0,1,0,0,0
2026-03-05 08:30:00,D04,S04,南向,城市主干路,3,74,49.17,28.48,7.32,0,0,0,1,0,1,0
2026-03-05 08:45:00,D04,S04,南向,城市主干路,3,54,59.54,18.53,6.05,0,0,0,1,0,0,0
2026-03-05 09:00:00,D04,S04,南向,城市主干路,3,56,63.61,22.82,5.66,0,0,0,1,0,0,0
2026-03-05 09:15:00,D04,S04,南向,城市主干路,3,65,52.31,30.11,6.88,0,0,0,1,0,0,1
2026-03-05 09:30:00,D04,S04,南向,城市主干路,3,51,53.32,24.25,6.75,0,0,0,0,0,0,0
2026-03-05 09:45:00,D04,S04,南向,城市主干路,3,38,51.94,16.19,6.93,0,0,0,0,0,1,0
2026-03-05 10:00:00,D04,S04,南向,城市主干路,3,29,67.76,15.36,5.31,0,0,0,0,0,0,0
2026-03-05 10:15:00,D04,S04,南向,城市主干路,3,38,56.67,18.41,6.35,0,0,0,0,0,0,0
2026-03-05 10:30:00,D04,S04,南向,城市主干路,3,26,64.0,11.36,5.63,0,0,0,0,0,0,0
2026-03-05 10:45:00,D04,S04,南向,城市主干路,3,18,61.74,12.78,5.83,0,0,0,0,0,0,0
2026-03-05 11:00:00,D04,S04,南向,城市主干路,3,23,61.68,12.69,5.84,0,0,0,0,0,0,0
2026-03-05 11:15:00,D04,S04,南向,城市主干路,3,21,57.73,14.07,6.24,0,0,0,0,0,0,0
2026-03-05 11:30:00,D04,S04,南向,城市主干路,3,20,58.87,12.59,6.12,0,0,0,0,0,0,0
2026-03-05 11:45:00,D04,S04,南向,城市主干路,3,29,60.08,15.24,5.99,0,0,0,0,0,0,0
2026-03-05 12:00:00,D04,S04,南向,城市主干路,3,17,63.65,10.79,5.66,0,0,0,0,0,0,0
2026-03-05 12:15:00,D04,S04,南向,城市主干路,3,22,64.97,15.81,5.54,0,0,0,0,0,0,0
2026-03-05 12:30:00,D04,S04,南向,城市主干路,3,27,60.92,10.73,5.91,0,0,0,0,0,0,0
2026-03-05 12:45:00,D04,S04,南向,城市主干路,3,20,65.0,10.48,5.54,0,0,0,0,0,0,0
2026-03-05 13:00:00,D04,S04,南向,城市主干路,3,10,55.55,8.56,6.48,0,0,0,0,0,0,0
2026-03-05 13:15:00,D04,S04,南向,城市主干路,3,30,61.57,13.8,5.85,0,0,0,0,0,0,0
2026-03-05 13:30:00,D04,S04,南向,城市主干路,3,24,60.87,13.56,5.91,0,0,0,0,0,0,0
2026-03-05 13:45:00,D04,S04,南向,城市主干路,3,24,59.07,11.6,6.09,0,0,0,0,0,0,0
2026-03-05 14:00:00,D04,S04,南向,城市主干路,3,28,60.88,13.53,5.91,0,0,0,0,0,0,0
2026-03-05 14:15:00,D04,S04,南向,城市主干路,3,28,52.0,14.44,6.92,0,0,0,0,0,0,0
2026-03-05 14:30:00,D04,S04,南向,城市主干路,3,23,59.52,11.81,6.05,0,0,0,0,0,0,0
2026-03-05 14:45:00,D04,S04,南向,城市主干路,3,24,55.49,9.69,6.49,0,0,0,0,0,0,0
2026-03-05 15:00:00,D04,S04,南向,城市主干路,3,27,60.29,13.12,5.97,0,0,0,0,0,0,0
2026-03-05 15:15:00,D04,S04,南向,城市主干路,3,24,53.89,17.68,6.68,0,0,0,0,0,0,0
2026-03-05 15:30:00,D04,S04,南向,城市主干路,3,30,58.38,15.43,6.17,0,0,0,0,0,0,0
2026-03-05 15:45:00,D04,S04,南向,城市主干路,3,45,63.8,22.49,5.64,0,0,0,0,0,0,0
2026-03-05 16:00:00,D04,S04,南向,城市主干路,3,43,55.4,20.31,6.5,0,0,0,0,0,0,0
2026-03-05 16:15:00,D04,S04,南向,城市主干路,3,54,66.29,22.16,5.43,0,0,0,0,0,0,0
2026-03-05 16:30:00,D04,S04,南向,城市主干路,3,59,56.05,19.62,6.42,0,0,0,1,0,0,0
2026-03-05 16:45:00,D04,S04,南向,城市主干路,3,66,57.01,25.35,6.31,0,0,0,1,0,0,0
2026-03-05 17:00:00,D04,S04,南向,城市主干路,3,70,57.63,27.18,6.25,0,0,0,1,0,0,0
2026-03-05 17:15:00,D04,S04,南向,城市主干路,3,75,50.32,25.66,7.15,0,0,0,1,0,1,0
2026-03-05 17:30:00,D04,S04,南向,城市主干路,3,58,57.42,22.45,6.27,0,0,0,1,0,0,0
2026-03-05 17:45:00,D04,S04,南向,城市主干路,3,61,52.82,26.91,6.82,0,0,0,1,0,0,0
2026-03-05 18:00:00,D04,S04,南向,城市主干路,3,71,49.18,29.16,7.32,0,0,0,1,0,1,0
2026-03-05 18:15:00,D04,S04,南向,城市主干路,3,58,55.4,21.23,6.5,0,0,0,1,0,0,0
2026-03-05 18:30:00,D04,S04,南向,城市主干路,3,49,60.9,23.6,5.91,0,0,0,1,0,0,0
2026-03-05 18:45:00,D04,S04,南向,城市主干路,3,55,59.78,23.19,6.02,0,0,0,1,0,0,0
2026-03-05 19:00:00,D04,S04,南向,城市主干路,3,40,64.36,17.26,5.59,0,0,0,1,0,0,0
2026-03-05 19:15:00,D04,S04,南向,城市主干路,3,39,58.39,19.65,6.17,0,0,0,1,0,0,0
2026-03-05 19:30:00,D04,S04,南向,城市主干路,3,40,63.97,15.38,5.63,0,0,0,0,0,0,0
2026-03-05 19:45:00,D04,S04,南向,城市主干路,3,18,55.78,13.5,6.45,0,0,0,0,0,0,0
2026-03-05 20:00:00,D04,S04,南向,城市主干路,3,24,63.47,15.72,5.67,0,0,0,0,0,0,0
2026-03-05 20:15:00,D04,S04,南向,城市主干路,3,40,63.9,18.68,5.63,0,0,0,0,0,0,0
2026-03-05 20:30:00,D04,S04,南向,城市主干路,3,13,60.43,9.0,5.96,0,0,0,0,0,0,0
2026-03-05 20:45:00,D04,S04,南向,城市主干路,3,24,65.26,13.71,5.52,0,0,0,0,0,0,0
2026-03-05 21:00:00,D04,S04,南向,城市主干路,3,27,65.44,13.47,5.5,0,0,0,0,0,0,0
2026-03-05 21:15:00,D04,S04,南向,城市主干路,3,21,52.78,11.72,6.82,0,0,0,0,0,0,0
2026-03-05 21:30:00,D04,S04,南向,城市主干路,3,31,64.01,14.59,5.62,0,0,0,0,0,0,0
2026-03-05 21:45:00,D04,S04,南向,城市主干路,3,31,64.63,15.61,5.57,0,0,0,0,0,0,0
2026-03-05 22:00:00,D04,S04,南向,城市主干路,3,13,52.54,9.52,6.85,0,0,0,0,0,0,0
2026-03-05 22:15:00,D04,S04,南向,城市主干路,3,27,57.88,10.09,6.22,0,0,0,0,0,0,0
2026-03-05 22:30:00,D04,S04,南向,城市主干路,3,23,60.36,14.92,5.96,0,0,0,0,0,0,0
2026-03-05 22:45:00,D04,S04,南向,城市主干路,3,21,54.92,9.29,6.56,0,0,0,0,0,0,0
2026-03-05 23:00:00,D04,S04,南向,城市主干路,3,29,60.7,17.52,5.93,0,0,0,0,0,0,0
2026-03-05 23:15:00,D04,S04,南向,城市主干路,3,24,62.65,13.86,5.75,0,0,0,0,0,0,0
2026-03-05 23:30:00,D04,S04,南向,城市主干路,3,19,57.99,13.47,6.21,0,0,0,0,0,0,0
2026-03-05 23:45:00,D04,S04,南向,城市主干路,3,13,65.37,6.43,5.51,0,0,0,0,0,0,0
2026-03-06 00:00:00,D04,S04,南向,城市主干路,3,30,52.88,12.02,6.81,0,0,0,0,0,0,0
2026-03-06 00:15:00,D04,S04,南向,城市主干路,3,31,61.45,18.11,5.86,0,0,0,0,0,0,0
2026-03-06 00:30:00,D04,S04,南向,城市主干路,3,31,58.91,15.15,6.11,0,0,0,0,0,0,0
2026-03-06 00:45:00,D04,S04,南向,城市主干路,3,33,60.42,14.03,5.96,0,0,0,0,0,0,0
2026-03-06 01:00:00,D04,S04,南向,城市主干路,3,24,60.71,16.46,5.93,0,0,0,0,0,0,0
2026-03-06 01:15:00,D04,S04,南向,城市主干路,3,22,60.71,14.46,5.93,0,0,0,0,0,0,0
2026-03-06 01:30:00,D04,S04,南向,城市主干路,3,22,59.49,13.54,6.05,0,0,0,0,0,0,0
2026-03-06 01:45:00,D04,S04,南向,城市主干路,3,19,65.85,11.17,5.47,0,0,0,0,0,0,0
2026-03-06 02:00:00,D04,S04,南向,城市主干路,3,21,60.78,12.17,5.92,0,0,0,0,0,0,0
2026-03-06 02:15:00,D04,S04,南向,城市主干路,3,25,62.74,12.54,5.74,0,0,0,0,0,0,0
2026-03-06 02:30:00,D04,S04,南向,城市主干路,3,10,62.97,11.0,5.72,0,0,0,0,0,0,0
2026-03-06 02:45:00,D04,S04,南向,城市主干路,3,21,63.83,13.82,5.64,0,0,0,0,0,0,0
2026-03-06 03:00:00,D04,S04,南向,城市主干路,3,20,61.96,9.47,5.81,0,0,0,0,0,0,0
2026-03-06 03:15:00,D04,S04,南向,城市主干路,3,26,67.77,14.98,5.31,0,0,0,0,0,0,0
2026-03-06 03:30:00,D04,S04,南向,城市主干路,3,27,61.54,12.24,5.85,0,0,0,0,0,0,0
2026-03-06 03:45:00,D04,S04,南向,城市主干路,3,22,65.12,17.1,5.53,0,0,0,0,0,0,0
2026-03-06 04:00:00,D04,S04,南向,城市主干路,3,15,71.0,14.6,5.07,0,0,0,0,0,0,0
2026-03-06 04:15:00,D04,S04,南向,城市主干路,3,24,53.64,11.33,6.71,0,0,0,0,0,0,0
2026-03-06 04:30:00,D04,S04,南向,城市主干路,3,18,67.87,11.53,5.3,0,0,0,0,0,0,0
2026-03-06 04:45:00,D04,S04,南向,城市主干路,3,27,53.83,14.84,6.69,0,0,0,0,0,0,0
2026-03-06 05:00:00,D04,S04,南向,城市主干路,3,23,57.63,11.11,6.25,0,0,0,0,0,0,0
2026-03-06 05:15:00,D04,S04,南向,城市主干路,3,22,55.86,12.28,6.44,0,0,0,0,0,0,0
2026-03-06 05:30:00,D04,S04,南向,城市主干路,3,24,60.4,15.0,5.96,0,0,0,0,0,0,0
2026-03-06 05:45:00,D04,S04,南向,城市主干路,3,21,53.98,14.39,6.67,0,0,0,0,0,0,0
2026-03-06 06:00:00,D04,S04,南向,城市主干路,3,20,56.97,11.98,6.32,0,0,0,0,0,0,0
2026-03-06 06:15:00,D04,S04,南向,城市主干路,3,22,62.71,8.8,5.74,0,0,0,0,0,0,0
2026-03-06 06:30:00,D04,S04,南向,城市主干路,3,31,60.05,15.44,5.99,0,0,0,0,0,0,0
2026-03-06 06:45:00,D04,S04,南向,城市主干路,3,27,64.75,13.93,5.56,0,0,0,0,0,0,0
2026-03-06 07:00:00,D04,S04,南向,城市主干路,3,24,63.36,15.68,5.68,0,0,0,1,0,0,0
2026-03-06 07:15:00,D04,S04,南向,城市主干路,3,41,50.19,18.99,7.17,0,0,0,1,0,1,0
2026-03-06 07:30:00,D04,S04,南向,城市主干路,3,40,55.12,16.31,6.53,0,0,0,1,0,0,0
2026-03-06 07:45:00,D04,S04,南向,城市主干路,3,70,48.4,26.5,7.44,0,0,0,1,0,1,0
2026-03-06 08:00:00,D04,S04,南向,城市主干路,3,72,48.58,19.8,7.41,0,0,0,1,0,1,0
2026-03-06 08:15:00,D04,S04,南向,城市主干路,3,62,50.86,26.34,7.08,0,0,0,1,0,1,0
2026-03-06 08:30:00,D04,S04,南向,城市主干路,3,59,58.63,23.32,6.14,0,0,0,1,0,0,0
2026-03-06 08:45:00,D04,S04,南向,城市主干路,3,70,50.54,27.94,7.12,0,0,0,1,0,1,0
2026-03-06 09:00:00,D04,S04,南向,城市主干路,3,54,62.96,22.46,5.72,0,0,0,1,0,0,0
2026-03-06 09:15:00,D04,S04,南向,城市主干路,3,53,61.87,24.75,5.82,0,0,0,1,0,0,0
2026-03-06 09:30:00,D04,S04,南向,城市主干路,3,42,58.8,12.49,6.12,0,0,0,0,0,0,0
2026-03-06 09:45:00,D04,S04,南向,城市主干路,3,53,59.92,23.38,6.01,0,0,0,0,0,0,0
2026-03-06 10:00:00,D04,S04,南向,城市主干路,3,29,64.37,18.57,5.59,0,0,0,0,0,0,0
2026-03-06 10:15:00,D04,S04,南向,城市主干路,3,29,65.83,13.31,5.47,0,0,0,0,0,0,0
2026-03-06 10:30:00,D04,S04,南向,城市主干路,3,29,56.98,12.52,6.32,0,0,0,0,0,0,0
2026-03-06 10:45:00,D04,S04,南向,城市主干路,3,27,62.96,15.24,5.72,0,0,0,0,0,0,0
2026-03-06 11:00:00,D04,S04,南向,城市主干路,3,19,68.44,14.21,5.26,0,0,0,0,0,0,0
2026-03-06 11:15:00,D04,S04,南向,城市主干路,3,29,57.29,16.97,6.28,0,0,0,0,0,0,0
2026-03-06 11:30:00,D04,S04,南向,城市主干路,3,27,59.78,16.69,6.02,0,0,0,0,0,0,0
2026-03-06 11:45:00,D04,S04,南向,城市主干路,3,25,64.79,11.91,5.56,0,0,0,0,0,0,0
2026-03-06 12:00:00,D04,S04,南向,城市主干路,3,15,55.4,10.97,6.5,0,0,0,0,0,0,0
2026-03-06 12:15:00,D04,S04,南向,城市主干路,3,15,62.78,11.26,5.73,0,0,0,0,0,0,0
2026-03-06 12:30:00,D04,S04,南向,城市主干路,3,30,64.18,18.31,5.61,0,0,0,0,0,0,0
2026-03-06 12:45:00,D04,S04,南向,城市主干路,3,19,58.13,10.29,6.19,0,0,0,0,0,0,0
2026-03-06 13:00:00,D04,S04,南向,城市主干路,3,28,62.05,17.24,5.8,0,0,0,0,0,0,0
2026-03-06 13:15:00,D04,S04,南向,城市主干路,3,24,54.03,13.53,6.66,0,0,0,0,0,0,0
2026-03-06 13:30:00,D04,S04,南向,城市主干路,3,22,63.29,14.53,5.69,0,0,0,0,0,0,0
2026-03-06 13:45:00,D04,S04,南向,城市主干路,3,30,62.29,11.93,5.78,0,0,0,0,0,0,0
2026-03-06 14:00:00,D04,S04,南向,城市主干路,3,27,66.97,16.25,5.38,0,0,0,0,0,0,0
2026-03-06 14:15:00,D04,S04,南向,城市主干路,3,16,63.72,10.61,5.65,0,0,0,0,0,0,0
2026-03-06 14:30:00,D04,S04,南向,城市主干路,3,30,61.94,9.44,5.81,0,0,0,0,0,0,0
2026-03-06 14:45:00,D04,S04,南向,城市主干路,3,22,71.54,11.02,5.03,0,0,0,0,0,0,0
2026-03-06 15:00:00,D04,S04,南向,城市主干路,3,31,62.21,14.44,5.79,0,0,0,0,0,0,0
2026-03-06 15:15:00,D04,S04,南向,城市主干路,3,35,60.29,16.81,5.97,0,0,0,0,0,0,0
2026-03-06 15:30:00,D04,S04,南向,城市主干路,3,37,61.87,15.64,5.82,0,0,0,0,0,0,0
2026-03-06 15:45:00,D04,S04,南向,城市主干路,3,44,55.86,19.16,6.44,0,0,0,0,0,0,0
2026-03-06 16:00:00,D04,S04,南向,城市主干路,3,52,56.14,22.84,6.41,0,0,0,0,0,0,0
2026-03-06 16:15:00,D04,S04,南向,城市主干路,3,53,58.22,20.4,6.18,0,0,0,0,0,0,0
2026-03-06 16:30:00,D04,S04,南向,城市主干路,3,53,57.39,24.02,6.27,0,0,0,1,0,0,0
2026-03-06 16:45:00,D04,S04,南向,城市主干路,3,56,53.15,21.82,6.77,0,0,0,1,0,0,0
2026-03-06 17:00:00,D04,S04,南向,城市主干路,3,67,51.21,25.48,7.03,0,0,0,1,0,1,0
2026-03-06 17:15:00,D04,S04,南向,城市主干路,3,59,61.86,24.17,5.82,0,0,0,1,0,0,0
2026-03-06 17:30:00,D04,S04,南向,城市主干路,3,68,61.44,28.4,5.86,0,0,0,1,0,0,0
2026-03-06 17:45:00,D04,S04,南向,城市主干路,3,72,49.03,29.55,7.34,0,0,0,1,0,1,0
2026-03-06 18:00:00,D04,S04,南向,城市主干路,3,70,34.06,37.03,10.57,0,1,0,1,0,1,1
2026-03-06 18:15:00,D04,S04,南向,城市主干路,3,58,45.74,23.46,7.87,0,1,0,1,0,1,1
2026-03-06 18:30:00,D04,S04,南向,城市主干路,3,52,45.74,20.34,7.87,0,1,0,1,0,1,1
2026-03-06 18:45:00,D04,S04,南向,城市主干路,3,45,49.69,18.99,7.25,0,1,0,1,0,1,0
2026-03-06 19:00:00,D04,S04,南向,城市主干路,3,48,49.25,21.76,7.31,0,1,0,1,0,1,0
2026-03-06 19:15:00,D04,S04,南向,城市主干路,3,43,53.65,19.68,6.71,0,1,0,1,0,0,0
2026-03-06 19:30:00,D04,S04,南向,城市主干路,3,46,45.85,19.37,7.85,0,1,0,0,0,1,1
2026-03-06 19:45:00,D04,S04,南向,城市主干路,3,37,48.69,16.72,7.39,0,1,0,0,0,1,0
2026-03-06 20:00:00,D04,S04,南向,城市主干路,3,35,43.76,17.39,8.23,0,1,0,0,0,1,1
2026-03-06 20:15:00,D04,S04,南向,城市主干路,3,22,64.52,12.62,5.58,0,0,0,0,0,0,0
2026-03-06 20:30:00,D04,S04,南向,城市主干路,3,30,64.41,16.17,5.59,0,0,0,0,0,0,0
2026-03-06 20:45:00,D04,S04,南向,城市主干路,3,17,67.44,11.25,5.34,0,0,0,0,0,0,0
2026-03-06 21:00:00,D04,S04,南向,城市主干路,3,20,64.63,12.5,5.57,0,0,0,0,0,0,0
2026-03-06 21:15:00,D04,S04,南向,城市主干路,3,25,63.77,17.17,5.65,0,0,0,0,0,0,0
2026-03-06 21:30:00,D04,S04,南向,城市主干路,3,25,63.29,12.6,5.69,0,0,0,0,0,0,0
2026-03-06 21:45:00,D04,S04,南向,城市主干路,3,5,56.83,5.09,6.33,0,0,0,0,0,0,0
2026-03-06 22:00:00,D04,S04,南向,城市主干路,3,21,59.65,14.79,6.04,0,0,0,0,0,0,0
2026-03-06 22:15:00,D04,S04,南向,城市主干路,3,27,64.5,12.13,5.58,0,0,0,0,0,0,0
2026-03-06 22:30:00,D04,S04,南向,城市主干路,3,22,68.96,8.32,5.22,0,0,0,0,0,0,0
2026-03-06 22:45:00,D04,S04,南向,城市主干路,3,23,54.47,13.48,6.61,0,0,0,0,0,0,0
2026-03-06 23:00:00,D04,S04,南向,城市主干路,3,17,63.87,9.02,5.64,0,0,0,0,0,0,0
2026-03-06 23:15:00,D04,S04,南向,城市主干路,3,21,67.5,14.56,5.33,0,0,0,0,0,0,0
2026-03-06 23:30:00,D04,S04,南向,城市主干路,3,15,63.34,10.05,5.68,0,0,0,0,0,0,0
2026-03-06 23:45:00,D04,S04,南向,城市主干路,3,18,60.12,7.61,5.99,0,0,0,0,0,0,0
2026-03-07 00:00:00,D04,S04,南向,城市主干路,3,26,56.02,10.64,6.43,0,0,1,0,0,0,0
2026-03-07 00:15:00,D04,S04,南向,城市主干路,3,18,63.55,14.5,5.66,0,0,1,0,0,0,0
2026-03-07 00:30:00,D04,S04,南向,城市主干路,3,22,58.14,10.69,6.19,0,0,1,0,0,0,0
2026-03-07 00:45:00,D04,S04,南向,城市主干路,3,17,65.56,16.81,5.49,0,0,1,0,0,0,0
2026-03-07 01:00:00,D04,S04,南向,城市主干路,3,17,66.19,9.44,5.44,0,0,1,0,0,0,0
2026-03-07 01:15:00,D04,S04,南向,城市主干路,3,28,56.49,14.23,6.37,0,0,1,0,0,0,0
2026-03-07 01:30:00,D04,S04,南向,城市主干路,3,21,60.27,10.87,5.97,0,0,1,0,0,0,0
2026-03-07 01:45:00,D04,S04,南向,城市主干路,3,20,63.72,8.05,5.65,0,0,1,0,0,0,0
2026-03-07 02:00:00,D04,S04,南向,城市主干路,3,24,63.72,14.48,5.65,0,0,1,0,0,0,0
2026-03-07 02:15:00,D04,S04,南向,城市主干路,3,8,67.62,7.4,5.32,0,0,1,0,0,0,0
2026-03-07 02:30:00,D04,S04,南向,城市主干路,3,19,58.92,12.98,6.11,0,0,1,0,0,0,0
2026-03-07 02:45:00,D04,S04,南向,城市主干路,3,5,68.78,7.12,5.23,0,0,1,0,0,0,0
2026-03-07 03:00:00,D04,S04,南向,城市主干路,3,12,70.55,10.17,5.1,0,0,1,0,0,0,0
2026-03-07 03:15:00,D04,S04,南向,城市主干路,3,23,48.97,11.56,7.35,0,0,1,0,0,1,0
2026-03-07 03:30:00,D04,S04,南向,城市主干路,3,22,70.88,9.22,5.08,0,0,1,0,0,0,0
2026-03-07 03:45:00,D04,S04,南向,城市主干路,3,12,61.06,9.64,5.9,0,0,1,0,0,0,0
2026-03-07 04:00:00,D04,S04,南向,城市主干路,3,16,71.22,9.46,5.05,0,0,1,0,0,0,0
2026-03-07 04:15:00,D04,S04,南向,城市主干路,3,29,54.16,13.87,6.65,0,0,1,0,0,0,0
2026-03-07 04:30:00,D04,S04,南向,城市主干路,3,3,59.21,4.69,6.08,0,0,1,0,0,0,0
2026-03-07 04:45:00,D04,S04,南向,城市主干路,3,23,60.15,12.82,5.99,0,0,1,0,0,0,0
2026-03-07 05:00:00,D04,S04,南向,城市主干路,3,22,60.16,13.9,5.98,0,0,1,0,0,0,0
2026-03-07 05:15:00,D04,S04,南向,城市主干路,3,20,60.63,15.13,5.94,0,0,1,0,0,0,0
2026-03-07 05:30:00,D04,S04,南向,城市主干路,3,27,58.5,17.55,6.15,0,0,1,0,0,0,0
2026-03-07 05:45:00,D04,S04,南向,城市主干路,3,11,64.41,8.8,5.59,0,0,1,0,0,0,0
2026-03-07 06:00:00,D04,S04,南向,城市主干路,3,26,59.83,12.97,6.02,0,0,1,0,0,0,0
2026-03-07 06:15:00,D04,S04,南向,城市主干路,3,22,62.12,8.76,5.8,0,0,1,0,0,0,0
2026-03-07 06:30:00,D04,S04,南向,城市主干路,3,18,58.82,11.04,6.12,0,0,1,0,0,0,0
2026-03-07 06:45:00,D04,S04,南向,城市主干路,3,26,58.49,12.54,6.15,0,0,1,0,0,0,0
2026-03-07 07:00:00,D04,S04,南向,城市主干路,3,26,61.35,10.89,5.87,0,0,1,1,0,0,0
2026-03-07 07:15:00,D04,S04,南向,城市主干路,3,33,59.96,15.75,6.0,0,0,1,1,0,0,0
2026-03-07 07:30:00,D04,S04,南向,城市主干路,3,44,54.32,22.32,6.63,0,0,1,1,0,0,0
2026-03-07 07:45:00,D04,S04,南向,城市主干路,3,44,61.38,18.03,5.87,0,0,1,1,0,0,0
2026-03-07 08:00:00,D04,S04,南向,城市主干路,3,52,51.09,17.23,7.05,0,0,1,1,0,1,0
2026-03-07 08:15:00,D04,S04,南向,城市主干路,3,62,58.16,28.84,6.19,0,0,1,1,0,0,0
2026-03-07 08:30:00,D04,S04,南向,城市主干路,3,53,55.39,22.19,6.5,0,0,1,1,0,0,0
2026-03-07 08:45:00,D04,S04,南向,城市主干路,3,47,67.64,18.18,5.32,0,0,1,1,0,0,0
2026-03-07 09:00:00,D04,S04,南向,城市主干路,3,49,52.13,19.9,6.91,0,0,1,1,0,0,0
2026-03-07 09:15:00,D04,S04,南向,城市主干路,3,40,63.85,16.73,5.64,0,0,1,1,0,0,0
2026-03-07 09:30:00,D04,S04,南向,城市主干路,3,38,60.55,16.69,5.95,0,0,1,0,0,0,0
2026-03-07 09:45:00,D04,S04,南向,城市主干路,3,31,67.54,14.99,5.33,0,0,1,0,0,0,0
2026-03-07 10:00:00,D04,S04,南向,城市主干路,3,33,54.14,13.77,6.65,0,0,1,0,0,0,0
2026-03-07 10:15:00,D04,S04,南向,城市主干路,3,36,57.17,19.05,6.3,0,0,1,0,0,0,0
2026-03-07 10:30:00,D04,S04,南向,城市主干路,3,11,69.37,10.67,5.19,0,0,1,0,0,0,0
2026-03-07 10:45:00,D04,S04,南向,城市主干路,3,17,67.79,7.0,5.31,0,0,1,0,0,0,0
2026-03-07 11:00:00,D04,S04,南向,城市主干路,3,23,57.73,14.39,6.24,0,0,1,0,0,0,0
2026-03-07 11:15:00,D04,S04,南向,城市主干路,3,22,64.13,11.34,5.61,0,0,1,0,0,0,0
2026-03-07 11:30:00,D04,S04,南向,城市主干路,3,26,60.79,14.95,5.92,0,0,1,0,0,0,0
2026-03-07 11:45:00,D04,S04,南向,城市主干路,3,26,65.93,11.2,5.46,0,0,1,0,0,0,0
2026-03-07 12:00:00,D04,S04,南向,城市主干路,3,22,73.0,9.45,4.93,0,0,1,0,0,0,0
2026-03-07 12:15:00,D04,S04,南向,城市主干路,3,13,64.63,13.17,5.57,0,0,1,0,0,0,0
2026-03-07 12:30:00,D04,S04,南向,城市主干路,3,5,73.0,9.94,4.93,0,0,1,0,0,0,0
2026-03-07 12:45:00,D04,S04,南向,城市主干路,3,18,58.62,11.32,6.14,0,0,1,0,0,0,0
2026-03-07 13:00:00,D04,S04,南向,城市主干路,3,23,66.17,14.4,5.44,0,0,1,0,0,0,0
2026-03-07 13:15:00,D04,S04,南向,城市主干路,3,11,68.82,5.84,5.23,0,0,1,0,0,0,0
2026-03-07 13:30:00,D04,S04,南向,城市主干路,3,11,68.07,11.08,5.29,0,0,1,0,0,0,0
2026-03-07 13:45:00,D04,S04,南向,城市主干路,3,15,55.81,12.11,6.45,0,0,1,0,0,0,0
2026-03-07 14:00:00,D04,S04,南向,城市主干路,3,18,63.66,12.64,5.66,0,0,1,0,0,0,0
2026-03-07 14:15:00,D04,S04,南向,城市主干路,3,27,62.16,18.53,5.79,0,0,1,0,0,0,0
2026-03-07 14:30:00,D04,S04,南向,城市主干路,3,11,57.34,7.21,6.28,0,0,1,0,0,0,0
2026-03-07 14:45:00,D04,S04,南向,城市主干路,3,22,66.17,12.57,5.44,0,0,1,0,0,0,0
2026-03-07 15:00:00,D04,S04,南向,城市主干路,3,20,63.55,14.58,5.66,0,0,1,0,0,0,0
2026-03-07 15:15:00,D04,S04,南向,城市主干路,3,39,61.91,16.19,5.81,0,0,1,0,0,0,0
2026-03-07 15:30:00,D04,S04,南向,城市主干路,3,24,57.83,14.82,6.22,0,0,1,0,0,0,0
2026-03-07 15:45:00,D04,S04,南向,城市主干路,3,34,61.38,15.66,5.87,0,0,1,0,0,0,0
2026-03-07 16:00:00,D04,S04,南向,城市主干路,3,27,61.59,16.04,5.85,0,0,1,0,0,0,0
2026-03-07 16:15:00,D04,S04,南向,城市主干路,3,36,62.04,20.51,5.8,0,0,1,0,0,0,0
2026-03-07 16:30:00,D04,S04,南向,城市主干路,3,47,64.76,20.13,5.56,0,0,1,1,0,0,0
2026-03-07 16:45:00,D04,S04,南向,城市主干路,3,36,53.2,18.48,6.77,0,0,1,1,0,0,0
2026-03-07 17:00:00,D04,S04,南向,城市主干路,3,46,63.07,22.92,5.71,0,0,1,1,0,0,0
2026-03-07 17:15:00,D04,S04,南向,城市主干路,3,71,51.07,28.63,7.05,0,0,1,1,0,1,0
2026-03-07 17:30:00,D04,S04,南向,城市主干路,3,57,61.81,19.88,5.82,0,0,1,1,0,0,0
2026-03-07 17:45:00,D04,S04,南向,城市主干路,3,52,54.17,18.73,6.65,0,0,1,1,0,0,0
2026-03-07 18:00:00,D04,S04,南向,城市主干路,3,50,65.83,21.58,5.47,0,0,1,1,0,0,0
2026-03-07 18:15:00,D04,S04,南向,城市主干路,3,44,59.18,23.28,6.08,0,0,1,1,0,0,0
2026-03-07 18:30:00,D04,S04,南向,城市主干路,3,52,54.18,23.86,6.64,0,0,1,1,0,0,0
2026-03-07 18:45:00,D04,S04,南向,城市主干路,3,47,55.54,18.72,6.48,0,0,1,1,0,0,0
2026-03-07 19:00:00,D04,S04,南向,城市主干路,3,33,62.06,18.11,5.8,0,0,1,1,0,0,0
2026-03-07 19:15:00,D04,S04,南向,城市主干路,3,28,56.1,14.29,6.42,0,0,1,1,0,0,0
2026-03-07 19:30:00,D04,S04,南向,城市主干路,3,41,58.82,17.07,6.12,0,0,1,0,0,0,0
2026-03-07 19:45:00,D04,S04,南向,城市主干路,3,18,62.44,6.37,5.77,0,0,1,0,0,0,0
2026-03-07 20:00:00,D04,S04,南向,城市主干路,3,26,58.39,15.68,6.17,0,0,1,0,0,0,0
2026-03-07 20:15:00,D04,S04,南向,城市主干路,3,19,57.68,9.08,6.24,0,0,1,0,0,0,0
2026-03-07 20:30:00,D04,S04,南向,城市主干路,3,28,59.07,13.53,6.09,0,0,1,0,0,0,0
2026-03-07 20:45:00,D04,S04,南向,城市主干路,3,20,64.67,12.47,5.57,0,0,1,0,0,0,0
2026-03-07 21:00:00,D04,S04,南向,城市主干路,3,14,58.38,8.71,6.17,0,0,1,0,0,0,0
2026-03-07 21:15:00,D04,S04,南向,城市主干路,3,13,59.88,11.14,6.01,0,0,1,0,0,0,0
2026-03-07 21:30:00,D04,S04,南向,城市主干路,3,32,60.77,15.2,5.92,0,0,1,0,0,0,0
2026-03-07 21:45:00,D04,S04,南向,城市主干路,3,30,57.75,13.05,6.23,0,0,1,0,0,0,0
2026-03-07 22:00:00,D04,S04,南向,城市主干路,3,20,63.49,8.97,5.67,0,0,1,0,0,0,0
2026-03-07 22:15:00,D04,S04,南向,城市主干路,3,30,66.83,19.19,5.39,0,0,1,0,0,0,0
2026-03-07 22:30:00,D04,S04,南向,城市主干路,3,14,62.45,7.39,5.76,0,0,1,0,0,0,0
2026-03-07 22:45:00,D04,S04,南向,城市主干路,3,12,63.05,14.23,5.71,0,0,1,0,0,0,0
2026-03-07 23:00:00,D04,S04,南向,城市主干路,3,10,59.61,13.4,6.04,0,0,1,0,0,0,0
2026-03-07 23:15:00,D04,S04,南向,城市主干路,3,24,68.28,14.11,5.27,0,0,1,0,0,0,0
2026-03-07 23:30:00,D04,S04,南向,城市主干路,3,16,58.18,12.83,6.19,0,0,1,0,0,0,0
2026-03-07 23:45:00,D04,S04,南向,城市主干路,3,18,56.63,12.86,6.36,0,0,1,0,0,0,0
2026-03-08 00:00:00,D04,S04,南向,城市主干路,3,19,66.7,11.39,5.4,0,0,1,0,0,0,0
2026-03-08 00:15:00,D04,S04,南向,城市主干路,3,21,58.37,13.01,6.17,0,0,1,0,0,0,0
2026-03-08 00:30:00,D04,S04,南向,城市主干路,3,22,66.91,14.54,5.38,0,0,1,0,0,0,0
2026-03-08 00:45:00,D04,S04,南向,城市主干路,3,15,54.06,8.06,6.66,0,0,1,0,0,0,0
2026-03-08 01:00:00,D04,S04,南向,城市主干路,3,22,60.6,14.72,5.94,0,0,1,0,0,0,0
2026-03-08 01:15:00,D04,S04,南向,城市主干路,3,19,62.84,12.72,5.73,0,0,1,0,0,0,0
2026-03-08 01:30:00,D04,S04,南向,城市主干路,3,14,61.97,10.85,5.81,0,0,1,0,0,0,0
2026-03-08 01:45:00,D04,S04,南向,城市主干路,3,18,66.82,11.08,5.39,0,0,1,0,0,0,0
2026-03-08 02:00:00,D04,S04,南向,城市主干路,3,28,62.75,11.55,5.74,0,0,1,0,0,0,0
2026-03-08 02:15:00,D04,S04,南向,城市主干路,3,23,62.84,10.71,5.73,0,0,1,0,0,0,0
2026-03-08 02:30:00,D04,S04,南向,城市主干路,3,22,58.17,11.18,6.19,0,0,1,0,0,0,0
2026-03-08 02:45:00,D04,S04,南向,城市主干路,3,19,62.94,10.17,5.72,0,0,1,0,0,0,0
2026-03-08 03:00:00,D04,S04,南向,城市主干路,3,17,58.28,10.9,6.18,0,0,1,0,0,0,0
2026-03-08 03:15:00,D04,S04,南向,城市主干路,3,15,64.33,10.53,5.6,0,0,1,0,0,0,0
2026-03-08 03:30:00,D04,S04,南向,城市主干路,3,19,67.56,13.37,5.33,0,0,1,0,0,0,0
2026-03-08 03:45:00,D04,S04,南向,城市主干路,3,20,62.16,11.36,5.79,0,0,1,0,0,0,0
2026-03-08 04:00:00,D04,S04,南向,城市主干路,3,22,67.76,13.44,5.31,0,0,1,0,0,0,0
2026-03-08 04:15:00,D04,S04,南向,城市主干路,3,19,59.44,10.54,6.06,0,0,1,0,0,0,0
2026-03-08 04:30:00,D04,S04,南向,城市主干路,3,23,63.11,12.1,5.7,0,0,1,0,0,0,0
2026-03-08 04:45:00,D04,S04,南向,城市主干路,3,8,63.81,8.34,5.64,0,0,1,0,0,0,0
2026-03-08 05:00:00,D04,S04,南向,城市主干路,3,26,61.63,14.09,5.84,0,0,1,0,0,0,0
2026-03-08 05:15:00,D04,S04,南向,城市主干路,3,20,57.02,9.3,6.31,0,0,1,0,0,0,0
2026-03-08 05:30:00,D04,S04,南向,城市主干路,3,24,61.96,12.27,5.81,0,0,1,0,0,0,0
2026-03-08 05:45:00,D04,S04,南向,城市主干路,3,10,65.71,9.44,5.48,0,0,1,0,0,0,0
2026-03-08 06:00:00,D04,S04,南向,城市主干路,3,21,70.48,12.34,5.11,0,0,1,0,0,0,0
2026-03-08 06:15:00,D04,S04,南向,城市主干路,3,29,62.91,11.83,5.72,0,0,1,0,0,0,0
2026-03-08 06:30:00,D04,S04,南向,城市主干路,3,21,66.93,8.83,5.38,0,0,1,0,0,0,0
2026-03-08 06:45:00,D04,S04,南向,城市主干路,3,31,57.03,15.76,6.31,0,0,1,0,0,0,0
2026-03-08 07:00:00,D04,S04,南向,城市主干路,3,29,61.9,15.73,5.82,0,0,1,1,0,0,0
2026-03-08 07:15:00,D04,S04,南向,城市主干路,3,31,66.87,17.06,5.38,0,0,1,1,0,0,0
2026-03-08 07:30:00,D04,S04,南向,城市主干路,3,33,58.68,16.02,6.14,0,0,1,1,0,0,0
2026-03-08 07:45:00,D04,S04,南向,城市主干路,3,43,59.24,16.34,6.08,0,0,1,1,0,0,0
2026-03-08 08:00:00,D04,S04,南向,城市主干路,3,48,56.23,19.34,6.4,0,0,1,1,0,0,0
2026-03-08 08:15:00,D04,S04,南向,城市主干路,3,53,58.53,20.58,6.15,0,0,1,1,0,0,0
2026-03-08 08:30:00,D04,S04,南向,城市主干路,3,53,62.72,21.07,5.74,0,0,1,1,0,0,0
2026-03-08 08:45:00,D04,S04,南向,城市主干路,3,53,60.5,21.49,5.95,0,0,1,1,0,0,0
2026-03-08 09:00:00,D04,S04,南向,城市主干路,3,42,59.42,21.1,6.06,0,0,1,1,0,0,0
2026-03-08 09:15:00,D04,S04,南向,城市主干路,3,39,57.83,18.85,6.22,0,0,1,1,0,0,0
2026-03-08 09:30:00,D04,S04,南向,城市主干路,3,44,60.8,14.76,5.92,0,0,1,0,0,0,0
2026-03-08 09:45:00,D04,S04,南向,城市主干路,3,26,63.08,11.16,5.71,0,0,1,0,0,0,0
2026-03-08 10:00:00,D04,S04,南向,城市主干路,3,35,51.81,16.49,6.95,0,0,1,0,0,1,0
2026-03-08 10:15:00,D04,S04,南向,城市主干路,3,28,58.03,15.89,6.2,0,0,1,0,0,0,0
2026-03-08 10:30:00,D04,S04,南向,城市主干路,3,22,69.78,14.02,5.16,0,0,1,0,0,0,0
2026-03-08 10:45:00,D04,S04,南向,城市主干路,3,19,60.76,10.39,5.92,0,0,1,0,0,0,0
2026-03-08 11:00:00,D04,S04,南向,城市主干路,3,23,58.19,9.45,6.19,0,0,1,0,0,0,0
2026-03-08 11:15:00,D04,S04,南向,城市主干路,3,14,59.41,11.88,6.06,0,0,1,0,0,0,0
2026-03-08 11:30:00,D04,S04,南向,城市主干路,3,18,60.74,10.33,5.93,0,0,1,0,0,0,0
2026-03-08 11:45:00,D04,S04,南向,城市主干路,3,23,55.0,13.3,6.55,0,0,1,0,0,0,0
2026-03-08 12:00:00,D04,S04,南向,城市主干路,3,26,63.43,13.21,5.68,0,0,1,0,0,0,0
2026-03-08 12:15:00,D04,S04,南向,城市主干路,3,18,64.48,14.81,5.58,0,0,1,0,0,0,0
2026-03-08 12:30:00,D04,S04,南向,城市主干路,3,13,64.95,8.95,5.54,0,0,1,0,0,0,0
2026-03-08 12:45:00,D04,S04,南向,城市主干路,3,20,56.39,11.92,6.38,0,0,1,0,0,0,0
2026-03-08 13:00:00,D04,S04,南向,城市主干路,3,15,64.35,7.41,5.59,0,0,1,0,0,0,0
2026-03-08 13:15:00,D04,S04,南向,城市主干路,3,21,65.69,11.66,5.48,0,0,1,0,0,0,0
2026-03-08 13:30:00,D04,S04,南向,城市主干路,3,19,65.09,12.19,5.53,0,0,1,0,0,0,0
2026-03-08 13:45:00,D04,S04,南向,城市主干路,3,16,63.4,10.32,5.68,0,0,1,0,0,0,0
2026-03-08 14:00:00,D04,S04,南向,城市主干路,3,18,59.73,10.96,6.03,0,0,1,0,0,0,0
2026-03-08 14:15:00,D04,S04,南向,城市主干路,3,23,68.78,11.19,5.23,0,0,1,0,0,0,0
2026-03-08 14:30:00,D04,S04,南向,城市主干路,3,14,60.32,8.95,5.97,0,0,1,0,0,0,0
2026-03-08 14:45:00,D04,S04,南向,城市主干路,3,38,60.33,14.83,5.97,0,0,1,0,0,0,0
2026-03-08 15:00:00,D04,S04,南向,城市主干路,3,17,58.12,13.65,6.19,0,0,1,0,0,0,0
2026-03-08 15:15:00,D04,S04,南向,城市主干路,3,27,58.27,12.4,6.18,0,0,1,0,0,0,0
2026-03-08 15:30:00,D04,S04,南向,城市主干路,3,26,60.24,14.06,5.98,0,0,1,0,0,0,0
2026-03-08 15:45:00,D04,S04,南向,城市主干路,3,37,60.42,18.4,5.96,0,0,1,0,0,0,0
2026-03-08 16:00:00,D04,S04,南向,城市主干路,3,43,58.54,17.78,6.15,0,0,1,0,0,0,0
2026-03-08 16:15:00,D04,S04,南向,城市主干路,3,45,58.89,20.29,6.11,0,0,1,0,0,0,0
2026-03-08 16:30:00,D04,S04,南向,城市主干路,3,57,66.07,25.3,5.45,0,0,1,1,0,0,0
2026-03-08 16:45:00,D04,S04,南向,城市主干路,3,48,54.91,18.1,6.56,0,0,1,1,0,0,0
2026-03-08 17:00:00,D04,S04,南向,城市主干路,3,44,54.78,22.33,6.57,0,0,1,1,0,0,0
2026-03-08 17:15:00,D04,S04,南向,城市主干路,3,54,57.22,22.86,6.29,0,0,1,1,0,0,0
2026-03-08 17:30:00,D04,S04,南向,城市主干路,3,60,49.82,22.02,7.23,0,0,1,1,0,1,0
2026-03-08 17:45:00,D04,S04,南向,城市主干路,3,55,54.38,19.92,6.62,0,0,1,1,0,0,0
2026-03-08 18:00:00,D04,S04,南向,城市主干路,3,43,52.25,18.67,6.89,0,0,1,1,0,0,0
2026-03-08 18:15:00,D04,S04,南向,城市主干路,3,48,61.24,21.23,5.88,0,0,1,1,0,0,0
2026-03-08 18:30:00,D04,S04,南向,城市主干路,3,45,61.21,21.35,5.88,0,0,1,1,0,0,0
2026-03-08 18:45:00,D04,S04,南向,城市主干路,3,47,59.19,19.7,6.08,0,0,1,1,0,0,0
2026-03-08 19:00:00,D04,S04,南向,城市主干路,3,29,63.07,17.42,5.71,0,0,1,1,0,0,0
2026-03-08 19:15:00,D04,S04,南向,城市主干路,3,32,59.92,19.91,6.01,0,0,1,1,0,0,0
2026-03-08 19:30:00,D04,S04,南向,城市主干路,3,32,56.79,13.67,6.34,0,0,1,0,0,0,0
2026-03-08 19:45:00,D04,S04,南向,城市主干路,3,24,60.94,10.16,5.91,0,0,1,0,0,0,0
2026-03-08 20:00:00,D04,S04,南向,城市主干路,3,31,55.66,16.36,6.47,0,0,1,0,0,0,0
2026-03-08 20:15:00,D04,S04,南向,城市主干路,3,22,69.63,9.77,5.17,0,0,1,0,0,0,0
2026-03-08 20:30:00,D04,S04,南向,城市主干路,3,16,66.98,11.74,5.37,0,0,1,0,0,0,0
2026-03-08 20:45:00,D04,S04,南向,城市主干路,3,19,67.83,11.68,5.31,0,0,1,0,0,0,0
2026-03-08 21:00:00,D04,S04,南向,城市主干路,3,26,62.3,16.86,5.78,0,0,1,0,0,0,0
2026-03-08 21:15:00,D04,S04,南向,城市主干路,3,15,66.56,12.82,5.41,0,0,1,0,0,0,0
2026-03-08 21:30:00,D04,S04,南向,城市主干路,3,28,67.69,11.25,5.32,0,0,1,0,0,0,0
2026-03-08 21:45:00,D04,S04,南向,城市主干路,3,26,59.15,8.89,6.09,0,0,1,0,0,0,0
2026-03-08 22:00:00,D04,S04,南向,城市主干路,3,22,63.18,12.27,5.7,0,0,1,0,0,0,0
2026-03-08 22:15:00,D04,S04,南向,城市主干路,3,18,64.1,11.52,5.62,0,0,1,0,0,0,0
2026-03-08 22:30:00,D04,S04,南向,城市主干路,3,17,65.41,8.86,5.5,0,0,1,0,0,0,0
2026-03-08 22:45:00,D04,S04,南向,城市主干路,3,25,56.25,13.95,6.4,0,0,1,0,0,0,0
2026-03-08 23:00:00,D04,S04,南向,城市主干路,3,19,59.14,12.37,6.09,0,0,1,0,0,0,0
2026-03-08 23:15:00,D04,S04,南向,城市主干路,3,27,60.03,19.56,6.0,0,0,1,0,0,0,0
2026-03-08 23:30:00,D04,S04,南向,城市主干路,3,19,65.59,11.62,5.49,0,0,1,0,0,0,0
2026-03-08 23:45:00,D04,S04,南向,城市主干路,3,18,68.34,10.88,5.27,0,0,1,0,0,0,0
2026-03-09 00:00:00,D04,S04,南向,城市主干路,3,22,62.29,12.21,5.78,0,0,0,0,0,0,0
2026-03-09 00:15:00,D04,S04,南向,城市主干路,3,24,63.31,10.55,5.69,0,0,0,0,0,0,0
2026-03-09 00:30:00,D04,S04,南向,城市主干路,3,24,65.68,14.31,5.48,0,0,0,0,0,0,0
2026-03-09 00:45:00,D04,S04,南向,城市主干路,3,23,57.49,14.1,6.26,0,0,0,0,0,0,0
2026-03-09 01:00:00,D04,S04,南向,城市主干路,3,22,63.65,14.5,5.66,0,0,0,0,0,0,0
2026-03-09 01:15:00,D04,S04,南向,城市主干路,3,30,62.85,17.56,5.73,0,0,0,0,0,0,0
2026-03-09 01:30:00,D04,S04,南向,城市主干路,3,26,63.61,14.07,5.66,0,0,0,0,0,0,0
2026-03-09 01:45:00,D04,S04,南向,城市主干路,3,16,71.49,11.23,5.04,0,0,0,0,0,0,0
2026-03-09 02:00:00,D04,S04,南向,城市主干路,3,28,64.5,16.04,5.58,0,0,0,0,0,0,0
2026-03-09 02:15:00,D04,S04,南向,城市主干路,3,26,57.73,12.85,6.24,0,0,0,0,0,0,0
2026-03-09 02:30:00,D04,S04,南向,城市主干路,3,24,65.84,14.38,5.47,0,0,0,0,0,0,0
2026-03-09 02:45:00,D04,S04,南向,城市主干路,3,17,65.36,6.55,5.51,0,0,0,0,0,0,0
2026-03-09 03:00:00,D04,S04,南向,城市主干路,3,25,65.12,10.07,5.53,0,0,0,0,0,0,0
2026-03-09 03:15:00,D04,S04,南向,城市主干路,3,11,66.9,7.75,5.38,0,0,0,0,0,0,0
2026-03-09 03:30:00,D04,S04,南向,城市主干路,3,28,65.71,20.0,5.48,0,0,0,0,0,0,0
2026-03-09 03:45:00,D04,S04,南向,城市主干路,3,24,56.7,14.1,6.35,0,0,0,0,0,0,0
2026-03-09 04:00:00,D04,S04,南向,城市主干路,3,22,62.54,10.95,5.76,0,0,0,0,0,0,0
2026-03-09 04:15:00,D04,S04,南向,城市主干路,3,29,53.75,13.73,6.7,0,0,0,0,0,0,0
2026-03-09 04:30:00,D04,S04,南向,城市主干路,3,31,59.4,15.43,6.06,0,0,0,0,0,0,0
2026-03-09 04:45:00,D04,S04,南向,城市主干路,3,13,65.45,7.77,5.5,0,0,0,0,0,0,0
2026-03-09 05:00:00,D04,S04,南向,城市主干路,3,29,59.3,12.0,6.07,0,0,0,0,0,0,0
2026-03-09 05:15:00,D04,S04,南向,城市主干路,3,22,58.37,14.7,6.17,0,0,0,0,0,0,0
2026-03-09 05:30:00,D04,S04,南向,城市主干路,3,32,59.36,14.58,6.07,0,0,0,0,0,0,0
2026-03-09 05:45:00,D04,S04,南向,城市主干路,3,19,61.03,7.2,5.9,0,0,0,0,0,0,0
2026-03-09 06:00:00,D04,S04,南向,城市主干路,3,34,50.78,16.75,7.09,1,0,0,0,0,1,0
2026-03-09 06:15:00,D04,S04,南向,城市主干路,3,25,55.41,9.49,6.5,1,0,0,0,0,0,0
2026-03-09 06:30:00,D04,S04,南向,城市主干路,3,23,50.93,11.74,7.07,1,0,0,0,0,1,0
2026-03-09 06:45:00,D04,S04,南向,城市主干路,3,38,51.49,18.34,6.99,1,0,0,0,0,1,0
2026-03-09 07:00:00,D04,S04,南向,城市主干路,3,42,49.92,17.84,7.21,1,0,0,1,0,1,0
2026-03-09 07:15:00,D04,S04,南向,城市主干路,3,39,56.49,20.61,6.37,1,0,0,1,0,0,0
2026-03-09 07:30:00,D04,S04,南向,城市主干路,3,52,57.16,18.7,6.3,1,0,0,1,0,0,0
2026-03-09 07:45:00,D04,S04,南向,城市主干路,3,54,50.27,22.51,7.16,1,0,0,1,0,1,0
2026-03-09 08:00:00,D04,S04,南向,城市主干路,3,64,44.29,25.3,8.13,1,0,0,1,0,1,1
2026-03-09 08:15:00,D04,S04,南向,城市主干路,3,59,52.64,19.21,6.84,1,0,0,1,0,0,0
2026-03-09 08:30:00,D04,S04,南向,城市主干路,3,71,47.28,28.93,7.61,1,0,0,1,0,1,1
2026-03-09 08:45:00,D04,S04,南向,城市主干路,3,71,44.82,24.48,8.03,1,0,0,1,0,1,1
2026-03-09 09:00:00,D04,S04,南向,城市主干路,3,56,51.44,20.85,7.0,1,0,0,1,0,1,0
2026-03-09 09:15:00,D04,S04,南向,城市主干路,3,62,50.38,22.0,7.15,1,0,0,1,0,1,0
2026-03-09 09:30:00,D04,S04,南向,城市主干路,3,41,49.78,16.18,7.23,1,0,0,0,0,1,0
2026-03-09 09:45:00,D04,S04,南向,城市主干路,3,33,56.51,14.7,6.37,1,0,0,0,0,0,0
2026-03-09 10:00:00,D04,S04,南向,城市主干路,3,37,54.13,16.85,6.65,1,0,0,0,0,0,0
2026-03-09 10:15:00,D04,S04,南向,城市主干路,3,37,46.0,18.12,7.83,1,0,0,0,0,1,1
2026-03-09 10:30:00,D04,S04,南向,城市主干路,3,25,51.78,12.55,6.95,1,0,0,0,0,1,0
2026-03-09 10:45:00,D04,S04,南向,城市主干路,3,17,49.48,14.5,7.28,1,0,0,0,0,1,0
2026-03-09 11:00:00,D04,S04,南向,城市主干路,3,22,57.7,11.89,6.24,1,0,0,0,0,0,0
2026-03-09 11:15:00,D04,S04,南向,城市主干路,3,31,60.48,11.62,5.95,1,0,0,0,0,0,0
2026-03-09 11:30:00,D04,S04,南向,城市主干路,3,29,47.12,13.74,7.64,1,0,0,0,0,1,1
2026-03-09 11:45:00,D04,S04,南向,城市主干路,3,22,54.01,15.04,6.67,1,0,0,0,0,0,0
2026-03-09 12:00:00,D04,S04,南向,城市主干路,3,36,53.32,15.01,6.75,1,0,0,0,0,0,0
2026-03-09 12:15:00,D04,S04,南向,城市主干路,3,21,62.02,13.33,5.8,0,0,0,0,0,0,0
2026-03-09 12:30:00,D04,S04,南向,城市主干路,3,28,64.34,11.84,5.6,0,0,0,0,0,0,0
2026-03-09 12:45:00,D04,S04,南向,城市主干路,3,22,58.83,14.49,6.12,0,0,0,0,0,0,0
2026-03-09 13:00:00,D04,S04,南向,城市主干路,3,21,52.64,11.14,6.84,0,0,0,0,0,0,0
2026-03-09 13:15:00,D04,S04,南向,城市主干路,3,36,61.11,19.53,5.89,0,0,0,0,0,0,0
2026-03-09 13:30:00,D04,S04,南向,城市主干路,3,34,52.96,15.27,6.8,0,0,0,0,0,0,0
2026-03-09 13:45:00,D04,S04,南向,城市主干路,3,20,68.71,13.14,5.24,0,0,0,0,0,0,0
2026-03-09 14:00:00,D04,S04,南向,城市主干路,3,24,66.13,13.41,5.44,0,0,0,0,0,0,0
2026-03-09 14:15:00,D04,S04,南向,城市主干路,3,20,60.16,10.73,5.98,0,0,0,0,0,0,0
2026-03-09 14:30:00,D04,S04,南向,城市主干路,3,15,66.47,11.54,5.42,0,0,0,0,0,0,0
2026-03-09 14:45:00,D04,S04,南向,城市主干路,3,31,55.31,15.67,6.51,0,0,0,0,0,0,0
2026-03-09 15:00:00,D04,S04,南向,城市主干路,3,36,59.01,15.02,6.1,0,0,0,0,0,0,0
2026-03-09 15:15:00,D04,S04,南向,城市主干路,3,34,57.72,18.22,6.24,0,0,0,0,0,0,0
2026-03-09 15:30:00,D04,S04,南向,城市主干路,3,43,58.84,16.66,6.12,0,0,0,0,0,0,0
2026-03-09 15:45:00,D04,S04,南向,城市主干路,3,46,56.53,17.83,6.37,0,0,0,0,0,0,0
2026-03-09 16:00:00,D04,S04,南向,城市主干路,3,56,47.49,20.58,7.58,1,0,0,0,0,1,1
2026-03-09 16:15:00,D04,S04,南向,城市主干路,3,48,53.1,17.74,6.78,1,0,0,0,0,0,0
2026-03-09 16:30:00,D04,S04,南向,城市主干路,3,52,51.08,20.77,7.05,1,0,0,1,0,1,0
2026-03-09 16:45:00,D04,S04,南向,城市主干路,3,60,57.91,21.02,6.22,1,0,0,1,0,0,0
2026-03-09 17:00:00,D04,S04,南向,城市主干路,3,66,42.53,24.81,8.46,1,0,0,1,0,1,1
2026-03-09 17:15:00,D04,S04,南向,城市主干路,3,63,41.0,26.19,8.78,1,0,0,1,0,1,1
2026-03-09 17:30:00,D04,S04,南向,城市主干路,3,72,45.2,24.36,7.97,1,0,0,1,0,1,1
2026-03-09 17:45:00,D04,S04,南向,城市主干路,3,66,42.2,23.91,8.53,1,0,0,1,0,1,1
2026-03-09 18:00:00,D04,S04,南向,城市主干路,3,72,48.73,28.7,7.39,1,0,0,1,0,1,0
2026-03-09 18:15:00,D04,S04,南向,城市主干路,3,51,53.71,21.62,6.7,1,0,0,1,0,0,0
2026-03-09 18:30:00,D04,S04,南向,城市主干路,3,49,40.36,23.0,8.92,1,0,0,1,0,1,1
2026-03-09 18:45:00,D04,S04,南向,城市主干路,3,48,46.29,20.26,7.78,1,0,0,1,0,1,1
2026-03-09 19:00:00,D04,S04,南向,城市主干路,3,48,42.5,18.18,8.47,1,0,0,1,0,1,1
2026-03-09 19:15:00,D04,S04,南向,城市主干路,3,42,54.18,17.78,6.64,1,0,0,1,0,0,0
2026-03-09 19:30:00,D04,S04,南向,城市主干路,3,39,49.98,21.18,7.2,1,0,0,0,0,1,0
2026-03-09 19:45:00,D04,S04,南向,城市主干路,3,30,58.56,13.71,6.15,1,0,0,0,0,0,0
2026-03-09 20:00:00,D04,S04,南向,城市主干路,3,28,51.03,12.21,7.05,1,0,0,0,0,1,0
2026-03-09 20:15:00,D04,S04,南向,城市主干路,3,22,58.07,14.27,6.2,1,0,0,0,0,0,0
2026-03-09 20:30:00,D04,S04,南向,城市主干路,3,25,55.32,13.98,6.51,1,0,0,0,0,0,0
2026-03-09 20:45:00,D04,S04,南向,城市主干路,3,27,55.45,14.8,6.49,1,0,0,0,0,0,0
2026-03-09 21:00:00,D04,S04,南向,城市主干路,3,27,52.7,12.76,6.83,1,0,0,0,0,0,0
2026-03-09 21:15:00,D04,S04,南向,城市主干路,3,27,59.79,13.34,6.02,0,0,0,0,0,0,0
2026-03-09 21:30:00,D04,S04,南向,城市主干路,3,20,60.22,16.96,5.98,0,0,0,0,0,0,0
2026-03-09 21:45:00,D04,S04,南向,城市主干路,3,18,64.49,12.22,5.58,0,0,0,0,0,0,0
2026-03-09 22:00:00,D04,S04,南向,城市主干路,3,15,59.86,6.56,6.01,0,0,0,0,0,0,0
2026-03-09 22:15:00,D04,S04,南向,城市主干路,3,23,65.09,14.46,5.53,0,0,0,0,0,0,0
2026-03-09 22:30:00,D04,S04,南向,城市主干路,3,30,60.97,13.38,5.9,0,0,0,0,0,0,0
2026-03-09 22:45:00,D04,S04,南向,城市主干路,3,30,62.02,12.37,5.8,0,0,0,0,0,0,0
2026-03-09 23:00:00,D04,S04,南向,城市主干路,3,25,56.76,10.13,6.34,0,0,0,0,0,0,0
2026-03-09 23:15:00,D04,S04,南向,城市主干路,3,18,59.96,10.24,6.0,0,0,0,0,0,0,0
2026-03-09 23:30:00,D04,S04,南向,城市主干路,3,31,58.68,14.06,6.13,0,0,0,0,0,0,0
2026-03-09 23:45:00,D04,S04,南向,城市主干路,3,20,57.94,12.77,6.21,0,0,0,0,0,0,0
2026-03-10 00:00:00,D04,S04,南向,城市主干路,3,26,61.85,12.59,5.82,0,0,0,0,0,0,0
2026-03-10 00:15:00,D04,S04,南向,城市主干路,3,32,59.85,17.02,6.02,0,0,0,0,0,0,0
2026-03-10 00:30:00,D04,S04,南向,城市主干路,3,37,55.23,17.15,6.52,0,0,0,0,0,0,0
2026-03-10 00:45:00,D04,S04,南向,城市主干路,3,33,64.85,14.34,5.55,0,0,0,0,0,0,0
2026-03-10 01:00:00,D04,S04,南向,城市主干路,3,21,56.48,14.68,6.37,0,0,0,0,0,0,0
2026-03-10 01:15:00,D04,S04,南向,城市主干路,3,19,66.59,16.02,5.41,0,0,0,0,0,0,0
2026-03-10 01:30:00,D04,S04,南向,城市主干路,3,19,58.01,13.0,6.21,0,0,0,0,0,0,0
2026-03-10 01:45:00,D04,S04,南向,城市主干路,3,23,61.97,11.77,5.81,0,0,0,0,0,0,0
2026-03-10 02:00:00,D04,S04,南向,城市主干路,3,26,62.82,15.01,5.73,0,0,0,0,0,0,0
2026-03-10 02:15:00,D04,S04,南向,城市主干路,3,29,56.6,14.02,6.36,0,0,0,0,0,0,0
2026-03-10 02:30:00,D04,S04,南向,城市主干路,3,18,68.65,13.41,5.24,0,0,0,0,0,0,0
2026-03-10 02:45:00,D04,S04,南向,城市主干路,3,22,62.39,12.26,5.77,0,0,0,0,0,0,0
2026-03-10 03:00:00,D04,S04,南向,城市主干路,3,18,62.01,11.48,5.81,0,0,0,0,0,0,0
2026-03-10 03:15:00,D04,S04,南向,城市主干路,3,13,66.37,12.87,5.42,0,0,0,0,0,0,0
2026-03-10 03:30:00,D04,S04,南向,城市主干路,3,14,62.38,11.07,5.77,0,0,0,0,0,0,0
2026-03-10 03:45:00,D04,S04,南向,城市主干路,3,21,60.81,11.97,5.92,0,0,0,0,0,0,0
2026-03-10 04:00:00,D04,S04,南向,城市主干路,3,18,65.48,10.87,5.5,0,0,0,0,0,0,0
2026-03-10 04:15:00,D04,S04,南向,城市主干路,3,14,64.63,8.39,5.57,0,0,0,0,0,0,0
2026-03-10 04:30:00,D04,S04,南向,城市主干路,3,22,62.85,13.83,5.73,0,0,0,0,0,0,0
2026-03-10 04:45:00,D04,S04,南向,城市主干路,3,21,69.02,15.8,5.22,0,0,0,0,0,0,0
2026-03-10 05:00:00,D04,S04,南向,城市主干路,3,21,62.54,13.2,5.76,0,0,0,0,0,0,0
2026-03-10 05:15:00,D04,S04,南向,城市主干路,3,17,59.96,9.61,6.0,0,0,0,0,0,0,0
2026-03-10 05:30:00,D04,S04,南向,城市主干路,3,21,63.15,11.38,5.7,0,0,0,0,0,0,0
2026-03-10 05:45:00,D04,S04,南向,城市主干路,3,25,60.38,13.48,5.96,0,0,0,0,0,0,0
2026-03-10 06:00:00,D04,S04,南向,城市主干路,3,21,60.81,10.4,5.92,0,0,0,0,0,0,0
2026-03-10 06:15:00,D04,S04,南向,城市主干路,3,31,59.9,14.39,6.01,0,0,0,0,0,0,0
2026-03-10 06:30:00,D04,S04,南向,城市主干路,3,22,63.36,11.62,5.68,0,0,0,0,0,0,0
2026-03-10 06:45:00,D04,S04,南向,城市主干路,3,25,54.51,12.67,6.6,0,0,0,0,0,0,0
2026-03-10 07:00:00,D04,S04,南向,城市主干路,3,42,55.98,17.41,6.43,0,0,0,1,0,0,0
2026-03-10 07:15:00,D04,S04,南向,城市主干路,3,37,57.96,15.46,6.21,0,0,0,1,0,0,0
2026-03-10 07:30:00,D04,S04,南向,城市主干路,3,63,57.1,21.11,6.31,0,0,0,1,0,0,0
2026-03-10 07:45:00,D04,S04,南向,城市主干路,3,52,55.32,23.31,6.51,0,0,0,1,0,0,0
2026-03-10 08:00:00,D04,S04,南向,城市主干路,3,68,51.18,26.43,7.03,0,0,0,1,0,1,0
2026-03-10 08:15:00,D04,S04,南向,城市主干路,3,57,55.15,23.52,6.53,0,0,0,1,0,0,0
2026-03-10 08:30:00,D04,S04,南向,城市主干路,3,71,48.67,27.94,7.4,0,0,0,1,0,1,0
2026-03-10 08:45:00,D04,S04,南向,城市主干路,3,58,61.9,20.5,5.82,0,0,0,1,0,0,0
2026-03-10 09:00:00,D04,S04,南向,城市主干路,3,58,52.94,24.23,6.8,0,0,0,1,0,0,0
2026-03-10 09:15:00,D04,S04,南向,城市主干路,3,58,50.54,20.88,7.12,0,0,0,1,0,1,0
2026-03-10 09:30:00,D04,S04,南向,城市主干路,3,49,51.33,18.6,7.01,0,0,0,0,0,1,0
2026-03-10 09:45:00,D04,S04,南向,城市主干路,3,32,64.55,14.04,5.58,0,0,0,0,0,0,0
2026-03-10 10:00:00,D04,S04,南向,城市主干路,3,38,59.28,21.75,6.07,0,0,0,0,0,0,0
2026-03-10 10:15:00,D04,S04,南向,城市主干路,3,40,61.15,17.47,5.89,0,0,0,0,0,0,0
2026-03-10 10:30:00,D04,S04,南向,城市主干路,3,27,64.12,15.14,5.61,0,0,0,0,0,0,0
2026-03-10 10:45:00,D04,S04,南向,城市主干路,3,28,59.71,11.63,6.03,0,0,0,0,0,0,0
2026-03-10 11:00:00,D04,S04,南向,城市主干路,3,27,59.08,13.12,6.09,0,0,0,0,0,0,0
2026-03-10 11:15:00,D04,S04,南向,城市主干路,3,27,61.14,11.03,5.89,0,0,0,0,0,0,0
2026-03-10 11:30:00,D04,S04,南向,城市主干路,3,23,67.55,11.53,5.33,0,0,0,0,0,0,0
2026-03-10 11:45:00,D04,S04,南向,城市主干路,3,19,63.16,13.19,5.7,0,0,0,0,0,0,0
2026-03-10 12:00:00,D04,S04,南向,城市主干路,3,27,56.67,15.46,6.35,0,0,0,0,0,0,0
2026-03-10 12:15:00,D04,S04,南向,城市主干路,3,26,71.66,10.84,5.02,0,0,0,0,0,0,0
2026-03-10 12:30:00,D04,S04,南向,城市主干路,3,36,56.07,16.83,6.42,0,0,0,0,0,0,0
2026-03-10 12:45:00,D04,S04,南向,城市主干路,3,32,63.04,12.46,5.71,0,0,0,0,0,0,0
2026-03-10 13:00:00,D04,S04,南向,城市主干路,3,21,62.12,12.09,5.8,0,0,0,0,0,0,0
2026-03-10 13:15:00,D04,S04,南向,城市主干路,3,10,64.15,7.65,5.61,0,0,0,0,0,0,0
2026-03-10 13:30:00,D04,S04,南向,城市主干路,3,26,62.14,13.76,5.79,0,0,0,0,0,0,0
2026-03-10 13:45:00,D04,S04,南向,城市主干路,3,26,62.01,10.25,5.81,0,0,0,0,0,0,0
2026-03-10 14:00:00,D04,S04,南向,城市主干路,3,28,62.4,15.02,5.77,0,0,0,0,0,0,0
2026-03-10 14:15:00,D04,S04,南向,城市主干路,3,31,69.83,12.34,5.16,0,0,0,0,0,0,0
2026-03-10 14:30:00,D04,S04,南向,城市主干路,3,22,54.63,13.27,6.59,0,0,0,0,0,0,0
2026-03-10 14:45:00,D04,S04,南向,城市主干路,3,24,66.51,12.77,5.41,0,0,0,0,0,0,0
2026-03-10 15:00:00,D04,S04,南向,城市主干路,3,26,53.95,15.58,6.67,0,0,0,0,0,0,0
2026-03-10 15:15:00,D04,S04,南向,城市主干路,3,31,52.5,16.01,6.86,0,0,0,0,0,0,0
2026-03-10 15:30:00,D04,S04,南向,城市主干路,3,29,64.97,15.68,5.54,0,0,0,0,0,0,0
2026-03-10 15:45:00,D04,S04,南向,城市主干路,3,41,56.12,19.4,6.41,0,0,0,0,0,0,0
2026-03-10 16:00:00,D04,S04,南向,城市主干路,3,45,62.56,19.94,5.75,0,0,0,0,0,0,0
2026-03-10 16:15:00,D04,S04,南向,城市主干路,3,51,58.66,19.48,6.14,0,0,0,0,0,0,0
2026-03-10 16:30:00,D04,S04,南向,城市主干路,3,53,52.17,19.96,6.9,0,0,0,1,0,0,0
2026-03-10 16:45:00,D04,S04,南向,城市主干路,3,67,58.53,28.13,6.15,0,0,0,1,0,0,0
2026-03-10 17:00:00,D04,S04,南向,城市主干路,3,58,52.23,22.12,6.89,0,0,0,1,0,0,0
2026-03-10 17:15:00,D04,S04,南向,城市主干路,3,83,48.87,29.27,7.37,0,0,0,1,0,1,0
2026-03-10 17:30:00,D04,S04,南向,城市主干路,3,77,50.5,25.2,7.13,0,0,0,1,0,1,0
2026-03-10 17:45:00,D04,S04,南向,城市主干路,3,67,51.83,25.6,6.95,0,0,0,1,0,1,0
2026-03-10 18:00:00,D04,S04,南向,城市主干路,3,54,57.57,22.49,6.25,0,0,0,1,0,0,0
2026-03-10 18:15:00,D04,S04,南向,城市主干路,3,65,55.33,28.44,6.51,0,0,0,1,0,0,0
2026-03-10 18:30:00,D04,S04,南向,城市主干路,3,55,55.99,24.74,6.43,0,0,0,1,0,0,0
2026-03-10 18:45:00,D04,S04,南向,城市主干路,3,44,50.85,22.64,7.08,0,0,0,1,0,1,0
2026-03-10 19:00:00,D04,S04,南向,城市主干路,3,39,52.36,20.67,6.88,0,0,0,1,0,0,0
2026-03-10 19:15:00,D04,S04,南向,城市主干路,3,28,59.32,14.58,6.07,0,0,0,1,0,0,0
2026-03-10 19:30:00,D04,S04,南向,城市主干路,3,38,55.9,15.6,6.44,0,0,0,0,0,0,0
2026-03-10 19:45:00,D04,S04,南向,城市主干路,3,40,61.76,14.83,5.83,0,0,0,0,0,0,0
2026-03-10 20:00:00,D04,S04,南向,城市主干路,3,21,62.46,15.71,5.76,0,0,0,0,0,0,0
2026-03-10 20:15:00,D04,S04,南向,城市主干路,3,25,56.01,14.41,6.43,0,0,0,0,0,0,0
2026-03-10 20:30:00,D04,S04,南向,城市主干路,3,27,57.04,13.92,6.31,0,0,0,0,0,0,0
2026-03-10 20:45:00,D04,S04,南向,城市主干路,3,8,61.41,9.88,5.86,0,0,0,0,0,0,0
2026-03-10 21:00:00,D04,S04,南向,城市主干路,3,34,63.72,15.43,5.65,0,0,0,0,0,0,0
2026-03-10 21:15:00,D04,S04,南向,城市主干路,3,13,58.6,12.86,6.14,0,0,0,0,0,0,0
2026-03-10 21:30:00,D04,S04,南向,城市主干路,3,32,61.27,14.11,5.88,0,0,0,0,0,0,0
2026-03-10 21:45:00,D04,S04,南向,城市主干路,3,25,70.06,17.27,5.14,0,0,0,0,0,0,0
2026-03-10 22:00:00,D04,S04,南向,城市主干路,3,29,64.69,18.81,5.56,0,0,0,0,0,0,0
2026-03-10 22:15:00,D04,S04,南向,城市主干路,3,20,56.31,11.68,6.39,0,0,0,0,0,0,0
2026-03-10 22:30:00,D04,S04,南向,城市主干路,3,26,62.55,15.97,5.76,0,0,0,0,0,0,0
2026-03-10 22:45:00,D04,S04,南向,城市主干路,3,31,60.96,18.8,5.91,0,0,0,0,0,0,0
2026-03-10 23:00:00,D04,S04,南向,城市主干路,3,20,64.56,10.24,5.58,0,0,0,0,0,0,0
2026-03-10 23:15:00,D04,S04,南向,城市主干路,3,20,55.86,12.96,6.44,0,0,0,0,0,0,0
2026-03-10 23:30:00,D04,S04,南向,城市主干路,3,24,54.37,13.84,6.62,0,0,0,0,0,0,0
2026-03-10 23:45:00,D04,S04,南向,城市主干路,3,31,66.04,14.64,5.45,0,0,0,0,0,0,0
2026-03-11 00:00:00,D04,S04,南向,城市主干路,3,18,62.9,9.18,5.72,0,0,0,0,0,0,0
2026-03-11 00:15:00,D04,S04,南向,城市主干路,3,29,59.64,16.05,6.04,0,0,0,0,0,0,0
2026-03-11 00:30:00,D04,S04,南向,城市主干路,3,25,67.13,12.75,5.36,0,0,0,0,0,0,0
2026-03-11 00:45:00,D04,S04,南向,城市主干路,3,32,60.13,13.57,5.99,0,0,0,0,0,0,0
2026-03-11 01:00:00,D04,S04,南向,城市主干路,3,22,59.8,13.76,6.02,0,0,0,0,0,0,0
2026-03-11 01:15:00,D04,S04,南向,城市主干路,3,19,60.74,11.48,5.93,0,0,0,0,0,0,0
2026-03-11 01:30:00,D04,S04,南向,城市主干路,3,17,60.57,9.95,5.94,0,0,0,0,0,0,0
2026-03-11 01:45:00,D04,S04,南向,城市主干路,3,37,57.69,18.11,6.24,0,0,0,0,0,0,0
2026-03-11 02:00:00,D04,S04,南向,城市主干路,3,26,57.98,16.35,6.21,0,0,0,0,0,0,0
2026-03-11 02:15:00,D04,S04,南向,城市主干路,3,34,58.45,13.47,6.16,0,0,0,0,0,0,0
2026-03-11 02:30:00,D04,S04,南向,城市主干路,3,19,52.25,7.75,6.89,0,0,0,0,0,0,0
2026-03-11 02:45:00,D04,S04,南向,城市主干路,3,19,61.54,10.77,5.85,0,0,0,0,0,0,0
2026-03-11 03:00:00,D04,S04,南向,城市主干路,3,18,58.38,10.38,6.17,0,0,0,0,0,0,0
2026-03-11 03:15:00,D04,S04,南向,城市主干路,3,29,62.33,13.43,5.78,0,0,0,0,0,0,0
2026-03-11 03:30:00,D04,S04,南向,城市主干路,3,21,61.68,15.45,5.84,0,0,0,0,0,0,0
2026-03-11 03:45:00,D04,S04,南向,城市主干路,3,22,62.69,15.51,5.74,0,0,0,0,0,0,0
2026-03-11 04:00:00,D04,S04,南向,城市主干路,3,22,61.17,15.5,5.88,0,0,0,0,0,0,0
2026-03-11 04:15:00,D04,S04,南向,城市主干路,3,22,60.2,14.53,5.98,0,0,0,0,0,0,0
2026-03-11 04:30:00,D04,S04,南向,城市主干路,3,19,66.68,12.25,5.4,0,0,0,0,0,0,0
2026-03-11 04:45:00,D04,S04,南向,城市主干路,3,16,52.63,9.45,6.84,0,0,0,0,0,0,0
2026-03-11 05:00:00,D04,S04,南向,城市主干路,3,23,68.84,14.64,5.23,0,0,0,0,0,0,0
2026-03-11 05:15:00,D04,S04,南向,城市主干路,3,24,64.23,13.92,5.61,0,0,0,0,0,0,0
2026-03-11 05:30:00,D04,S04,南向,城市主干路,3,19,56.15,7.52,6.41,0,0,0,0,0,0,0
2026-03-11 05:45:00,D04,S04,南向,城市主干路,3,26,57.8,13.67,6.23,0,0,0,0,0,0,0
2026-03-11 06:00:00,D04,S04,南向,城市主干路,3,30,56.58,17.26,6.36,0,0,0,0,0,0,0
2026-03-11 06:15:00,D04,S04,南向,城市主干路,3,33,57.55,12.9,6.26,0,0,0,0,0,0,0
2026-03-11 06:30:00,D04,S04,南向,城市主干路,3,39,58.25,19.14,6.18,0,0,0,0,0,0,0
2026-03-11 06:45:00,D04,S04,南向,城市主干路,3,29,63.98,11.14,5.63,0,0,0,0,0,0,0
2026-03-11 07:00:00,D04,S04,南向,城市主干路,3,33,57.45,18.18,6.27,0,0,0,1,0,0,0
2026-03-11 07:15:00,D04,S04,南向,城市主干路,3,50,55.29,21.19,6.51,0,0,0,1,0,0,0
2026-03-11 07:30:00,D04,S04,南向,城市主干路,3,48,57.35,19.64,6.28,0,0,0,1,0,0,0
2026-03-11 07:45:00,D04,S04,南向,城市主干路,3,56,55.86,23.65,6.44,0,0,0,1,0,0,0
2026-03-11 08:00:00,D04,S04,南向,城市主干路,3,60,55.15,23.98,6.53,0,0,0,1,0,0,0
2026-03-11 08:15:00,D04,S04,南向,城市主干路,3,63,46.21,26.03,7.79,0,0,0,1,0,1,1
2026-03-11 08:30:00,D04,S04,南向,城市主干路,3,63,52.55,22.99,6.85,0,0,0,1,0,0,0
2026-03-11 08:45:00,D04,S04,南向,城市主干路,3,65,52.09,25.15,6.91,0,0,0,1,0,0,0
2026-03-11 09:00:00,D04,S04,南向,城市主干路,3,55,58.55,20.63,6.15,0,0,0,1,0,0,0
2026-03-11 09:15:00,D04,S04,南向,城市主干路,3,66,46.83,23.17,7.69,0,0,0,1,0,1,1
2026-03-11 09:30:00,D04,S04,南向,城市主干路,3,45,50.04,19.71,7.19,0,0,0,0,0,1,0
2026-03-11 09:45:00,D04,S04,南向,城市主干路,3,49,59.7,20.78,6.03,0,0,0,0,0,0,0
2026-03-11 10:00:00,D04,S04,南向,城市主干路,3,36,51.94,16.89,6.93,0,0,0,0,0,1,0
2026-03-11 10:15:00,D04,S04,南向,城市主干路,3,42,64.91,18.67,5.55,0,0,0,0,0,0,0
2026-03-11 10:30:00,D04,S04,南向,城市主干路,3,32,54.62,15.76,6.59,0,0,0,0,0,0,0
2026-03-11 10:45:00,D04,S04,南向,城市主干路,3,20,58.07,13.8,6.2,0,0,0,0,0,0,0
2026-03-11 11:00:00,D04,S04,南向,城市主干路,3,22,59.58,15.1,6.04,0,0,0,0,0,0,0
2026-03-11 11:15:00,D04,S04,南向,城市主干路,3,20,61.97,12.95,5.81,0,0,0,0,0,0,0
2026-03-11 11:30:00,D04,S04,南向,城市主干路,3,15,61.87,13.41,5.82,0,0,0,0,0,0,0
2026-03-11 11:45:00,D04,S04,南向,城市主干路,3,22,66.46,13.82,5.42,0,0,0,0,0,0,0
2026-03-11 12:00:00,D04,S04,南向,城市主干路,3,28,59.18,17.34,6.08,0,0,0,0,0,0,0
2026-03-11 12:15:00,D04,S04,南向,城市主干路,3,14,67.86,10.99,5.3,0,0,0,0,0,0,0
2026-03-11 12:30:00,D04,S04,南向,城市主干路,3,28,68.21,13.35,5.28,0,0,0,0,0,0,0
2026-03-11 12:45:00,D04,S04,南向,城市主干路,3,21,65.44,14.12,5.5,0,0,0,0,0,0,0
2026-03-11 13:00:00,D04,S04,南向,城市主干路,3,16,56.43,7.19,6.38,0,0,0,0,0,0,0
2026-03-11 13:15:00,D04,S04,南向,城市主干路,3,18,56.37,11.6,6.39,0,0,0,0,0,0,0
2026-03-11 13:30:00,D04,S04,南向,城市主干路,3,20,62.69,15.79,5.74,0,0,0,0,0,0,0
2026-03-11 13:45:00,D04,S04,南向,城市主干路,3,19,65.18,11.94,5.52,0,0,0,0,0,0,0
2026-03-11 14:00:00,D04,S04,南向,城市主干路,3,30,54.04,12.92,6.66,0,0,0,0,0,0,0
2026-03-11 14:15:00,D04,S04,南向,城市主干路,3,22,57.59,10.59,6.25,0,0,0,0,0,0,0
2026-03-11 14:30:00,D04,S04,南向,城市主干路,3,21,59.54,14.17,6.05,0,0,0,0,0,0,0
2026-03-11 14:45:00,D04,S04,南向,城市主干路,3,28,63.41,13.7,5.68,0,0,0,0,0,0,0
2026-03-11 15:00:00,D04,S04,南向,城市主干路,3,19,66.26,9.19,5.43,0,0,0,0,0,0,0
2026-03-11 15:15:00,D04,S04,南向,城市主干路,3,34,60.57,17.69,5.94,0,0,0,0,0,0,0
2026-03-11 15:30:00,D04,S04,南向,城市主干路,3,29,63.03,14.19,5.71,0,0,0,0,0,0,0
2026-03-11 15:45:00,D04,S04,南向,城市主干路,3,44,64.92,18.44,5.54,0,0,0,0,0,0,0
2026-03-11 16:00:00,D04,S04,南向,城市主干路,3,55,48.11,15.94,7.48,0,0,0,0,0,1,0
2026-03-11 16:15:00,D04,S04,南向,城市主干路,3,56,57.16,20.48,6.3,0,0,0,0,0,0,0
2026-03-11 16:30:00,D04,S04,南向,城市主干路,3,62,62.38,25.4,5.77,0,0,0,1,0,0,0
2026-03-11 16:45:00,D04,S04,南向,城市主干路,3,65,55.15,24.86,6.53,0,0,0,1,0,0,0
2026-03-11 17:00:00,D04,S04,南向,城市主干路,3,60,62.92,22.84,5.72,0,0,0,1,0,0,0
2026-03-11 17:15:00,D04,S04,南向,城市主干路,3,67,52.07,26.95,6.91,0,0,0,1,0,0,0
2026-03-11 17:30:00,D04,S04,南向,城市主干路,3,67,47.31,26.34,7.61,0,0,0,1,0,1,1
2026-03-11 17:45:00,D04,S04,南向,城市主干路,3,59,51.2,22.26,7.03,0,0,0,1,0,1,0
2026-03-11 18:00:00,D04,S04,南向,城市主干路,3,67,45.51,23.13,7.91,0,1,0,1,0,1,1
2026-03-11 18:15:00,D04,S04,南向,城市主干路,3,68,38.85,31.0,9.27,0,1,0,1,0,1,1
2026-03-11 18:30:00,D04,S04,南向,城市主干路,3,58,43.99,22.33,8.18,0,1,0,1,0,1,1
2026-03-11 18:45:00,D04,S04,南向,城市主干路,3,45,50.99,15.54,7.06,0,1,0,1,0,1,0
2026-03-11 19:00:00,D04,S04,南向,城市主干路,3,48,49.51,20.36,7.27,0,1,0,1,0,1,0
2026-03-11 19:15:00,D04,S04,南向,城市主干路,3,38,51.21,17.82,7.03,0,1,0,1,0,1,0
2026-03-11 19:30:00,D04,S04,南向,城市主干路,3,29,50.12,12.93,7.18,0,1,0,0,0,1,0
2026-03-11 19:45:00,D04,S04,南向,城市主干路,3,29,51.01,13.42,7.06,0,1,0,0,0,1,0
2026-03-11 20:00:00,D04,S04,南向,城市主干路,3,20,49.72,11.66,7.24,0,1,0,0,0,1,0
2026-03-11 20:15:00,D04,S04,南向,城市主干路,3,21,66.64,11.09,5.4,0,0,0,0,0,0,0
2026-03-11 20:30:00,D04,S04,南向,城市主干路,3,22,69.71,9.17,5.16,0,0,0,0,0,0,0
2026-03-11 20:45:00,D04,S04,南向,城市主干路,3,26,58.96,12.9,6.11,0,0,0,0,0,0,0
2026-03-11 21:00:00,D04,S04,南向,城市主干路,3,27,59.36,12.49,6.06,0,0,0,0,0,0,0
2026-03-11 21:15:00,D04,S04,南向,城市主干路,3,17,61.38,6.46,5.87,0,0,0,0,0,0,0
2026-03-11 21:30:00,D04,S04,南向,城市主干路,3,24,59.61,14.96,6.04,0,0,0,0,0,0,0
2026-03-11 21:45:00,D04,S04,南向,城市主干路,3,23,68.31,14.69,5.27,0,0,0,0,0,0,0
2026-03-11 22:00:00,D04,S04,南向,城市主干路,3,24,60.75,13.49,5.93,0,0,0,0,0,0,0
2026-03-11 22:15:00,D04,S04,南向,城市主干路,3,20,73.0,14.43,4.93,0,0,0,0,0,0,0
2026-03-11 22:30:00,D04,S04,南向,城市主干路,3,23,65.26,14.69,5.52,0,0,0,0,0,0,0
2026-03-11 22:45:00,D04,S04,南向,城市主干路,3,24,64.43,15.2,5.59,0,0,0,0,0,0,0
2026-03-11 23:00:00,D04,S04,南向,城市主干路,3,13,65.9,11.66,5.46,0,0,0,0,0,0,0
2026-03-11 23:15:00,D04,S04,南向,城市主干路,3,23,61.36,15.31,5.87,0,0,0,0,0,0,0
2026-03-11 23:30:00,D04,S04,南向,城市主干路,3,29,61.31,12.72,5.87,0,0,0,0,0,0,0
2026-03-11 23:45:00,D04,S04,南向,城市主干路,3,28,64.98,10.15,5.54,0,0,0,0,0,0,0
2026-03-12 00:00:00,D04,S04,南向,城市主干路,3,24,63.66,9.39,5.65,0,0,0,0,0,0,0
2026-03-12 00:15:00,D04,S04,南向,城市主干路,3,18,60.87,10.01,5.91,0,0,0,0,0,0,0
2026-03-12 00:30:00,D04,S04,南向,城市主干路,3,21,60.9,11.2,5.91,0,0,0,0,0,0,0
2026-03-12 00:45:00,D04,S04,南向,城市主干路,3,28,47.72,16.67,7.54,0,0,0,0,0,1,1
2026-03-12 01:00:00,D04,S04,南向,城市主干路,3,32,66.34,14.8,5.43,0,0,0,0,0,0,0
2026-03-12 01:15:00,D04,S04,南向,城市主干路,3,26,56.53,16.44,6.37,0,0,0,0,0,0,0
2026-03-12 01:30:00,D04,S04,南向,城市主干路,3,21,60.69,11.05,5.93,0,0,0,0,0,0,0
2026-03-12 01:45:00,D04,S04,南向,城市主干路,3,25,66.47,14.43,5.42,0,0,0,0,0,0,0
2026-03-12 02:00:00,D04,S04,南向,城市主干路,3,23,65.15,8.36,5.53,0,0,0,0,0,0,0
2026-03-12 02:15:00,D04,S04,南向,城市主干路,3,20,64.1,11.35,5.62,0,0,0,0,0,0,0
2026-03-12 02:30:00,D04,S04,南向,城市主干路,3,24,54.54,14.24,6.6,0,0,0,0,0,0,0
2026-03-12 02:45:00,D04,S04,南向,城市主干路,3,18,64.28,11.97,5.6,0,0,0,0,0,0,0
2026-03-12 03:00:00,D04,S04,南向,城市主干路,3,21,72.36,11.32,4.98,0,0,0,0,0,0,0
2026-03-12 03:15:00,D04,S04,南向,城市主干路,3,23,64.47,13.13,5.58,0,0,0,0,0,0,0
2026-03-12 03:30:00,D04,S04,南向,城市主干路,3,21,71.57,13.3,5.03,0,0,0,0,0,0,0
2026-03-12 03:45:00,D04,S04,南向,城市主干路,3,24,60.97,16.33,5.9,0,0,0,0,0,0,0
2026-03-12 04:00:00,D04,S04,南向,城市主干路,3,16,57.83,9.68,6.23,0,0,0,0,0,0,0
2026-03-12 04:15:00,D04,S04,南向,城市主干路,3,13,62.52,6.54,5.76,0,0,0,0,0,0,0
2026-03-12 04:30:00,D04,S04,南向,城市主干路,3,22,62.49,11.49,5.76,0,0,0,0,0,0,0
2026-03-12 04:45:00,D04,S04,南向,城市主干路,3,19,62.4,16.03,5.77,0,0,0,0,0,0,0
2026-03-12 05:00:00,D04,S04,南向,城市主干路,3,9,66.59,8.16,5.41,0,0,0,0,0,0,0
2026-03-12 05:15:00,D04,S04,南向,城市主干路,3,28,54.14,9.58,6.65,0,0,0,0,0,0,0
2026-03-12 05:30:00,D04,S04,南向,城市主干路,3,22,59.64,12.2,6.04,0,0,0,0,0,0,0
2026-03-12 05:45:00,D04,S04,南向,城市主干路,3,24,62.07,12.59,5.8,0,0,0,0,0,0,0
2026-03-12 06:00:00,D04,S04,南向,城市主干路,3,20,59.44,12.29,6.06,0,0,0,0,0,0,0
2026-03-12 06:15:00,D04,S04,南向,城市主干路,3,40,56.22,19.8,6.4,0,0,0,0,0,0,0
2026-03-12 06:30:00,D04,S04,南向,城市主干路,3,22,61.04,8.67,5.9,0,0,0,0,0,0,0
2026-03-12 06:45:00,D04,S04,南向,城市主干路,3,41,55.03,17.82,6.54,0,0,0,0,0,0,0
2026-03-12 07:00:00,D04,S04,南向,城市主干路,3,48,57.03,22.6,6.31,0,0,0,1,0,0,0
2026-03-12 07:15:00,D04,S04,南向,城市主干路,3,37,63.36,19.46,5.68,0,0,0,1,0,0,0
2026-03-12 07:30:00,D04,S04,南向,城市主干路,3,52,53.4,21.6,6.74,0,0,0,1,0,0,0
2026-03-12 07:45:00,D04,S04,南向,城市主干路,3,65,45.58,24.93,7.9,0,0,0,1,0,1,1
2026-03-12 08:00:00,D04,S04,南向,城市主干路,3,64,55.24,23.81,6.52,0,0,0,1,0,0,0
2026-03-12 08:15:00,D04,S04,南向,城市主干路,3,57,56.39,26.37,6.38,0,0,0,1,0,0,0
2026-03-12 08:30:00,D04,S04,南向,城市主干路,3,58,52.56,19.59,6.85,0,0,0,1,0,0,0
2026-03-12 08:45:00,D04,S04,南向,城市主干路,3,60,58.13,25.61,6.19,0,0,0,1,0,0,0
2026-03-12 09:00:00,D04,S04,南向,城市主干路,3,61,49.21,23.21,7.31,0,0,0,1,0,1,0
2026-03-12 09:15:00,D04,S04,南向,城市主干路,3,53,55.13,16.99,6.53,0,0,0,1,0,0,0
2026-03-12 09:30:00,D04,S04,南向,城市主干路,3,46,62.22,20.1,5.79,0,0,0,0,0,0,0
2026-03-12 09:45:00,D04,S04,南向,城市主干路,3,44,53.85,18.66,6.69,0,0,0,0,0,0,0
2026-03-12 10:00:00,D04,S04,南向,城市主干路,3,38,53.42,13.71,6.74,0,0,0,0,0,0,0
2026-03-12 10:15:00,D04,S04,南向,城市主干路,3,37,53.66,18.98,6.71,0,0,0,0,0,0,0
2026-03-12 10:30:00,D04,S04,南向,城市主干路,3,36,52.35,15.12,6.88,0,0,0,0,0,0,0
2026-03-12 10:45:00,D04,S04,南向,城市主干路,3,25,52.15,11.93,6.9,0,0,0,0,0,0,0
2026-03-12 11:00:00,D04,S04,南向,城市主干路,3,26,64.44,11.11,5.59,0,0,0,0,0,0,0
2026-03-12 11:15:00,D04,S04,南向,城市主干路,3,25,65.14,14.0,5.53,0,0,0,0,0,0,0
2026-03-12 11:30:00,D04,S04,南向,城市主干路,3,22,63.79,12.61,5.64,0,0,0,0,0,0,0
2026-03-12 11:45:00,D04,S04,南向,城市主干路,3,40,61.77,17.23,5.83,0,0,0,0,0,0,0
2026-03-12 12:00:00,D04,S04,南向,城市主干路,3,28,65.69,15.04,5.48,0,0,0,0,0,0,0
2026-03-12 12:15:00,D04,S04,南向,城市主干路,3,29,61.99,11.61,5.81,0,0,0,0,0,0,0
2026-03-12 12:30:00,D04,S04,南向,城市主干路,3,33,54.7,15.39,6.58,0,0,0,0,0,0,0
2026-03-12 12:45:00,D04,S04,南向,城市主干路,3,26,55.01,14.3,6.54,0,0,0,0,0,0,0
2026-03-12 13:00:00,D04,S04,南向,城市主干路,3,27,60.43,12.88,5.96,0,0,0,0,0,0,0
2026-03-12 13:15:00,D04,S04,南向,城市主干路,3,15,62.14,7.04,5.79,0,0,0,0,0,0,0
2026-03-12 13:30:00,D04,S04,南向,城市主干路,3,18,61.74,9.3,5.83,0,0,0,0,0,0,0
2026-03-12 13:45:00,D04,S04,南向,城市主干路,3,23,61.65,11.88,5.84,0,0,0,0,0,0,0
2026-03-12 14:00:00,D04,S04,南向,城市主干路,3,22,70.15,12.89,5.13,0,0,0,0,0,0,0
2026-03-12 14:15:00,D04,S04,南向,城市主干路,3,20,67.44,14.81,5.34,0,0,0,0,0,0,0
2026-03-12 14:30:00,D04,S04,南向,城市主干路,3,30,58.63,17.23,6.14,0,0,0,0,0,0,0
2026-03-12 14:45:00,D04,S04,南向,城市主干路,3,27,62.52,14.33,5.76,0,0,0,0,0,0,0
2026-03-12 15:00:00,D04,S04,南向,城市主干路,3,33,56.96,14.02,6.32,0,0,0,0,0,0,0
2026-03-12 15:15:00,D04,S04,南向,城市主干路,3,38,64.09,19.26,5.62,0,0,0,0,0,0,0
2026-03-12 15:30:00,D04,S04,南向,城市主干路,3,45,56.64,17.69,6.36,0,0,0,0,0,0,0
2026-03-12 15:45:00,D04,S04,南向,城市主干路,3,39,58.63,19.66,6.14,0,0,0,0,0,0,0
2026-03-12 16:00:00,D04,S04,南向,城市主干路,3,51,63.67,17.95,5.65,0,0,0,0,0,0,0
2026-03-12 16:15:00,D04,S04,南向,城市主干路,3,54,54.05,27.55,6.66,0,0,0,0,0,0,0
2026-03-12 16:30:00,D04,S04,南向,城市主干路,3,58,57.02,21.56,6.31,0,0,0,1,0,0,0
2026-03-12 16:45:00,D04,S04,南向,城市主干路,3,55,59.66,18.74,6.03,0,0,0,1,0,0,0
2026-03-12 17:00:00,D04,S04,南向,城市主干路,3,78,55.75,25.39,6.46,0,0,0,1,0,0,0
2026-03-12 17:15:00,D04,S04,南向,城市主干路,3,77,40.24,30.41,8.95,0,0,0,1,0,1,1
2026-03-12 17:30:00,D04,S04,南向,城市主干路,3,79,59.59,26.34,6.04,0,0,0,1,0,0,0
2026-03-12 17:45:00,D04,S04,南向,城市主干路,3,57,62.4,23.48,5.77,0,0,0,1,0,0,0
2026-03-12 18:00:00,D04,S04,南向,城市主干路,3,64,48.0,24.81,7.5,0,0,0,1,0,1,0
2026-03-12 18:15:00,D04,S04,南向,城市主干路,3,55,65.94,22.65,5.46,0,0,0,1,0,0,0
2026-03-12 18:30:00,D04,S04,南向,城市主干路,3,55,57.68,21.61,6.24,0,0,0,1,0,0,0
2026-03-12 18:45:00,D04,S04,南向,城市主干路,3,48,57.93,17.45,6.21,0,0,0,1,0,0,0
2026-03-12 19:00:00,D04,S04,南向,城市主干路,3,49,59.44,22.76,6.06,0,0,0,1,0,0,0
2026-03-12 19:15:00,D04,S04,南向,城市主干路,3,48,57.67,18.52,6.24,0,0,0,1,0,0,0
2026-03-12 19:30:00,D04,S04,南向,城市主干路,3,28,60.34,12.2,5.97,0,0,0,0,0,0,0
2026-03-12 19:45:00,D04,S04,南向,城市主干路,3,28,56.43,10.81,6.38,0,0,0,0,0,0,0
2026-03-12 20:00:00,D04,S04,南向,城市主干路,3,23,54.7,11.19,6.58,0,0,0,0,0,0,0
2026-03-12 20:15:00,D04,S04,南向,城市主干路,3,25,55.06,15.15,6.54,0,0,0,0,0,0,0
2026-03-12 20:30:00,D04,S04,南向,城市主干路,3,25,58.36,10.16,6.17,0,0,0,0,0,0,0
2026-03-12 20:45:00,D04,S04,南向,城市主干路,3,15,67.42,10.11,5.34,0,0,0,0,0,0,0
2026-03-12 21:00:00,D04,S04,南向,城市主干路,3,35,57.6,14.22,6.25,0,0,0,0,0,0,0
2026-03-12 21:15:00,D04,S04,南向,城市主干路,3,27,56.51,16.73,6.37,0,0,0,0,0,0,0
2026-03-12 21:30:00,D04,S04,南向,城市主干路,3,11,65.68,7.21,5.48,0,0,0,0,0,0,0
2026-03-12 21:45:00,D04,S04,南向,城市主干路,3,25,69.53,13.01,5.18,0,0,0,0,0,0,0
2026-03-12 22:00:00,D04,S04,南向,城市主干路,3,28,65.01,15.88,5.54,0,0,0,0,0,0,0
2026-03-12 22:15:00,D04,S04,南向,城市主干路,3,21,58.82,12.27,6.12,0,0,0,0,0,0,0
2026-03-12 22:30:00,D04,S04,南向,城市主干路,3,21,70.08,14.51,5.14,0,0,0,0,0,0,0
2026-03-12 22:45:00,D04,S04,南向,城市主干路,3,19,56.76,10.15,6.34,0,0,0,0,0,0,0
2026-03-12 23:00:00,D04,S04,南向,城市主干路,3,29,61.59,12.9,5.84,0,0,0,0,0,0,0
2026-03-12 23:15:00,D04,S04,南向,城市主干路,3,14,63.94,9.9,5.63,0,0,0,0,0,0,0
2026-03-12 23:30:00,D04,S04,南向,城市主干路,3,19,66.89,12.29,5.38,0,0,0,0,0,0,0
2026-03-12 23:45:00,D04,S04,南向,城市主干路,3,24,61.92,14.04,5.81,0,0,0,0,0,0,0
2026-03-13 00:00:00,D04,S04,南向,城市主干路,3,31,66.24,13.94,5.43,0,0,0,0,0,0,0
2026-03-13 00:15:00,D04,S04,南向,城市主干路,3,36,66.15,17.2,5.44,0,0,0,0,0,0,0
2026-03-13 00:30:00,D04,S04,南向,城市主干路,3,29,58.12,15.12,6.19,0,0,0,0,0,0,0
2026-03-13 00:45:00,D04,S04,南向,城市主干路,3,26,59.66,10.78,6.03,0,0,0,0,0,0,0
2026-03-13 01:00:00,D04,S04,南向,城市主干路,3,13,61.49,12.14,5.85,0,0,0,0,0,0,0
2026-03-13 01:15:00,D04,S04,南向,城市主干路,3,25,65.91,10.13,5.46,0,0,0,0,0,0,0
2026-03-13 01:30:00,D04,S04,南向,城市主干路,3,23,61.08,13.98,5.89,0,0,0,0,0,0,0
2026-03-13 01:45:00,D04,S04,南向,城市主干路,3,16,63.36,9.64,5.68,0,0,0,0,0,0,0
2026-03-13 02:00:00,D04,S04,南向,城市主干路,3,27,59.66,12.15,6.03,0,0,0,0,0,0,0
2026-03-13 02:15:00,D04,S04,南向,城市主干路,3,18,62.95,8.73,5.72,0,0,0,0,0,0,0
2026-03-13 02:30:00,D04,S04,南向,城市主干路,3,26,66.33,14.1,5.43,0,0,0,0,0,0,0
2026-03-13 02:45:00,D04,S04,南向,城市主干路,3,21,61.18,10.61,5.88,0,0,0,0,0,0,0
2026-03-13 03:00:00,D04,S04,南向,城市主干路,3,23,62.01,15.28,5.81,0,0,0,0,0,0,0
2026-03-13 03:15:00,D04,S04,南向,城市主干路,3,23,67.24,13.67,5.35,0,0,0,0,0,0,0
2026-03-13 03:30:00,D04,S04,南向,城市主干路,3,14,62.89,9.13,5.72,0,0,0,0,0,0,0
2026-03-13 03:45:00,D04,S04,南向,城市主干路,3,12,63.04,9.18,5.71,0,0,0,0,0,0,0
2026-03-13 04:00:00,D04,S04,南向,城市主干路,3,24,59.34,8.85,6.07,0,0,0,0,0,0,0
2026-03-13 04:15:00,D04,S04,南向,城市主干路,3,20,64.06,12.41,5.62,0,0,0,0,0,0,0
2026-03-13 04:30:00,D04,S04,南向,城市主干路,3,23,58.31,12.81,6.17,0,0,0,0,0,0,0
2026-03-13 04:45:00,D04,S04,南向,城市主干路,3,25,60.05,15.06,5.99,0,0,0,0,0,0,0
2026-03-13 05:00:00,D04,S04,南向,城市主干路,3,23,64.51,11.04,5.58,0,0,0,0,0,0,0
2026-03-13 05:15:00,D04,S04,南向,城市主干路,3,27,50.99,14.04,7.06,0,0,0,0,0,1,0
2026-03-13 05:30:00,D04,S04,南向,城市主干路,3,13,70.75,11.57,5.09,0,0,0,0,0,0,0
2026-03-13 05:45:00,D04,S04,南向,城市主干路,3,22,59.82,11.12,6.02,0,0,0,0,0,0,0
2026-03-13 06:00:00,D04,S04,南向,城市主干路,3,38,50.38,19.29,7.15,1,0,0,0,0,1,0
2026-03-13 06:15:00,D04,S04,南向,城市主干路,3,21,61.45,9.65,5.86,1,0,0,0,0,0,0
2026-03-13 06:30:00,D04,S04,南向,城市主干路,3,28,61.48,17.26,5.86,1,0,0,0,0,0,0
2026-03-13 06:45:00,D04,S04,南向,城市主干路,3,26,51.88,14.22,6.94,1,0,0,0,0,1,0
2026-03-13 07:00:00,D04,S04,南向,城市主干路,3,35,49.78,17.3,7.23,1,0,0,1,0,1,0
2026-03-13 07:15:00,D04,S04,南向,城市主干路,3,54,52.22,23.05,6.89,1,0,0,1,0,0,0
2026-03-13 07:30:00,D04,S04,南向,城市主干路,3,48,51.77,18.48,6.95,1,0,0,1,0,1,0
2026-03-13 07:45:00,D04,S04,南向,城市主干路,3,63,52.91,24.82,6.8,1,0,0,1,0,0,0
2026-03-13 08:00:00,D04,S04,南向,城市主干路,3,60,54.73,27.87,6.58,1,0,0,1,0,0,0
2026-03-13 08:15:00,D04,S04,南向,城市主干路,3,73,44.83,28.7,8.03,1,0,0,1,0,1,1
2026-03-13 08:30:00,D04,S04,南向,城市主干路,3,60,46.85,22.74,7.68,1,0,0,1,0,1,1
2026-03-13 08:45:00,D04,S04,南向,城市主干路,3,61,52.32,25.53,6.88,1,0,0,1,0,0,0
2026-03-13 09:00:00,D04,S04,南向,城市主干路,3,61,48.3,23.8,7.45,1,0,0,1,0,1,0
2026-03-13 09:15:00,D04,S04,南向,城市主干路,3,56,48.21,21.32,7.47,1,0,0,1,0,1,0
2026-03-13 09:30:00,D04,S04,南向,城市主干路,3,42,47.77,16.29,7.54,1,0,0,0,0,1,1
2026-03-13 09:45:00,D04,S04,南向,城市主干路,3,48,48.93,20.38,7.36,1,0,0,0,0,1,0
2026-03-13 10:00:00,D04,S04,南向,城市主干路,3,37,48.78,16.8,7.38,1,0,0,0,0,1,0
2026-03-13 10:15:00,D04,S04,南向,城市主干路,3,22,50.69,13.7,7.1,1,0,0,0,0,1,0
2026-03-13 10:30:00,D04,S04,南向,城市主干路,3,29,58.2,16.86,6.19,1,0,0,0,0,0,0
2026-03-13 10:45:00,D04,S04,南向,城市主干路,3,26,47.67,11.08,7.55,1,0,0,0,0,1,1
2026-03-13 11:00:00,D04,S04,南向,城市主干路,3,24,47.85,14.87,7.52,1,0,0,0,0,1,1
2026-03-13 11:15:00,D04,S04,南向,城市主干路,3,21,51.03,9.4,7.06,1,0,0,0,0,1,0
2026-03-13 11:30:00,D04,S04,南向,城市主干路,3,16,57.35,11.74,6.28,1,0,0,0,0,0,0
2026-03-13 11:45:00,D04,S04,南向,城市主干路,3,21,60.16,9.95,5.98,1,0,0,0,0,0,0
2026-03-13 12:00:00,D04,S04,南向,城市主干路,3,26,54.54,13.48,6.6,1,0,0,0,0,0,0
2026-03-13 12:15:00,D04,S04,南向,城市主干路,3,31,62.64,14.68,5.75,0,0,0,0,0,0,0
2026-03-13 12:30:00,D04,S04,南向,城市主干路,3,17,60.71,10.11,5.93,0,0,0,0,0,0,0
2026-03-13 12:45:00,D04,S04,南向,城市主干路,3,17,69.11,12.44,5.21,0,0,0,0,0,0,0
2026-03-13 13:00:00,D04,S04,南向,城市主干路,3,24,55.82,13.97,6.45,0,0,0,0,0,0,0
2026-03-13 13:15:00,D04,S04,南向,城市主干路,3,21,58.7,12.12,6.13,0,0,0,0,0,0,0
2026-03-13 13:30:00,D04,S04,南向,城市主干路,3,26,60.07,15.09,5.99,0,0,0,0,0,0,0
2026-03-13 13:45:00,D04,S04,南向,城市主干路,3,25,58.66,11.79,6.14,0,0,0,0,0,0,0
2026-03-13 14:00:00,D04,S04,南向,城市主干路,3,17,66.5,11.08,5.41,0,0,0,0,0,0,0
2026-03-13 14:15:00,D04,S04,南向,城市主干路,3,27,53.49,11.59,6.73,0,0,0,0,0,0,0
2026-03-13 14:30:00,D04,S04,南向,城市主干路,3,26,65.16,13.14,5.52,0,0,0,0,0,0,0
2026-03-13 14:45:00,D04,S04,南向,城市主干路,3,21,63.95,14.02,5.63,0,0,0,0,0,0,0
2026-03-13 15:00:00,D04,S04,南向,城市主干路,3,22,68.35,10.19,5.27,0,0,0,0,0,0,0
2026-03-13 15:15:00,D04,S04,南向,城市主干路,3,36,62.26,17.62,5.78,0,0,0,0,0,0,0
2026-03-13 15:30:00,D04,S04,南向,城市主干路,3,27,64.92,11.05,5.55,0,0,0,0,0,0,0
2026-03-13 15:45:00,D04,S04,南向,城市主干路,3,35,59.34,11.64,6.07,0,0,0,0,0,0,0
2026-03-13 16:00:00,D04,S04,南向,城市主干路,3,47,46.08,16.88,7.81,1,0,0,0,0,1,1
2026-03-13 16:15:00,D04,S04,南向,城市主干路,3,56,47.44,23.31,7.59,1,0,0,0,0,1,1
2026-03-13 16:30:00,D04,S04,南向,城市主干路,3,61,46.75,23.69,7.7,1,0,0,1,0,1,1
2026-03-13 16:45:00,D04,S04,南向,城市主干路,3,62,49.1,27.68,7.33,1,0,0,1,0,1,0
2026-03-13 17:00:00,D04,S04,南向,城市主干路,3,71,46.2,24.87,7.79,1,0,0,1,1,1,1
2026-03-13 17:15:00,D04,S04,南向,城市主干路,3,62,46.92,28.56,7.67,1,0,0,1,0,1,1
2026-03-13 17:30:00,D04,S04,南向,城市主干路,3,65,46.6,22.24,7.73,1,0,0,1,0,1,1
2026-03-13 17:45:00,D04,S04,南向,城市主干路,3,68,45.46,23.62,7.92,1,0,0,1,0,1,1
2026-03-13 18:00:00,D04,S04,南向,城市主干路,3,67,49.93,26.26,7.21,1,0,0,1,0,1,0
2026-03-13 18:15:00,D04,S04,南向,城市主干路,3,54,46.72,19.71,7.71,1,0,0,1,0,1,1
2026-03-13 18:30:00,D04,S04,南向,城市主干路,3,54,49.14,23.75,7.33,1,0,0,1,0,1,0
2026-03-13 18:45:00,D04,S04,南向,城市主干路,3,41,55.08,18.68,6.54,1,0,0,1,0,0,0
2026-03-13 19:00:00,D04,S04,南向,城市主干路,3,39,54.86,18.47,6.56,1,0,0,1,0,0,0
2026-03-13 19:15:00,D04,S04,南向,城市主干路,3,50,48.26,21.8,7.46,1,0,0,1,0,1,0
2026-03-13 19:30:00,D04,S04,南向,城市主干路,3,32,50.73,18.95,7.1,1,0,0,0,0,1,0
2026-03-13 19:45:00,D04,S04,南向,城市主干路,3,28,54.83,15.26,6.57,1,0,0,0,0,0,0
2026-03-13 20:00:00,D04,S04,南向,城市主干路,3,24,50.42,13.86,7.14,1,0,0,0,0,1,0
2026-03-13 20:15:00,D04,S04,南向,城市主干路,3,17,61.21,10.01,5.88,1,0,0,0,0,0,0
2026-03-13 20:30:00,D04,S04,南向,城市主干路,3,29,53.11,15.99,6.78,1,0,0,0,0,0,0
2026-03-13 20:45:00,D04,S04,南向,城市主干路,3,37,48.13,18.04,7.48,1,0,0,0,0,1,0
2026-03-13 21:00:00,D04,S04,南向,城市主干路,3,13,48.83,13.02,7.37,1,0,0,0,0,1,0
2026-03-13 21:15:00,D04,S04,南向,城市主干路,3,32,59.26,14.47,6.07,0,0,0,0,0,0,0
2026-03-13 21:30:00,D04,S04,南向,城市主干路,3,14,59.79,8.37,6.02,0,0,0,0,0,0,0
2026-03-13 21:45:00,D04,S04,南向,城市主干路,3,21,60.75,13.76,5.93,0,0,0,0,0,0,0
2026-03-13 22:00:00,D04,S04,南向,城市主干路,3,21,56.45,13.13,6.38,0,0,0,0,0,0,0
2026-03-13 22:15:00,D04,S04,南向,城市主干路,3,27,59.41,10.51,6.06,0,0,0,0,0,0,0
2026-03-13 22:30:00,D04,S04,南向,城市主干路,3,18,65.38,13.54,5.51,0,0,0,0,0,0,0
2026-03-13 22:45:00,D04,S04,南向,城市主干路,3,43,62.23,13.7,5.79,0,0,0,0,0,0,0
2026-03-13 23:00:00,D04,S04,南向,城市主干路,3,20,58.87,11.94,6.11,0,0,0,0,0,0,0
2026-03-13 23:15:00,D04,S04,南向,城市主干路,3,26,63.62,13.47,5.66,0,0,0,0,0,0,0
2026-03-13 23:30:00,D04,S04,南向,城市主干路,3,20,62.56,12.47,5.75,0,0,0,0,0,0,0
2026-03-13 23:45:00,D04,S04,南向,城市主干路,3,24,58.44,15.8,6.16,0,0,0,0,0,0,0
2026-03-14 00:00:00,D04,S04,南向,城市主干路,3,13,68.89,9.34,5.23,0,0,1,0,0,0,0
2026-03-14 00:15:00,D04,S04,南向,城市主干路,3,21,62.56,15.75,5.75,0,0,1,0,0,0,0
2026-03-14 00:30:00,D04,S04,南向,城市主干路,3,25,67.16,12.81,5.36,0,0,1,0,0,0,0
2026-03-14 00:45:00,D04,S04,南向,城市主干路,3,29,60.63,15.46,5.94,0,0,1,0,0,0,0
2026-03-14 01:00:00,D04,S04,南向,城市主干路,3,27,58.03,15.6,6.2,0,0,1,0,0,0,0
2026-03-14 01:15:00,D04,S04,南向,城市主干路,3,12,73.0,13.48,4.93,0,0,1,0,0,0,0
2026-03-14 01:30:00,D04,S04,南向,城市主干路,3,23,62.73,9.97,5.74,0,0,1,0,0,0,0
2026-03-14 01:45:00,D04,S04,南向,城市主干路,3,12,56.65,10.27,6.35,0,0,1,0,0,0,0
2026-03-14 02:00:00,D04,S04,南向,城市主干路,3,21,62.67,10.74,5.74,0,0,1,0,0,0,0
2026-03-14 02:15:00,D04,S04,南向,城市主干路,3,25,69.03,13.91,5.22,0,0,1,0,0,0,0
2026-03-14 02:30:00,D04,S04,南向,城市主干路,3,16,61.36,12.58,5.87,0,0,1,0,0,0,0
2026-03-14 02:45:00,D04,S04,南向,城市主干路,3,20,58.17,11.73,6.19,0,0,1,0,0,0,0
2026-03-14 03:00:00,D04,S04,南向,城市主干路,3,16,59.94,11.88,6.01,0,0,1,0,0,0,0
2026-03-14 03:15:00,D04,S04,南向,城市主干路,3,28,53.64,15.66,6.71,0,0,1,0,0,0,0
2026-03-14 03:30:00,D04,S04,南向,城市主干路,3,20,68.21,14.43,5.28,0,0,1,0,0,0,0
2026-03-14 03:45:00,D04,S04,南向,城市主干路,3,24,60.24,9.49,5.98,0,0,1,0,0,0,0
2026-03-14 04:00:00,D04,S04,南向,城市主干路,3,8,62.75,9.75,5.74,0,0,1,0,0,0,0
2026-03-14 04:15:00,D04,S04,南向,城市主干路,3,29,66.3,17.62,5.43,0,0,1,0,0,0,0
2026-03-14 04:30:00,D04,S04,南向,城市主干路,3,16,59.05,9.94,6.1,0,0,1,0,0,0,0
2026-03-14 04:45:00,D04,S04,南向,城市主干路,3,15,67.01,8.68,5.37,0,0,1,0,0,0,0
2026-03-14 05:00:00,D04,S04,南向,城市主干路,3,15,65.8,11.27,5.47,0,0,1,0,0,0,0
2026-03-14 05:15:00,D04,S04,南向,城市主干路,3,24,59.65,12.79,6.03,0,0,1,0,0,0,0
2026-03-14 05:30:00,D04,S04,南向,城市主干路,3,21,58.02,15.08,6.21,0,0,1,0,0,0,0
2026-03-14 05:45:00,D04,S04,南向,城市主干路,3,12,58.41,9.52,6.16,0,0,1,0,0,0,0
2026-03-14 06:00:00,D04,S04,南向,城市主干路,3,22,65.6,14.95,5.49,0,0,1,0,0,0,0
2026-03-14 06:15:00,D04,S04,南向,城市主干路,3,23,63.36,9.93,5.68,0,0,1,0,0,0,0
2026-03-14 06:30:00,D04,S04,南向,城市主干路,3,31,60.9,18.76,5.91,0,0,1,0,0,0,0
2026-03-14 06:45:00,D04,S04,南向,城市主干路,3,30,56.86,18.67,6.33,0,0,1,0,0,0,0
2026-03-14 07:00:00,D04,S04,南向,城市主干路,3,30,59.37,14.31,6.06,0,0,1,1,0,0,0
2026-03-14 07:15:00,D04,S04,南向,城市主干路,3,34,54.54,11.9,6.6,0,0,1,1,0,0,0
2026-03-14 07:30:00,D04,S04,南向,城市主干路,3,48,59.1,21.72,6.09,0,0,1,1,0,0,0
2026-03-14 07:45:00,D04,S04,南向,城市主干路,3,47,58.13,20.27,6.19,0,0,1,1,0,0,0
2026-03-14 08:00:00,D04,S04,南向,城市主干路,3,41,63.46,17.97,5.67,0,0,1,1,0,0,0
2026-03-14 08:15:00,D04,S04,南向,城市主干路,3,55,60.94,20.65,5.91,0,0,1,1,0,0,0
2026-03-14 08:30:00,D04,S04,南向,城市主干路,3,44,65.18,19.03,5.52,0,0,1,1,0,0,0
2026-03-14 08:45:00,D04,S04,南向,城市主干路,3,52,59.23,20.91,6.08,0,0,1,1,0,0,0
2026-03-14 09:00:00,D04,S04,南向,城市主干路,3,49,56.47,17.99,6.37,0,0,1,1,0,0,0
2026-03-14 09:15:00,D04,S04,南向,城市主干路,3,38,56.19,17.34,6.41,0,0,1,1,0,0,0
2026-03-14 09:30:00,D04,S04,南向,城市主干路,3,44,51.19,16.81,7.03,0,0,1,0,0,1,0
2026-03-14 09:45:00,D04,S04,南向,城市主干路,3,30,60.08,16.03,5.99,0,0,1,0,0,0,0
2026-03-14 10:00:00,D04,S04,南向,城市主干路,3,20,64.21,10.8,5.61,0,0,1,0,0,0,0
2026-03-14 10:15:00,D04,S04,南向,城市主干路,3,25,54.82,13.39,6.57,0,0,1,0,0,0,0
2026-03-14 10:30:00,D04,S04,南向,城市主干路,3,18,61.27,11.54,5.88,0,0,1,0,0,0,0
2026-03-14 10:45:00,D04,S04,南向,城市主干路,3,23,61.71,14.03,5.83,0,0,1,0,0,0,0
2026-03-14 11:00:00,D04,S04,南向,城市主干路,3,21,60.82,14.03,5.92,0,0,1,0,0,0,0
2026-03-14 11:15:00,D04,S04,南向,城市主干路,3,14,60.86,11.53,5.92,0,0,1,0,0,0,0
2026-03-14 11:30:00,D04,S04,南向,城市主干路,3,9,69.51,10.98,5.18,0,0,1,0,0,0,0
2026-03-14 11:45:00,D04,S04,南向,城市主干路,3,20,65.11,12.62,5.53,0,0,1,0,0,0,0
2026-03-14 12:00:00,D04,S04,南向,城市主干路,3,19,63.19,8.36,5.7,0,0,1,0,0,0,0
2026-03-14 12:15:00,D04,S04,南向,城市主干路,3,16,66.53,4.39,5.41,0,0,1,0,0,0,0
2026-03-14 12:30:00,D04,S04,南向,城市主干路,3,22,62.59,13.59,5.75,0,0,1,0,0,0,0
2026-03-14 12:45:00,D04,S04,南向,城市主干路,3,27,59.96,13.67,6.0,0,0,1,0,0,0,0
2026-03-14 13:00:00,D04,S04,南向,城市主干路,3,26,63.64,14.27,5.66,0,0,1,0,0,0,0
2026-03-14 13:15:00,D04,S04,南向,城市主干路,3,24,66.18,12.92,5.44,0,0,1,0,0,0,0
2026-03-14 13:30:00,D04,S04,南向,城市主干路,3,27,61.37,15.85,5.87,0,0,1,0,0,0,0
2026-03-14 13:45:00,D04,S04,南向,城市主干路,3,15,58.98,10.4,6.1,0,0,1,0,0,0,0
2026-03-14 14:00:00,D04,S04,南向,城市主干路,3,11,66.48,6.91,5.42,0,0,1,0,0,0,0
2026-03-14 14:15:00,D04,S04,南向,城市主干路,3,11,71.28,8.67,5.05,0,0,1,0,0,0,0
2026-03-14 14:30:00,D04,S04,南向,城市主干路,3,23,63.54,16.04,5.67,0,0,1,0,0,0,0
2026-03-14 14:45:00,D04,S04,南向,城市主干路,3,21,61.88,11.87,5.82,0,0,1,0,0,0,0
2026-03-14 15:00:00,D04,S04,南向,城市主干路,3,22,59.68,12.4,6.03,0,0,1,0,0,0,0
2026-03-14 15:15:00,D04,S04,南向,城市主干路,3,24,64.42,15.52,5.59,0,0,1,0,0,0,0
2026-03-14 15:30:00,D04,S04,南向,城市主干路,3,27,65.86,8.94,5.47,0,0,1,0,0,0,0
2026-03-14 15:45:00,D04,S04,南向,城市主干路,3,32,59.81,15.89,6.02,0,0,1,0,0,0,0
2026-03-14 16:00:00,D04,S04,南向,城市主干路,3,35,56.26,17.69,6.4,0,0,1,0,0,0,0
2026-03-14 16:15:00,D04,S04,南向,城市主干路,3,48,60.33,20.85,5.97,0,0,1,0,0,0,0
2026-03-14 16:30:00,D04,S04,南向,城市主干路,3,43,62.21,17.54,5.79,0,0,1,1,0,0,0
2026-03-14 16:45:00,D04,S04,南向,城市主干路,3,52,54.07,17.8,6.66,0,0,1,1,0,0,0
2026-03-14 17:00:00,D04,S04,南向,城市主干路,3,47,54.85,17.12,6.56,0,0,1,1,0,0,0
2026-03-14 17:15:00,D04,S04,南向,城市主干路,3,50,63.77,20.18,5.64,0,0,1,1,0,0,0
2026-03-14 17:30:00,D04,S04,南向,城市主干路,3,44,62.67,14.09,5.74,0,0,1,1,0,0,0
2026-03-14 17:45:00,D04,S04,南向,城市主干路,3,66,53.96,24.25,6.67,0,0,1,1,0,0,0
2026-03-14 18:00:00,D04,S04,南向,城市主干路,3,55,54.66,24.26,6.59,0,0,1,1,0,0,0
2026-03-14 18:15:00,D04,S04,南向,城市主干路,3,38,55.13,22.9,6.53,0,0,1,1,0,0,0
2026-03-14 18:30:00,D04,S04,南向,城市主干路,3,40,58.09,19.77,6.2,0,0,1,1,0,0,0
2026-03-14 18:45:00,D04,S04,南向,城市主干路,3,47,53.26,17.93,6.76,0,0,1,1,0,0,0
2026-03-14 19:00:00,D04,S04,南向,城市主干路,3,38,57.76,20.93,6.23,0,0,1,1,0,0,0
2026-03-14 19:15:00,D04,S04,南向,城市主干路,3,22,65.07,10.02,5.53,0,0,1,1,0,0,0
2026-03-14 19:30:00,D04,S04,南向,城市主干路,3,17,62.18,12.38,5.79,0,0,1,0,0,0,0
2026-03-14 19:45:00,D04,S04,南向,城市主干路,3,23,56.31,14.51,6.39,0,0,1,0,0,0,0
2026-03-14 20:00:00,D04,S04,南向,城市主干路,3,21,69.97,11.51,5.15,0,0,1,0,0,0,0
2026-03-14 20:15:00,D04,S04,南向,城市主干路,3,22,64.83,11.97,5.55,0,0,1,0,0,0,0
2026-03-14 20:30:00,D04,S04,南向,城市主干路,3,17,63.56,13.38,5.66,0,0,1,0,0,0,0
2026-03-14 20:45:00,D04,S04,南向,城市主干路,3,19,66.5,8.69,5.41,0,0,1,0,0,0,0
2026-03-14 21:00:00,D04,S04,南向,城市主干路,3,12,67.07,8.54,5.37,0,0,1,0,0,0,0
2026-03-14 21:15:00,D04,S04,南向,城市主干路,3,20,59.74,12.56,6.03,0,0,1,0,0,0,0
2026-03-14 21:30:00,D04,S04,南向,城市主干路,3,23,59.95,14.0,6.01,0,0,1,0,0,0,0
2026-03-14 21:45:00,D04,S04,南向,城市主干路,3,16,56.85,13.68,6.33,0,0,1,0,0,0,0
2026-03-14 22:00:00,D04,S04,南向,城市主干路,3,12,58.39,7.75,6.17,0,0,1,0,0,0,0
2026-03-14 22:15:00,D04,S04,南向,城市主干路,3,11,63.21,6.82,5.7,0,0,1,0,0,0,0
2026-03-14 22:30:00,D04,S04,南向,城市主干路,3,26,54.54,16.22,6.6,0,0,1,0,0,0,0
2026-03-14 22:45:00,D04,S04,南向,城市主干路,3,19,60.54,13.71,5.95,0,0,1,0,0,0,0
2026-03-14 23:00:00,D04,S04,南向,城市主干路,3,16,57.65,8.05,6.24,0,0,1,0,0,0,0
2026-03-14 23:15:00,D04,S04,南向,城市主干路,3,15,62.13,9.32,5.79,0,0,1,0,0,0,0
2026-03-14 23:30:00,D04,S04,南向,城市主干路,3,25,64.4,8.09,5.59,0,0,1,0,0,0,0
2026-03-14 23:45:00,D04,S04,南向,城市主干路,3,9,67.32,8.13,5.35,0,0,1,0,0,0,0
2026-03-15 00:00:00,D04,S04,南向,城市主干路,3,11,66.3,13.81,5.43,0,0,1,0,0,0,0
2026-03-15 00:15:00,D04,S04,南向,城市主干路,3,14,62.5,12.92,5.76,0,0,1,0,0,0,0
2026-03-15 00:30:00,D04,S04,南向,城市主干路,3,8,64.27,10.33,5.6,0,0,1,0,0,0,0
2026-03-15 00:45:00,D04,S04,南向,城市主干路,3,14,73.0,8.23,4.93,0,0,1,0,0,0,0
2026-03-15 01:00:00,D04,S04,南向,城市主干路,3,17,70.68,11.56,5.09,0,0,1,0,0,0,0
2026-03-15 01:15:00,D04,S04,南向,城市主干路,3,21,60.87,12.2,5.91,0,0,1,0,0,0,0
2026-03-15 01:30:00,D04,S04,南向,城市主干路,3,18,65.1,8.79,5.53,0,0,1,0,0,0,0
2026-03-15 01:45:00,D04,S04,南向,城市主干路,3,22,62.88,11.62,5.73,0,0,1,0,0,0,0
2026-03-15 02:00:00,D04,S04,南向,城市主干路,3,26,62.13,13.37,5.79,0,0,1,0,0,0,0
2026-03-15 02:15:00,D04,S04,南向,城市主干路,3,17,61.45,11.41,5.86,0,0,1,0,0,0,0
2026-03-15 02:30:00,D04,S04,南向,城市主干路,3,22,61.69,10.09,5.84,0,0,1,0,0,0,0
2026-03-15 02:45:00,D04,S04,南向,城市主干路,3,9,61.62,7.78,5.84,0,0,1,0,0,0,0
2026-03-15 03:00:00,D04,S04,南向,城市主干路,3,13,64.6,7.55,5.57,0,0,1,0,0,0,0
2026-03-15 03:15:00,D04,S04,南向,城市主干路,3,19,62.51,9.61,5.76,0,0,1,0,0,0,0
2026-03-15 03:30:00,D04,S04,南向,城市主干路,3,21,64.5,11.4,5.58,0,0,1,0,0,0,0
2026-03-15 03:45:00,D04,S04,南向,城市主干路,3,24,60.7,11.0,5.93,0,0,1,0,0,0,0
2026-03-15 04:00:00,D04,S04,南向,城市主干路,3,10,61.29,7.15,5.87,0,0,1,0,0,0,0
2026-03-15 04:15:00,D04,S04,南向,城市主干路,3,21,56.91,13.13,6.33,0,0,1,0,0,0,0
2026-03-15 04:30:00,D04,S04,南向,城市主干路,3,21,61.0,8.48,5.9,0,0,1,0,0,0,0
2026-03-15 04:45:00,D04,S04,南向,城市主干路,3,27,59.14,11.72,6.09,0,0,1,0,0,0,0
2026-03-15 05:00:00,D04,S04,南向,城市主干路,3,22,55.64,11.83,6.47,0,0,1,0,0,0,0
2026-03-15 05:15:00,D04,S04,南向,城市主干路,3,12,70.88,7.19,5.08,0,0,1,0,0,0,0
2026-03-15 05:30:00,D04,S04,南向,城市主干路,3,22,65.26,12.19,5.52,0,0,1,0,0,0,0
2026-03-15 05:45:00,D04,S04,南向,城市主干路,3,30,64.51,14.83,5.58,0,0,1,0,0,0,0
2026-03-15 06:00:00,D04,S04,南向,城市主干路,3,25,68.84,12.55,5.23,0,0,1,0,0,0,0
2026-03-15 06:15:00,D04,S04,南向,城市主干路,3,11,66.65,13.03,5.4,0,0,1,0,0,0,0
2026-03-15 06:30:00,D04,S04,南向,城市主干路,3,27,62.42,14.27,5.77,0,0,1,0,0,0,0
2026-03-15 06:45:00,D04,S04,南向,城市主干路,3,13,66.28,8.94,5.43,0,0,1,0,0,0,0
2026-03-15 07:00:00,D04,S04,南向,城市主干路,3,44,50.4,19.53,7.14,0,0,1,1,0,1,0
2026-03-15 07:15:00,D04,S04,南向,城市主干路,3,40,63.03,16.33,5.71,0,0,1,1,0,0,0
2026-03-15 07:30:00,D04,S04,南向,城市主干路,3,42,60.93,15.85,5.91,0,0,1,1,0,0,0
2026-03-15 07:45:00,D04,S04,南向,城市主干路,3,46,66.05,19.23,5.45,0,0,1,1,0,0,0
2026-03-15 08:00:00,D04,S04,南向,城市主干路,3,42,59.91,20.03,6.01,0,0,1,1,0,0,0
2026-03-15 08:15:00,D04,S04,南向,城市主干路,3,41,68.68,19.17,5.24,0,0,1,1,0,0,0
2026-03-15 08:30:00,D04,S04,南向,城市主干路,3,50,60.17,19.57,5.98,0,0,1,1,0,0,0
2026-03-15 08:45:00,D04,S04,南向,城市主干路,3,42,57.99,17.29,6.21,0,0,1,1,0,0,0
2026-03-15 09:00:00,D04,S04,南向,城市主干路,3,37,66.85,16.24,5.38,0,0,1,1,0,0,0
2026-03-15 09:15:00,D04,S04,南向,城市主干路,3,43,59.41,19.3,6.06,0,0,1,1,0,0,0
2026-03-15 09:30:00,D04,S04,南向,城市主干路,3,32,53.88,16.97,6.68,0,0,1,0,0,0,0
2026-03-15 09:45:00,D04,S04,南向,城市主干路,3,29,59.35,15.5,6.07,0,0,1,0,0,0,0
2026-03-15 10:00:00,D04,S04,南向,城市主干路,3,30,58.49,11.11,6.15,0,0,1,0,0,0,0
2026-03-15 10:15:00,D04,S04,南向,城市主干路,3,25,59.69,10.43,6.03,0,0,1,0,0,0,0
2026-03-15 10:30:00,D04,S04,南向,城市主干路,3,15,64.47,9.43,5.58,0,0,1,0,0,0,0
2026-03-15 10:45:00,D04,S04,南向,城市主干路,3,19,62.74,9.27,5.74,0,0,1,0,0,0,0
2026-03-15 11:00:00,D04,S04,南向,城市主干路,3,26,57.12,13.92,6.3,0,0,1,0,0,0,0
2026-03-15 11:15:00,D04,S04,南向,城市主干路,3,9,68.75,6.98,5.24,0,0,1,0,0,0,0
2026-03-15 11:30:00,D04,S04,南向,城市主干路,3,23,69.78,9.94,5.16,0,0,1,0,0,0,0
2026-03-15 11:45:00,D04,S04,南向,城市主干路,3,4,59.35,6.66,6.07,0,0,1,0,0,0,0
2026-03-15 12:00:00,D04,S04,南向,城市主干路,3,16,59.33,11.42,6.07,0,0,1,0,0,0,0
2026-03-15 12:15:00,D04,S04,南向,城市主干路,3,16,61.95,10.79,5.81,0,0,1,0,0,0,0
2026-03-15 12:30:00,D04,S04,南向,城市主干路,3,14,63.68,12.48,5.65,0,0,1,0,0,0,0
2026-03-15 12:45:00,D04,S04,南向,城市主干路,3,21,56.35,12.51,6.39,0,0,1,0,0,0,0
2026-03-15 13:00:00,D04,S04,南向,城市主干路,3,16,66.9,12.27,5.38,0,0,1,0,0,0,0
2026-03-15 13:15:00,D04,S04,南向,城市主干路,3,13,57.84,9.39,6.22,0,0,1,0,0,0,0
2026-03-15 13:30:00,D04,S04,南向,城市主干路,3,15,58.25,11.59,6.18,0,0,1,0,0,0,0
2026-03-15 13:45:00,D04,S04,南向,城市主干路,3,16,59.75,7.13,6.03,0,0,1,0,0,0,0
2026-03-15 14:00:00,D04,S04,南向,城市主干路,3,15,69.47,12.26,5.18,0,0,1,0,0,0,0
2026-03-15 14:15:00,D04,S04,南向,城市主干路,3,19,58.98,12.65,6.1,0,0,1,0,0,0,0
2026-03-15 14:30:00,D04,S04,南向,城市主干路,3,28,56.69,14.45,6.35,0,0,1,0,0,0,0
2026-03-15 14:45:00,D04,S04,南向,城市主干路,3,19,70.55,11.19,5.1,0,0,1,0,0,0,0
2026-03-15 15:00:00,D04,S04,南向,城市主干路,3,28,60.72,15.45,5.93,0,0,1,0,0,0,0
2026-03-15 15:15:00,D04,S04,南向,城市主干路,3,30,53.97,14.13,6.67,0,0,1,0,0,0,0
2026-03-15 15:30:00,D04,S04,南向,城市主干路,3,26,67.97,11.06,5.3,0,0,1,0,0,0,0
2026-03-15 15:45:00,D04,S04,南向,城市主干路,3,39,56.44,12.94,6.38,0,0,1,0,0,0,0
2026-03-15 16:00:00,D04,S04,南向,城市主干路,3,36,55.58,14.05,6.48,0,0,1,0,0,0,0
2026-03-15 16:15:00,D04,S04,南向,城市主干路,3,45,59.28,22.23,6.07,0,0,1,0,0,0,0
2026-03-15 16:30:00,D04,S04,南向,城市主干路,3,49,57.38,18.72,6.27,0,0,1,1,0,0,0
2026-03-15 16:45:00,D04,S04,南向,城市主干路,3,46,64.84,15.37,5.55,0,0,1,1,0,0,0
2026-03-15 17:00:00,D04,S04,南向,城市主干路,3,55,62.21,23.77,5.79,0,0,1,1,0,0,0
2026-03-15 17:15:00,D04,S04,南向,城市主干路,3,46,53.87,22.08,6.68,0,0,1,1,0,0,0
2026-03-15 17:30:00,D04,S04,南向,城市主干路,3,49,58.08,19.05,6.2,0,0,1,1,0,0,0
2026-03-15 17:45:00,D04,S04,南向,城市主干路,3,56,53.59,26.43,6.72,0,0,1,1,0,0,0
2026-03-15 18:00:00,D04,S04,南向,城市主干路,3,48,57.89,21.28,6.22,0,0,1,1,0,0,0
2026-03-15 18:15:00,D04,S04,南向,城市主干路,3,38,54.36,15.65,6.62,0,0,1,1,0,0,0
2026-03-15 18:30:00,D04,S04,南向,城市主干路,3,44,52.1,18.41,6.91,0,0,1,1,0,0,0
2026-03-15 18:45:00,D04,S04,南向,城市主干路,3,26,54.43,14.9,6.61,0,0,1,1,0,0,0
2026-03-15 19:00:00,D04,S04,南向,城市主干路,3,29,62.37,9.07,5.77,0,0,1,1,0,0,0
2026-03-15 19:15:00,D04,S04,南向,城市主干路,3,20,55.06,9.43,6.54,0,0,1,1,0,0,0
2026-03-15 19:30:00,D04,S04,南向,城市主干路,3,22,58.56,13.34,6.15,0,0,1,0,0,0,0
2026-03-15 19:45:00,D04,S04,南向,城市主干路,3,24,70.2,14.89,5.13,0,0,1,0,0,0,0
2026-03-15 20:00:00,D04,S04,南向,城市主干路,3,22,62.51,15.44,5.76,0,0,1,0,0,0,0
2026-03-15 20:15:00,D04,S04,南向,城市主干路,3,19,50.58,13.65,7.12,0,0,1,0,0,1,0
2026-03-15 20:30:00,D04,S04,南向,城市主干路,3,21,61.24,13.06,5.88,0,0,1,0,0,0,0
2026-03-15 20:45:00,D04,S04,南向,城市主干路,3,6,68.32,7.54,5.27,0,0,1,0,0,0,0
2026-03-15 21:00:00,D04,S04,南向,城市主干路,3,19,63.21,11.43,5.7,0,0,1,0,0,0,0
2026-03-15 21:15:00,D04,S04,南向,城市主干路,3,26,69.67,12.75,5.17,0,0,1,0,0,0,0
2026-03-15 21:30:00,D04,S04,南向,城市主干路,3,19,66.5,14.32,5.41,0,0,1,0,0,0,0
2026-03-15 21:45:00,D04,S04,南向,城市主干路,3,24,61.93,15.11,5.81,0,0,1,0,0,0,0
2026-03-15 22:00:00,D04,S04,南向,城市主干路,3,15,64.56,9.28,5.58,0,0,1,0,0,0,0
2026-03-15 22:15:00,D04,S04,南向,城市主干路,3,15,65.59,14.5,5.49,0,0,1,0,0,0,0
2026-03-15 22:30:00,D04,S04,南向,城市主干路,3,15,59.63,8.53,6.04,0,0,1,0,0,0,0
2026-03-15 22:45:00,D04,S04,南向,城市主干路,3,14,61.93,11.09,5.81,0,0,1,0,0,0,0
2026-03-15 23:00:00,D04,S04,南向,城市主干路,3,12,66.92,14.69,5.38,0,0,1,0,0,0,0
2026-03-15 23:15:00,D04,S04,南向,城市主干路,3,19,55.47,14.38,6.49,0,0,1,0,0,0,0
2026-03-15 23:30:00,D04,S04,南向,城市主干路,3,10,65.35,9.41,5.51,0,0,1,0,0,0,0
2026-03-15 23:45:00,D04,S04,南向,城市主干路,3,23,67.42,11.84,5.34,0,0,1,0,0,0,0
2026-03-02 00:00:00,D05,S05,东向,城市次干路,2,18,46.47,13.7,7.75,0,0,0,0,0,0,0
2026-03-02 00:15:00,D05,S05,东向,城市次干路,2,18,42.29,18.63,8.51,0,0,0,0,0,0,0
2026-03-02 00:30:00,D05,S05,东向,城市次干路,2,24,48.98,17.87,7.35,0,0,0,0,0,0,0
2026-03-02 00:45:00,D05,S05,东向,城市次干路,2,8,57.84,11.69,6.22,0,0,0,0,0,0,0
2026-03-02 01:00:00,D05,S05,东向,城市次干路,2,15,52.7,14.82,6.83,0,0,0,0,0,0,0
2026-03-02 01:15:00,D05,S05,东向,城市次干路,2,6,48.56,12.13,7.41,0,0,0,0,0,0,0
2026-03-02 01:30:00,D05,S05,东向,城市次干路,2,23,46.9,16.5,7.68,0,0,0,0,0,0,0
2026-03-02 01:45:00,D05,S05,东向,城市次干路,2,13,45.63,8.59,7.89,0,0,0,0,0,0,0
2026-03-02 02:00:00,D05,S05,东向,城市次干路,2,8,58.49,9.71,6.15,0,0,0,0,0,0,0
2026-03-02 02:15:00,D05,S05,东向,城市次干路,2,16,48.5,11.95,7.42,0,0,0,0,0,0,0
2026-03-02 02:30:00,D05,S05,东向,城市次干路,2,3,53.98,8.88,6.67,0,0,0,0,0,0,0
2026-03-02 02:45:00,D05,S05,东向,城市次干路,2,14,50.0,9.42,7.2,0,0,0,0,0,0,0
2026-03-02 03:00:00,D05,S05,东向,城市次干路,2,12,43.07,13.2,8.36,0,0,0,0,0,0,0
2026-03-02 03:15:00,D05,S05,东向,城市次干路,2,30,45.04,18.86,7.99,0,0,0,0,0,0,0
2026-03-02 03:30:00,D05,S05,东向,城市次干路,2,28,45.02,17.73,8.0,0,0,0,0,0,0,0
2026-03-02 03:45:00,D05,S05,东向,城市次干路,2,7,59.07,2.0,6.09,0,0,0,0,0,0,0
2026-03-02 04:00:00,D05,S05,东向,城市次干路,2,13,49.79,9.39,7.23,0,0,0,0,0,0,0
2026-03-02 04:15:00,D05,S05,东向,城市次干路,2,28,41.66,20.49,8.64,0,0,0,0,0,0,0
2026-03-02 04:30:00,D05,S05,东向,城市次干路,2,19,53.0,13.28,6.79,0,0,0,0,1,0,0
2026-03-02 04:45:00,D05,S05,东向,城市次干路,2,17,44.38,14.66,8.11,0,0,0,0,0,0,0
2026-03-02 05:00:00,D05,S05,东向,城市次干路,2,26,45.65,13.27,7.89,0,0,0,0,0,0,0
2026-03-02 05:15:00,D05,S05,东向,城市次干路,2,8,53.73,8.02,6.7,0,0,0,0,0,0,0
2026-03-02 05:30:00,D05,S05,东向,城市次干路,2,24,57.44,13.77,6.27,0,0,0,0,0,0,0
2026-03-02 05:45:00,D05,S05,东向,城市次干路,2,6,49.11,12.05,7.33,0,0,0,0,0,0,0
2026-03-02 06:00:00,D05,S05,东向,城市次干路,2,15,52.24,9.51,6.89,0,0,0,0,0,0,0
2026-03-02 06:15:00,D05,S05,东向,城市次干路,2,16,42.19,17.31,8.53,0,0,0,0,0,0,0
2026-03-02 06:30:00,D05,S05,东向,城市次干路,2,25,38.32,18.79,9.39,0,0,0,0,0,1,0
2026-03-02 06:45:00,D05,S05,东向,城市次干路,2,22,49.0,15.78,7.35,0,0,0,0,0,0,0
2026-03-02 07:00:00,D05,S05,东向,城市次干路,2,25,51.89,17.03,6.94,0,0,0,1,0,0,0
2026-03-02 07:15:00,D05,S05,东向,城市次干路,2,24,51.06,14.4,7.05,0,0,0,1,0,0,0
2026-03-02 07:30:00,D05,S05,东向,城市次干路,2,30,45.01,19.25,8.0,0,0,0,1,0,0,0
2026-03-02 07:45:00,D05,S05,东向,城市次干路,2,43,44.48,21.53,8.09,0,0,0,1,0,0,0
2026-03-02 08:00:00,D05,S05,东向,城市次干路,2,33,43.7,21.34,8.24,0,0,0,1,0,0,0
2026-03-02 08:15:00,D05,S05,东向,城市次干路,2,40,43.63,21.31,8.25,0,0,0,1,0,0,0
2026-03-02 08:30:00,D05,S05,东向,城市次干路,2,47,34.59,33.6,10.41,0,0,0,1,0,1,1
2026-03-02 08:45:00,D05,S05,东向,城市次干路,2,51,34.85,34.76,10.33,0,0,0,1,0,1,1
2026-03-02 09:00:00,D05,S05,东向,城市次干路,2,42,42.51,25.67,8.47,0,0,0,1,0,0,0
2026-03-02 09:15:00,D05,S05,东向,城市次干路,2,43,44.73,23.56,8.05,0,0,0,1,0,0,0
2026-03-02 09:30:00,D05,S05,东向,城市次干路,2,36,33.88,35.14,10.63,0,0,0,0,0,1,1
2026-03-02 09:45:00,D05,S05,东向,城市次干路,2,34,47.13,20.15,7.64,0,0,0,0,0,0,0
2026-03-02 10:00:00,D05,S05,东向,城市次干路,2,34,40.3,24.94,8.93,0,0,0,0,0,0,0
2026-03-02 10:15:00,D05,S05,东向,城市次干路,2,23,41.25,19.63,8.73,0,0,0,0,0,0,0
2026-03-02 10:30:00,D05,S05,东向,城市次干路,2,14,46.16,11.76,7.8,0,0,0,0,0,0,0
2026-03-02 10:45:00,D05,S05,东向,城市次干路,2,20,45.26,16.32,7.95,0,0,0,0,0,0,0
2026-03-02 11:00:00,D05,S05,东向,城市次干路,2,22,48.31,17.14,7.45,0,0,0,0,0,0,0
2026-03-02 11:15:00,D05,S05,东向,城市次干路,2,21,41.56,19.54,8.66,0,0,0,0,0,0,0
2026-03-02 11:30:00,D05,S05,东向,城市次干路,2,23,48.34,17.18,7.45,0,0,0,0,0,0,0
2026-03-02 11:45:00,D05,S05,东向,城市次干路,2,11,52.14,9.95,6.91,0,0,0,0,0,0,0
2026-03-02 12:00:00,D05,S05,东向,城市次干路,2,3,52.89,10.28,6.81,0,0,0,0,0,0,0
2026-03-02 12:15:00,D05,S05,东向,城市次干路,2,18,42.08,17.66,8.56,0,0,0,0,0,0,0
2026-03-02 12:30:00,D05,S05,东向,城市次干路,2,17,44.75,5.34,8.05,0,0,0,0,0,0,0
2026-03-02 12:45:00,D05,S05,东向,城市次干路,2,17,40.94,13.32,8.79,0,0,0,0,0,0,0
2026-03-02 13:00:00,D05,S05,东向,城市次干路,2,10,53.36,8.88,6.75,0,0,0,0,0,0,0
2026-03-02 13:15:00,D05,S05,东向,城市次干路,2,10,52.62,12.39,6.84,0,0,0,0,0,0,0
2026-03-02 13:30:00,D05,S05,东向,城市次干路,2,23,37.28,21.68,9.66,0,0,0,0,0,1,0
2026-03-02 13:45:00,D05,S05,东向,城市次干路,2,11,55.96,10.32,6.43,0,0,0,0,0,0,0
2026-03-02 14:00:00,D05,S05,东向,城市次干路,2,12,47.5,15.55,7.58,0,0,0,0,0,0,0
2026-03-02 14:15:00,D05,S05,东向,城市次干路,2,12,53.92,10.75,6.68,0,0,0,0,0,0,0
2026-03-02 14:30:00,D05,S05,东向,城市次干路,2,16,43.45,14.53,8.29,0,0,0,0,0,0,0
2026-03-02 14:45:00,D05,S05,东向,城市次干路,2,24,42.8,17.21,8.41,0,0,0,0,0,0,0
2026-03-02 15:00:00,D05,S05,东向,城市次干路,2,23,54.34,11.58,6.63,0,0,0,0,0,0,0
2026-03-02 15:15:00,D05,S05,东向,城市次干路,2,32,46.21,19.4,7.79,0,0,0,0,0,0,0
2026-03-02 15:30:00,D05,S05,东向,城市次干路,2,16,45.73,13.25,7.87,0,0,0,0,0,0,0
2026-03-02 15:45:00,D05,S05,东向,城市次干路,2,26,45.51,17.9,7.91,0,0,0,0,0,0,0
2026-03-02 16:00:00,D05,S05,东向,城市次干路,2,38,41.89,28.35,8.59,0,0,0,0,0,0,0
2026-03-02 16:15:00,D05,S05,东向,城市次干路,2,40,44.34,22.4,8.12,0,0,0,0,0,0,0
2026-03-02 16:30:00,D05,S05,东向,城市次干路,2,46,46.37,26.91,7.76,0,0,0,1,0,0,0
2026-03-02 16:45:00,D05,S05,东向,城市次干路,2,46,45.14,25.03,7.97,0,0,0,1,0,0,0
2026-03-02 17:00:00,D05,S05,东向,城市次干路,2,41,45.02,22.28,8.0,0,0,0,1,0,0,0
2026-03-02 17:15:00,D05,S05,东向,城市次干路,2,45,32.9,33.52,10.94,0,0,0,1,0,1,1
2026-03-02 17:30:00,D05,S05,东向,城市次干路,2,43,36.3,31.64,9.92,0,0,0,1,0,1,1
2026-03-02 17:45:00,D05,S05,东向,城市次干路,2,38,40.74,27.6,8.84,0,0,0,1,0,0,0
2026-03-02 18:00:00,D05,S05,东向,城市次干路,2,46,35.83,32.45,10.05,0,0,0,1,0,1,1
2026-03-02 18:15:00,D05,S05,东向,城市次干路,2,32,45.68,20.62,7.88,0,0,0,1,0,0,0
2026-03-02 18:30:00,D05,S05,东向,城市次干路,2,37,38.97,24.25,9.24,0,0,0,1,0,1,0
2026-03-02 18:45:00,D05,S05,东向,城市次干路,2,33,42.97,18.45,8.38,0,0,0,1,0,0,0
2026-03-02 19:00:00,D05,S05,东向,城市次干路,2,22,51.2,18.27,7.03,0,0,0,1,0,0,0
2026-03-02 19:15:00,D05,S05,东向,城市次干路,2,25,46.86,12.82,7.68,0,0,0,1,0,0,0
2026-03-02 19:30:00,D05,S05,东向,城市次干路,2,13,52.91,10.21,6.8,0,0,0,0,0,0,0
2026-03-02 19:45:00,D05,S05,东向,城市次干路,2,16,49.14,15.92,7.33,0,0,0,0,0,0,0
2026-03-02 20:00:00,D05,S05,东向,城市次干路,2,19,43.14,20.03,8.34,0,0,0,0,0,0,0
2026-03-02 20:15:00,D05,S05,东向,城市次干路,2,22,51.4,16.97,7.0,0,0,0,0,0,0,0
2026-03-02 20:30:00,D05,S05,东向,城市次干路,2,15,47.76,9.93,7.54,0,0,0,0,0,0,0
2026-03-02 20:45:00,D05,S05,东向,城市次干路,2,16,39.87,16.85,9.03,0,0,0,0,0,1,0
2026-03-02 21:00:00,D05,S05,东向,城市次干路,2,23,52.84,14.48,6.81,0,0,0,0,0,0,0
2026-03-02 21:15:00,D05,S05,东向,城市次干路,2,19,57.05,15.97,6.31,0,0,0,0,0,0,0
2026-03-02 21:30:00,D05,S05,东向,城市次干路,2,10,48.83,10.9,7.37,0,0,0,0,0,0,0
2026-03-02 21:45:00,D05,S05,东向,城市次干路,2,23,44.94,16.36,8.01,0,0,0,0,0,0,0
2026-03-02 22:00:00,D05,S05,东向,城市次干路,2,20,51.48,13.14,6.99,0,0,0,0,0,0,0
2026-03-02 22:15:00,D05,S05,东向,城市次干路,2,12,43.0,6.22,8.37,0,0,0,0,0,0,0
2026-03-02 22:30:00,D05,S05,东向,城市次干路,2,12,44.47,9.09,8.1,0,0,0,0,0,0,0
2026-03-02 22:45:00,D05,S05,东向,城市次干路,2,24,47.87,15.15,7.52,0,0,0,0,0,0,0
2026-03-02 23:00:00,D05,S05,东向,城市次干路,2,3,47.3,9.22,7.61,0,0,0,0,0,0,0
2026-03-02 23:15:00,D05,S05,东向,城市次干路,2,9,45.91,10.97,7.84,0,0,0,0,0,0,0
2026-03-02 23:30:00,D05,S05,东向,城市次干路,2,19,53.8,11.93,6.69,0,0,0,0,0,0,0
2026-03-02 23:45:00,D05,S05,东向,城市次干路,2,14,48.66,8.72,7.4,0,0,0,0,0,0,0
2026-03-03 00:00:00,D05,S05,东向,城市次干路,2,21,46.03,18.58,7.82,0,0,0,0,0,0,0
2026-03-03 00:15:00,D05,S05,东向,城市次干路,2,20,43.42,13.28,8.29,0,0,0,0,0,0,0
2026-03-03 00:30:00,D05,S05,东向,城市次干路,2,22,42.19,17.04,8.53,0,0,0,0,0,0,0
2026-03-03 00:45:00,D05,S05,东向,城市次干路,2,16,52.72,10.72,6.83,0,0,0,0,0,0,0
2026-03-03 01:00:00,D05,S05,东向,城市次干路,2,10,51.68,8.29,6.97,0,0,0,0,0,0,0
2026-03-03 01:15:00,D05,S05,东向,城市次干路,2,6,51.23,9.77,7.03,0,0,0,0,0,0,0
2026-03-03 01:30:00,D05,S05,东向,城市次干路,2,21,54.13,13.54,6.65,0,0,0,0,0,0,0
2026-03-03 01:45:00,D05,S05,东向,城市次干路,2,14,49.15,8.48,7.32,0,0,0,0,0,0,0
2026-03-03 02:00:00,D05,S05,东向,城市次干路,2,20,45.74,15.19,7.87,0,0,0,0,0,0,0
2026-03-03 02:15:00,D05,S05,东向,城市次干路,2,15,43.14,13.97,8.34,0,0,0,0,0,0,0
2026-03-03 02:30:00,D05,S05,东向,城市次干路,2,24,34.15,20.69,10.54,0,0,0,0,0,1,1
2026-03-03 02:45:00,D05,S05,东向,城市次干路,2,9,53.44,6.71,6.74,0,0,0,0,0,0,0
2026-03-03 03:00:00,D05,S05,东向,城市次干路,2,31,49.62,20.39,7.26,0,0,0,0,0,0,0
2026-03-03 03:15:00,D05,S05,东向,城市次干路,2,20,49.06,15.82,7.34,0,0,0,0,0,0,0
2026-03-03 03:30:00,D05,S05,东向,城市次干路,2,20,49.7,13.13,7.24,0,0,0,0,0,0,0
2026-03-03 03:45:00,D05,S05,东向,城市次干路,2,9,52.81,8.62,6.82,0,0,0,0,1,0,0
2026-03-03 04:00:00,D05,S05,东向,城市次干路,2,7,46.45,5.96,7.75,0,0,0,0,0,0,0
2026-03-03 04:15:00,D05,S05,东向,城市次干路,2,16,48.22,13.34,7.47,0,0,0,0,0,0,0
2026-03-03 04:30:00,D05,S05,东向,城市次干路,2,10,51.54,11.15,6.99,0,0,0,0,0,0,0
2026-03-03 04:45:00,D05,S05,东向,城市次干路,2,12,44.61,13.04,8.07,0,0,0,0,0,0,0
2026-03-03 05:00:00,D05,S05,东向,城市次干路,2,16,49.28,12.91,7.31,0,0,0,0,0,0,0
2026-03-03 05:15:00,D05,S05,东向,城市次干路,2,20,46.85,15.78,7.68,0,0,0,0,0,0,0
2026-03-03 05:30:00,D05,S05,东向,城市次干路,2,27,49.91,18.48,7.21,0,0,0,0,0,0,0
2026-03-03 05:45:00,D05,S05,东向,城市次干路,2,21,49.71,15.4,7.24,0,0,0,0,0,0,0
2026-03-03 06:00:00,D05,S05,东向,城市次干路,2,20,49.73,15.18,7.24,0,0,0,0,0,0,0
2026-03-03 06:15:00,D05,S05,东向,城市次干路,2,7,49.99,10.37,7.2,0,0,0,0,0,0,0
2026-03-03 06:30:00,D05,S05,东向,城市次干路,2,20,53.26,17.1,6.76,0,0,0,0,0,0,0
2026-03-03 06:45:00,D05,S05,东向,城市次干路,2,34,43.8,18.9,8.22,0,0,0,0,0,0,0
2026-03-03 07:00:00,D05,S05,东向,城市次干路,2,31,48.95,18.07,7.35,0,0,0,1,0,0,0
2026-03-03 07:15:00,D05,S05,东向,城市次干路,2,26,41.65,21.72,8.64,0,0,0,1,0,0,0
2026-03-03 07:30:00,D05,S05,东向,城市次干路,2,37,45.87,21.64,7.85,0,0,0,1,0,0,0
2026-03-03 07:45:00,D05,S05,东向,城市次干路,2,38,40.48,22.94,8.89,0,0,0,1,0,0,0
2026-03-03 08:00:00,D05,S05,东向,城市次干路,2,33,48.05,19.29,7.49,0,0,0,1,0,0,0
2026-03-03 08:15:00,D05,S05,东向,城市次干路,2,41,45.54,25.02,7.9,0,0,0,1,0,0,0
2026-03-03 08:30:00,D05,S05,东向,城市次干路,2,48,43.38,27.95,8.3,0,0,0,1,0,0,0
2026-03-03 08:45:00,D05,S05,东向,城市次干路,2,55,39.4,30.28,9.14,0,0,0,1,0,1,1
2026-03-03 09:00:00,D05,S05,东向,城市次干路,2,35,43.12,23.78,8.35,0,0,0,1,0,0,0
2026-03-03 09:15:00,D05,S05,东向,城市次干路,2,37,41.13,24.62,8.75,0,0,0,1,0,0,0
2026-03-03 09:30:00,D05,S05,东向,城市次干路,2,30,48.26,18.71,7.46,0,0,0,0,0,0,0
2026-03-03 09:45:00,D05,S05,东向,城市次干路,2,33,44.12,18.83,8.16,0,0,0,0,0,0,0
2026-03-03 10:00:00,D05,S05,东向,城市次干路,2,29,44.3,18.8,8.13,0,0,0,0,0,0,0
2026-03-03 10:15:00,D05,S05,东向,城市次干路,2,25,44.8,14.17,8.03,0,0,0,0,0,0,0
2026-03-03 10:30:00,D05,S05,东向,城市次干路,2,27,54.27,16.7,6.63,0,0,0,0,0,0,0
2026-03-03 10:45:00,D05,S05,东向,城市次干路,2,14,48.73,10.77,7.39,0,0,0,0,1,0,0
2026-03-03 11:00:00,D05,S05,东向,城市次干路,2,25,49.5,18.05,7.27,0,0,0,0,0,0,0
2026-03-03 11:15:00,D05,S05,东向,城市次干路,2,15,47.35,12.85,7.6,0,0,0,0,0,0,0
2026-03-03 11:30:00,D05,S05,东向,城市次干路,2,12,45.49,15.12,7.91,0,0,0,0,0,0,0
2026-03-03 11:45:00,D05,S05,东向,城市次干路,2,19,49.38,13.84,7.29,0,0,0,0,0,0,0
2026-03-03 12:00:00,D05,S05,东向,城市次干路,2,21,49.27,14.12,7.31,0,0,0,0,0,0,0
2026-03-03 12:15:00,D05,S05,东向,城市次干路,2,11,50.36,14.78,7.15,0,0,0,0,0,0,0
2026-03-03 12:30:00,D05,S05,东向,城市次干路,2,17,49.02,13.95,7.34,0,0,0,0,0,0,0
2026-03-03 12:45:00,D05,S05,东向,城市次干路,2,12,44.56,9.96,8.08,0,0,0,0,0,0,0
2026-03-03 13:00:00,D05,S05,东向,城市次干路,2,11,48.95,12.69,7.35,0,0,0,0,0,0,0
2026-03-03 13:15:00,D05,S05,东向,城市次干路,2,28,43.98,18.78,8.19,0,0,0,0,0,0,0
2026-03-03 13:30:00,D05,S05,东向,城市次干路,2,21,53.78,13.22,6.69,0,0,0,0,0,0,0
2026-03-03 13:45:00,D05,S05,东向,城市次干路,2,16,50.16,11.55,7.18,0,0,0,0,0,0,0
2026-03-03 14:00:00,D05,S05,东向,城市次干路,2,17,51.66,12.53,6.97,0,0,0,0,0,0,0
2026-03-03 14:15:00,D05,S05,东向,城市次干路,2,11,48.43,12.29,7.43,0,0,0,0,0,0,0
2026-03-03 14:30:00,D05,S05,东向,城市次干路,2,22,46.23,15.78,7.79,0,0,0,0,0,0,0
2026-03-03 14:45:00,D05,S05,东向,城市次干路,2,14,51.4,12.94,7.0,0,0,0,0,0,0,0
2026-03-03 15:00:00,D05,S05,东向,城市次干路,2,23,51.17,15.0,7.04,0,0,0,0,0,0,0
2026-03-03 15:15:00,D05,S05,东向,城市次干路,2,20,54.9,16.87,6.56,0,0,0,0,0,0,0
2026-03-03 15:30:00,D05,S05,东向,城市次干路,2,12,49.75,13.32,7.24,0,0,0,0,0,0,0
2026-03-03 15:45:00,D05,S05,东向,城市次干路,2,43,42.17,24.32,8.54,0,0,0,0,0,0,0
2026-03-03 16:00:00,D05,S05,东向,城市次干路,2,35,41.23,22.35,8.73,0,0,0,0,0,0,0
2026-03-03 16:15:00,D05,S05,东向,城市次干路,2,31,48.44,20.6,7.43,0,0,0,0,0,0,0
2026-03-03 16:30:00,D05,S05,东向,城市次干路,2,42,48.41,20.93,7.44,0,0,0,1,0,0,0
2026-03-03 16:45:00,D05,S05,东向,城市次干路,2,40,41.26,26.05,8.73,0,0,0,1,0,0,0
2026-03-03 17:00:00,D05,S05,东向,城市次干路,2,46,42.35,23.45,8.5,0,0,0,1,0,0,0
2026-03-03 17:15:00,D05,S05,东向,城市次干路,2,50,38.91,33.83,9.25,0,0,0,1,0,1,1
2026-03-03 17:30:00,D05,S05,东向,城市次干路,2,45,40.92,27.73,8.8,0,0,0,1,0,0,0
2026-03-03 17:45:00,D05,S05,东向,城市次干路,2,47,36.9,33.2,9.76,0,0,0,1,0,1,1
2026-03-03 18:00:00,D05,S05,东向,城市次干路,2,47,29.46,37.46,12.22,0,0,0,1,0,1,1
2026-03-03 18:15:00,D05,S05,东向,城市次干路,2,29,58.6,16.28,6.14,0,0,0,1,0,0,0
2026-03-03 18:30:00,D05,S05,东向,城市次干路,2,38,52.75,18.82,6.83,0,0,0,1,0,0,0
2026-03-03 18:45:00,D05,S05,东向,城市次干路,2,34,51.11,21.85,7.04,0,0,0,1,0,0,0
2026-03-03 19:00:00,D05,S05,东向,城市次干路,2,23,47.12,18.64,7.64,0,0,0,1,0,0,0
2026-03-03 19:15:00,D05,S05,东向,城市次干路,2,19,45.49,14.82,7.91,0,0,0,1,0,0,0
2026-03-03 19:30:00,D05,S05,东向,城市次干路,2,8,45.67,10.92,7.88,0,0,0,0,0,0,0
2026-03-03 19:45:00,D05,S05,东向,城市次干路,2,25,38.48,17.65,9.36,0,0,0,0,0,1,0
2026-03-03 20:00:00,D05,S05,东向,城市次干路,2,19,48.51,7.22,7.42,0,0,0,0,0,0,0
2026-03-03 20:15:00,D05,S05,东向,城市次干路,2,6,58.18,8.55,6.19,0,0,0,0,0,0,0
2026-03-03 20:30:00,D05,S05,东向,城市次干路,2,14,44.91,12.93,8.02,0,0,0,0,0,0,0
2026-03-03 20:45:00,D05,S05,东向,城市次干路,2,22,46.44,14.6,7.75,0,0,0,0,0,0,0
2026-03-03 21:00:00,D05,S05,东向,城市次干路,2,11,51.84,15.07,6.94,0,0,0,0,0,0,0
2026-03-03 21:15:00,D05,S05,东向,城市次干路,2,17,46.15,14.0,7.8,0,0,0,0,0,0,0
2026-03-03 21:30:00,D05,S05,东向,城市次干路,2,10,51.01,12.93,7.06,0,0,0,0,0,0,0
2026-03-03 21:45:00,D05,S05,东向,城市次干路,2,22,56.92,16.09,6.32,0,0,0,0,0,0,0
2026-03-03 22:00:00,D05,S05,东向,城市次干路,2,4,50.13,6.34,7.18,0,0,0,0,0,0,0
2026-03-03 22:15:00,D05,S05,东向,城市次干路,2,17,53.97,12.5,6.67,0,0,0,0,0,0,0
2026-03-03 22:30:00,D05,S05,东向,城市次干路,2,15,54.82,9.91,6.57,0,0,0,0,0,0,0
2026-03-03 22:45:00,D05,S05,东向,城市次干路,2,27,45.6,16.05,7.89,0,0,0,0,0,0,0
2026-03-03 23:00:00,D05,S05,东向,城市次干路,2,19,45.3,12.43,7.95,0,0,0,0,0,0,0
2026-03-03 23:15:00,D05,S05,东向,城市次干路,2,18,50.79,12.97,7.09,0,0,0,0,0,0,0
2026-03-03 23:30:00,D05,S05,东向,城市次干路,2,19,46.07,13.66,7.81,0,0,0,0,0,0,0
2026-03-03 23:45:00,D05,S05,东向,城市次干路,2,22,47.14,16.26,7.64,0,0,0,0,0,0,0
2026-03-04 00:00:00,D05,S05,东向,城市次干路,2,3,49.87,2.0,7.22,0,0,0,0,0,0,0
2026-03-04 00:15:00,D05,S05,东向,城市次干路,2,12,57.8,12.75,6.23,0,0,0,0,0,0,0
2026-03-04 00:30:00,D05,S05,东向,城市次干路,2,24,48.17,15.31,7.47,0,0,0,0,0,0,0
2026-03-04 00:45:00,D05,S05,东向,城市次干路,2,18,53.32,11.01,6.75,0,0,0,0,0,0,0
2026-03-04 01:00:00,D05,S05,东向,城市次干路,2,10,47.52,8.09,7.58,0,0,0,0,0,0,0
2026-03-04 01:15:00,D05,S05,东向,城市次干路,2,25,46.07,14.08,7.81,0,0,0,0,0,0,0
2026-03-04 01:30:00,D05,S05,东向,城市次干路,2,26,53.8,16.11,6.69,0,0,0,0,0,0,0
2026-03-04 01:45:00,D05,S05,东向,城市次干路,2,20,47.6,15.89,7.56,0,0,0,0,0,0,0
2026-03-04 02:00:00,D05,S05,东向,城市次干路,2,16,49.9,17.69,7.21,0,0,0,0,0,0,0
2026-03-04 02:15:00,D05,S05,东向,城市次干路,2,27,39.07,23.31,9.21,0,0,0,0,0,1,0
2026-03-04 02:30:00,D05,S05,东向,城市次干路,2,22,48.06,15.01,7.49,0,0,0,0,0,0,0
2026-03-04 02:45:00,D05,S05,东向,城市次干路,2,18,45.92,12.85,7.84,0,0,0,0,0,0,0
2026-03-04 03:00:00,D05,S05,东向,城市次干路,2,23,44.9,13.57,8.02,0,0,0,0,0,0,0
2026-03-04 03:15:00,D05,S05,东向,城市次干路,2,17,58.85,17.0,6.12,0,0,0,0,0,0,0
2026-03-04 03:30:00,D05,S05,东向,城市次干路,2,25,42.16,20.32,8.54,0,0,0,0,0,0,0
2026-03-04 03:45:00,D05,S05,东向,城市次干路,2,3,51.79,9.42,6.95,0,0,0,0,0,0,0
2026-03-04 04:00:00,D05,S05,东向,城市次干路,2,15,49.86,12.46,7.22,0,0,0,0,0,0,0
2026-03-04 04:15:00,D05,S05,东向,城市次干路,2,15,52.76,12.85,6.82,0,0,0,0,0,0,0
2026-03-04 04:30:00,D05,S05,东向,城市次干路,2,23,44.67,14.96,8.06,0,0,0,0,0,0,0
2026-03-04 04:45:00,D05,S05,东向,城市次干路,2,23,43.3,19.36,8.31,0,0,0,0,0,0,0
2026-03-04 05:00:00,D05,S05,东向,城市次干路,2,23,43.5,10.83,8.28,0,0,0,0,0,0,0
2026-03-04 05:15:00,D05,S05,东向,城市次干路,2,11,55.14,12.67,6.53,0,0,0,0,0,0,0
2026-03-04 05:30:00,D05,S05,东向,城市次干路,2,8,45.11,3.85,7.98,0,0,0,0,0,0,0
2026-03-04 05:45:00,D05,S05,东向,城市次干路,2,18,45.2,14.03,7.97,0,0,0,0,0,0,0
2026-03-04 06:00:00,D05,S05,东向,城市次干路,2,19,39.54,16.48,9.1,1,0,0,0,0,1,0
2026-03-04 06:15:00,D05,S05,东向,城市次干路,2,22,35.96,24.08,10.01,1,0,0,0,0,1,0
2026-03-04 06:30:00,D05,S05,东向,城市次干路,2,25,43.23,17.86,8.33,1,0,0,0,0,0,0
2026-03-04 06:45:00,D05,S05,东向,城市次干路,2,23,35.54,22.88,10.13,1,0,0,0,0,1,0
2026-03-04 07:00:00,D05,S05,东向,城市次干路,2,24,44.39,18.69,8.11,1,0,0,1,0,0,0
2026-03-04 07:15:00,D05,S05,东向,城市次干路,2,35,42.93,20.23,8.39,1,0,0,1,0,0,0
2026-03-04 07:30:00,D05,S05,东向,城市次干路,2,31,37.3,25.53,9.65,1,0,0,1,0,1,0
2026-03-04 07:45:00,D05,S05,东向,城市次干路,2,43,40.65,26.6,8.86,1,0,0,1,0,0,0
2026-03-04 08:00:00,D05,S05,东向,城市次干路,2,46,28.25,39.07,12.74,1,0,0,1,0,1,1
2026-03-04 08:15:00,D05,S05,东向,城市次干路,2,46,39.44,27.9,9.13,1,0,0,1,0,1,0
2026-03-04 08:30:00,D05,S05,东向,城市次干路,2,37,31.58,32.19,11.4,1,0,0,1,0,1,1
2026-03-04 08:45:00,D05,S05,东向,城市次干路,2,50,31.42,35.23,11.46,1,0,0,1,0,1,1
2026-03-04 09:00:00,D05,S05,东向,城市次干路,2,50,34.74,37.33,10.36,1,0,0,1,0,1,1
2026-03-04 09:15:00,D05,S05,东向,城市次干路,2,44,36.18,31.4,9.95,1,0,0,1,0,1,1
2026-03-04 09:30:00,D05,S05,东向,城市次干路,2,33,41.46,18.7,8.68,1,0,0,0,0,0,0
2026-03-04 09:45:00,D05,S05,东向,城市次干路,2,20,42.96,14.56,8.38,1,0,0,0,0,0,0
2026-03-04 10:00:00,D05,S05,东向,城市次干路,2,31,37.79,23.07,9.53,1,0,0,0,0,1,0
2026-03-04 10:15:00,D05,S05,东向,城市次干路,2,30,34.41,23.34,10.46,1,0,0,0,0,1,1
2026-03-04 10:30:00,D05,S05,东向,城市次干路,2,24,45.57,20.82,7.9,1,0,0,0,0,0,0
2026-03-04 10:45:00,D05,S05,东向,城市次干路,2,12,42.04,14.47,8.56,1,0,0,0,0,0,0
2026-03-04 11:00:00,D05,S05,东向,城市次干路,2,19,43.16,16.68,8.34,1,0,0,0,0,0,0
2026-03-04 11:15:00,D05,S05,东向,城市次干路,2,14,42.13,13.77,8.55,1,0,0,0,0,0,0
2026-03-04 11:30:00,D05,S05,东向,城市次干路,2,11,40.94,15.73,8.79,1,0,0,0,0,0,0
2026-03-04 11:45:00,D05,S05,东向,城市次干路,2,20,37.33,20.73,9.64,1,0,0,0,0,1,0
2026-03-04 12:00:00,D05,S05,东向,城市次干路,2,19,41.36,15.22,8.7,1,0,0,0,0,0,0
2026-03-04 12:15:00,D05,S05,东向,城市次干路,2,21,42.42,19.28,8.49,0,0,0,0,0,0,0
2026-03-04 12:30:00,D05,S05,东向,城市次干路,2,7,53.78,6.99,6.69,0,0,0,0,0,0,0
2026-03-04 12:45:00,D05,S05,东向,城市次干路,2,25,55.22,13.79,6.52,0,0,0,0,0,0,0
2026-03-04 13:00:00,D05,S05,东向,城市次干路,2,9,56.42,11.72,6.38,0,0,0,0,0,0,0
2026-03-04 13:15:00,D05,S05,东向,城市次干路,2,19,53.48,12.45,6.73,0,0,0,0,0,0,0
2026-03-04 13:30:00,D05,S05,东向,城市次干路,2,13,51.9,9.07,6.94,0,0,0,0,0,0,0
2026-03-04 13:45:00,D05,S05,东向,城市次干路,2,15,53.11,15.2,6.78,0,0,0,0,0,0,0
2026-03-04 14:00:00,D05,S05,东向,城市次干路,2,15,53.76,10.81,6.7,0,0,0,0,0,0,0
2026-03-04 14:15:00,D05,S05,东向,城市次干路,2,6,53.4,5.65,6.74,0,0,0,0,0,0,0
2026-03-04 14:30:00,D05,S05,东向,城市次干路,2,17,47.1,8.44,7.64,0,0,0,0,0,0,0
2026-03-04 14:45:00,D05,S05,东向,城市次干路,2,10,53.76,5.77,6.7,0,0,0,0,0,0,0
2026-03-04 15:00:00,D05,S05,东向,城市次干路,2,25,46.76,16.19,7.7,0,0,0,0,0,0,0
2026-03-04 15:15:00,D05,S05,东向,城市次干路,2,22,47.16,16.66,7.63,0,0,0,0,0,0,0
2026-03-04 15:30:00,D05,S05,东向,城市次干路,2,29,44.68,18.0,8.06,0,0,0,0,0,0,0
2026-03-04 15:45:00,D05,S05,东向,城市次干路,2,12,42.75,11.47,8.42,0,0,0,0,0,0,0
2026-03-04 16:00:00,D05,S05,东向,城市次干路,2,40,42.48,25.45,8.48,1,0,0,0,0,0,0
2026-03-04 16:15:00,D05,S05,东向,城市次干路,2,41,34.36,32.2,10.48,1,0,0,0,0,1,1
2026-03-04 16:30:00,D05,S05,东向,城市次干路,2,49,33.38,30.17,10.79,1,0,0,1,0,1,1
2026-03-04 16:45:00,D05,S05,东向,城市次干路,2,45,37.8,28.83,9.52,1,0,0,1,0,1,0
2026-03-04 17:00:00,D05,S05,东向,城市次干路,2,51,24.77,41.19,14.53,1,0,0,1,0,1,1
2026-03-04 17:15:00,D05,S05,东向,城市次干路,2,56,27.71,41.14,12.99,1,0,0,1,0,1,1
2026-03-04 17:30:00,D05,S05,东向,城市次干路,2,56,28.89,40.12,12.46,1,0,0,1,0,1,1
2026-03-04 17:45:00,D05,S05,东向,城市次干路,2,34,34.49,26.99,10.44,1,0,0,1,0,1,1
2026-03-04 18:00:00,D05,S05,东向,城市次干路,2,43,30.93,35.14,11.64,1,0,0,1,1,1,1
2026-03-04 18:15:00,D05,S05,东向,城市次干路,2,44,29.29,34.88,12.29,1,0,0,1,0,1,1
2026-03-04 18:30:00,D05,S05,东向,城市次干路,2,34,39.68,21.66,9.07,1,0,0,1,0,1,0
2026-03-04 18:45:00,D05,S05,东向,城市次干路,2,31,41.35,22.88,8.71,1,0,0,1,0,0,0
2026-03-04 19:00:00,D05,S05,东向,城市次干路,2,24,43.64,19.34,8.25,1,0,0,1,0,0,0
2026-03-04 19:15:00,D05,S05,东向,城市次干路,2,24,40.57,19.38,8.87,1,0,0,1,0,0,0
2026-03-04 19:30:00,D05,S05,东向,城市次干路,2,24,35.97,22.29,10.01,1,0,0,0,0,1,0
2026-03-04 19:45:00,D05,S05,东向,城市次干路,2,27,47.46,14.8,7.58,1,0,0,0,0,0,0
2026-03-04 20:00:00,D05,S05,东向,城市次干路,2,10,41.41,10.26,8.69,1,0,0,0,0,0,0
2026-03-04 20:15:00,D05,S05,东向,城市次干路,2,10,40.32,11.8,8.93,1,0,0,0,0,0,0
2026-03-04 20:30:00,D05,S05,东向,城市次干路,2,25,42.07,17.33,8.56,1,0,0,0,0,0,0
2026-03-04 20:45:00,D05,S05,东向,城市次干路,2,25,37.1,19.08,9.7,1,0,0,0,0,1,0
2026-03-04 21:00:00,D05,S05,东向,城市次干路,2,14,40.46,16.08,8.9,1,0,0,0,0,0,0
2026-03-04 21:15:00,D05,S05,东向,城市次干路,2,20,48.33,17.22,7.45,0,0,0,0,0,0,0
2026-03-04 21:30:00,D05,S05,东向,城市次干路,2,24,52.11,15.57,6.91,0,0,0,0,0,0,0
2026-03-04 21:45:00,D05,S05,东向,城市次干路,2,20,44.13,18.94,8.16,0,0,0,0,0,0,0
2026-03-04 22:00:00,D05,S05,东向,城市次干路,2,17,47.58,12.88,7.57,0,0,0,0,0,0,0
2026-03-04 22:15:00,D05,S05,东向,城市次干路,2,21,51.94,11.92,6.93,0,0,0,0,0,0,0
2026-03-04 22:30:00,D05,S05,东向,城市次干路,2,10,47.48,8.21,7.58,0,0,0,0,0,0,0
2026-03-04 22:45:00,D05,S05,东向,城市次干路,2,12,51.02,12.11,7.06,0,0,0,0,0,0,0
2026-03-04 23:00:00,D05,S05,东向,城市次干路,2,13,44.23,15.08,8.14,0,0,0,0,0,0,0
2026-03-04 23:15:00,D05,S05,东向,城市次干路,2,22,55.19,15.47,6.52,0,0,0,0,0,0,0
2026-03-04 23:30:00,D05,S05,东向,城市次干路,2,22,51.68,14.01,6.97,0,0,0,0,0,0,0
2026-03-04 23:45:00,D05,S05,东向,城市次干路,2,19,54.68,14.74,6.58,0,0,0,0,0,0,0
2026-03-05 00:00:00,D05,S05,东向,城市次干路,2,18,55.96,13.55,6.43,0,0,0,0,0,0,0
2026-03-05 00:15:00,D05,S05,东向,城市次干路,2,21,47.47,15.92,7.58,0,0,0,0,0,0,0
2026-03-05 00:30:00,D05,S05,东向,城市次干路,2,22,51.14,13.51,7.04,0,0,0,0,0,0,0
2026-03-05 00:45:00,D05,S05,东向,城市次干路,2,17,44.9,11.86,8.02,0,0,0,0,0,0,0
2026-03-05 01:00:00,D05,S05,东向,城市次干路,2,7,49.93,10.73,7.21,0,0,0,0,0,0,0
2026-03-05 01:15:00,D05,S05,东向,城市次干路,2,14,49.92,11.09,7.21,0,0,0,0,0,0,0
2026-03-05 01:30:00,D05,S05,东向,城市次干路,2,20,53.62,11.61,6.71,0,0,0,0,0,0,0
2026-03-05 01:45:00,D05,S05,东向,城市次干路,2,10,50.18,15.49,7.17,0,0,0,0,0,0,0
2026-03-05 02:00:00,D05,S05,东向,城市次干路,2,16,54.08,12.2,6.66,0,0,0,0,0,0,0
2026-03-05 02:15:00,D05,S05,东向,城市次干路,2,18,49.25,14.88,7.31,0,0,0,0,0,0,0
2026-03-05 02:30:00,D05,S05,东向,城市次干路,2,25,53.06,15.64,6.78,0,0,0,0,0,0,0
2026-03-05 02:45:00,D05,S05,东向,城市次干路,2,17,44.04,10.01,8.17,0,0,0,0,0,0,0
2026-03-05 03:00:00,D05,S05,东向,城市次干路,2,12,50.84,9.85,7.08,0,0,0,0,0,0,0
2026-03-05 03:15:00,D05,S05,东向,城市次干路,2,23,44.91,11.54,8.02,0,0,0,0,0,0,0
2026-03-05 03:30:00,D05,S05,东向,城市次干路,2,6,49.53,11.36,7.27,0,0,0,0,0,0,0
2026-03-05 03:45:00,D05,S05,东向,城市次干路,2,15,50.14,10.86,7.18,0,0,0,0,0,0,0
2026-03-05 04:00:00,D05,S05,东向,城市次干路,2,16,48.19,11.84,7.47,0,0,0,0,0,0,0
2026-03-05 04:15:00,D05,S05,东向,城市次干路,2,10,50.14,7.19,7.18,0,0,0,0,0,0,0
2026-03-05 04:30:00,D05,S05,东向,城市次干路,2,15,44.97,15.76,8.01,0,0,0,0,0,0,0
2026-03-05 04:45:00,D05,S05,东向,城市次干路,2,19,48.26,16.14,7.46,0,0,0,0,0,0,0
2026-03-05 05:00:00,D05,S05,东向,城市次干路,2,19,42.76,14.92,8.42,0,0,0,0,0,0,0
2026-03-05 05:15:00,D05,S05,东向,城市次干路,2,12,48.57,6.34,7.41,0,0,0,0,0,0,0
2026-03-05 05:30:00,D05,S05,东向,城市次干路,2,19,42.82,16.19,8.41,0,0,0,0,0,0,0
2026-03-05 05:45:00,D05,S05,东向,城市次干路,2,15,48.64,11.94,7.4,0,0,0,0,0,0,0
2026-03-05 06:00:00,D05,S05,东向,城市次干路,2,19,54.05,15.77,6.66,0,0,0,0,0,0,0
2026-03-05 06:15:00,D05,S05,东向,城市次干路,2,22,45.71,15.12,7.88,0,0,0,0,0,0,0
2026-03-05 06:30:00,D05,S05,东向,城市次干路,2,21,50.39,14.8,7.14,0,0,0,0,0,0,0
2026-03-05 06:45:00,D05,S05,东向,城市次干路,2,20,58.1,14.76,6.2,0,0,0,0,0,0,0
2026-03-05 07:00:00,D05,S05,东向,城市次干路,2,19,47.94,16.54,7.51,0,0,0,1,0,0,0
2026-03-05 07:15:00,D05,S05,东向,城市次干路,2,24,45.02,15.43,8.0,0,0,0,1,0,0,0
2026-03-05 07:30:00,D05,S05,东向,城市次干路,2,40,39.92,26.84,9.02,0,0,0,1,0,1,0
2026-03-05 07:45:00,D05,S05,东向,城市次干路,2,31,45.23,16.8,7.96,0,0,0,1,0,0,0
2026-03-05 08:00:00,D05,S05,东向,城市次干路,2,36,41.44,22.39,8.69,0,0,0,1,0,0,0
2026-03-05 08:15:00,D05,S05,东向,城市次干路,2,57,31.47,35.7,11.44,0,0,0,1,0,1,1
2026-03-05 08:30:00,D05,S05,东向,城市次干路,2,36,48.53,22.19,7.42,0,0,0,1,0,0,0
2026-03-05 08:45:00,D05,S05,东向,城市次干路,2,50,39.43,32.46,9.13,0,0,0,1,0,1,1
2026-03-05 09:00:00,D05,S05,东向,城市次干路,2,42,39.42,29.64,9.13,0,0,0,1,0,1,0
2026-03-05 09:15:00,D05,S05,东向,城市次干路,2,48,37.0,31.75,9.73,0,0,0,1,0,1,1
2026-03-05 09:30:00,D05,S05,东向,城市次干路,2,29,43.65,18.11,8.25,0,0,0,0,0,0,0
2026-03-05 09:45:00,D05,S05,东向,城市次干路,2,25,47.21,13.16,7.62,0,0,0,0,0,0,0
2026-03-05 10:00:00,D05,S05,东向,城市次干路,2,36,45.86,18.65,7.85,0,0,0,0,0,0,0
2026-03-05 10:15:00,D05,S05,东向,城市次干路,2,35,39.15,25.3,9.2,0,0,0,0,0,1,0
2026-03-05 10:30:00,D05,S05,东向,城市次干路,2,18,45.16,18.14,7.97,0,0,0,0,0,0,0
2026-03-05 10:45:00,D05,S05,东向,城市次干路,2,9,48.27,5.0,7.46,0,0,0,0,0,0,0
2026-03-05 11:00:00,D05,S05,东向,城市次干路,2,18,48.19,12.51,7.47,0,0,0,0,0,0,0
2026-03-05 11:15:00,D05,S05,东向,城市次干路,2,15,50.38,12.93,7.15,0,0,0,0,0,0,0
2026-03-05 11:30:00,D05,S05,东向,城市次干路,2,15,46.17,15.03,7.8,0,0,0,0,0,0,0
2026-03-05 11:45:00,D05,S05,东向,城市次干路,2,9,45.26,10.81,7.95,0,0,0,0,0,0,0
2026-03-05 12:00:00,D05,S05,东向,城市次干路,2,18,49.97,15.07,7.2,0,0,0,0,0,0,0
2026-03-05 12:15:00,D05,S05,东向,城市次干路,2,11,52.45,6.02,6.86,0,0,0,0,0,0,0
2026-03-05 12:30:00,D05,S05,东向,城市次干路,2,19,52.18,16.51,6.9,0,0,0,0,0,0,0
2026-03-05 12:45:00,D05,S05,东向,城市次干路,2,19,48.58,17.55,7.41,0,0,0,0,0,0,0
2026-03-05 13:00:00,D05,S05,东向,城市次干路,2,14,47.94,11.6,7.51,0,0,0,0,0,0,0
2026-03-05 13:15:00,D05,S05,东向,城市次干路,2,21,37.5,17.9,9.6,0,0,0,0,0,1,0
2026-03-05 13:30:00,D05,S05,东向,城市次干路,2,27,45.1,15.57,7.98,0,0,0,0,0,0,0
2026-03-05 13:45:00,D05,S05,东向,城市次干路,2,20,36.11,24.12,9.97,0,0,0,0,0,1,0
2026-03-05 14:00:00,D05,S05,东向,城市次干路,2,18,40.85,16.36,8.81,0,0,0,0,0,0,0
2026-03-05 14:15:00,D05,S05,东向,城市次干路,2,19,44.53,14.08,8.09,0,0,0,0,0,0,0
2026-03-05 14:30:00,D05,S05,东向,城市次干路,2,24,47.68,17.88,7.55,0,0,0,0,0,0,0
2026-03-05 14:45:00,D05,S05,东向,城市次干路,2,27,49.4,20.95,7.29,0,0,0,0,0,0,0
2026-03-05 15:00:00,D05,S05,东向,城市次干路,2,8,47.18,10.34,7.63,0,0,0,0,0,0,0
2026-03-05 15:15:00,D05,S05,东向,城市次干路,2,17,46.07,9.98,7.81,0,0,0,0,0,0,0
2026-03-05 15:30:00,D05,S05,东向,城市次干路,2,29,45.68,17.88,7.88,0,0,0,0,0,0,0
2026-03-05 15:45:00,D05,S05,东向,城市次干路,2,19,50.17,14.18,7.18,0,0,0,0,0,0,0
2026-03-05 16:00:00,D05,S05,东向,城市次干路,2,34,40.1,23.83,8.98,0,0,0,0,0,0,0
2026-03-05 16:15:00,D05,S05,东向,城市次干路,2,29,52.83,16.46,6.81,0,0,0,0,0,0,0
2026-03-05 16:30:00,D05,S05,东向,城市次干路,2,41,48.5,22.94,7.42,0,0,0,1,0,0,0
2026-03-05 16:45:00,D05,S05,东向,城市次干路,2,46,37.64,30.32,9.56,0,0,0,1,0,1,1
2026-03-05 17:00:00,D05,S05,东向,城市次干路,2,42,47.93,25.06,7.51,0,0,0,1,0,0,0
2026-03-05 17:15:00,D05,S05,东向,城市次干路,2,54,35.15,32.52,10.24,0,0,0,1,0,1,1
2026-03-05 17:30:00,D05,S05,东向,城市次干路,2,59,23.64,47.9,15.23,0,0,0,1,0,1,1
2026-03-05 17:45:00,D05,S05,东向,城市次干路,2,42,47.48,27.4,7.58,0,0,0,1,0,0,0
2026-03-05 18:00:00,D05,S05,东向,城市次干路,2,48,28.63,37.15,12.57,0,0,0,1,0,1,1
2026-03-05 18:15:00,D05,S05,东向,城市次干路,2,44,43.56,24.99,8.26,0,0,0,1,0,0,0
2026-03-05 18:30:00,D05,S05,东向,城市次干路,2,38,36.83,28.1,9.77,0,0,0,1,0,1,0
2026-03-05 18:45:00,D05,S05,东向,城市次干路,2,36,42.63,23.58,8.44,0,0,0,1,0,0,0
2026-03-05 19:00:00,D05,S05,东向,城市次干路,2,33,43.58,19.66,8.26,0,0,0,1,0,0,0
2026-03-05 19:15:00,D05,S05,东向,城市次干路,2,32,43.06,23.32,8.36,0,0,0,1,0,0,0
2026-03-05 19:30:00,D05,S05,东向,城市次干路,2,23,44.32,21.59,8.12,0,0,0,0,0,0,0
2026-03-05 19:45:00,D05,S05,东向,城市次干路,2,30,49.68,18.81,7.25,0,0,0,0,0,0,0
2026-03-05 20:00:00,D05,S05,东向,城市次干路,2,22,46.76,15.24,7.7,0,0,0,0,0,0,0
2026-03-05 20:15:00,D05,S05,东向,城市次干路,2,10,44.98,9.02,8.0,0,0,0,0,0,0,0
2026-03-05 20:30:00,D05,S05,东向,城市次干路,2,13,53.03,13.49,6.79,0,0,0,0,0,0,0
2026-03-05 20:45:00,D05,S05,东向,城市次干路,2,12,39.87,16.44,9.03,0,0,0,0,0,1,0
2026-03-05 21:00:00,D05,S05,东向,城市次干路,2,14,49.25,13.56,7.31,0,0,0,0,0,0,0
2026-03-05 21:15:00,D05,S05,东向,城市次干路,2,29,48.77,19.75,7.38,0,0,0,0,0,0,0
2026-03-05 21:30:00,D05,S05,东向,城市次干路,2,18,49.49,11.24,7.27,0,0,0,0,0,0,0
2026-03-05 21:45:00,D05,S05,东向,城市次干路,2,28,51.05,15.25,7.05,0,0,0,0,0,0,0
2026-03-05 22:00:00,D05,S05,东向,城市次干路,2,15,50.39,9.07,7.14,0,0,0,0,0,0,0
2026-03-05 22:15:00,D05,S05,东向,城市次干路,2,13,48.27,10.02,7.46,0,0,0,0,0,0,0
2026-03-05 22:30:00,D05,S05,东向,城市次干路,2,10,53.9,11.08,6.68,0,0,0,0,0,0,0
2026-03-05 22:45:00,D05,S05,东向,城市次干路,2,21,33.95,23.79,10.6,0,0,0,0,0,1,1
2026-03-05 23:00:00,D05,S05,东向,城市次干路,2,12,50.25,11.86,7.16,0,0,0,0,0,0,0
2026-03-05 23:15:00,D05,S05,东向,城市次干路,2,13,52.49,9.21,6.86,0,0,0,0,0,0,0
2026-03-05 23:30:00,D05,S05,东向,城市次干路,2,9,53.25,9.92,6.76,0,0,0,0,0,0,0
2026-03-05 23:45:00,D05,S05,东向,城市次干路,2,18,49.67,12.17,7.25,0,0,0,0,0,0,0
2026-03-06 00:00:00,D05,S05,东向,城市次干路,2,3,50.56,5.87,7.12,0,0,0,0,0,0,0
2026-03-06 00:15:00,D05,S05,东向,城市次干路,2,26,38.92,23.7,9.25,0,0,0,0,0,1,0
2026-03-06 00:30:00,D05,S05,东向,城市次干路,2,25,47.86,15.09,7.52,0,0,0,0,0,0,0
2026-03-06 00:45:00,D05,S05,东向,城市次干路,2,24,43.14,16.38,8.35,0,0,0,0,0,0,0
2026-03-06 01:00:00,D05,S05,东向,城市次干路,2,12,49.39,10.96,7.29,0,0,0,0,0,0,0
2026-03-06 01:15:00,D05,S05,东向,城市次干路,2,26,55.44,17.63,6.49,0,0,0,0,0,0,0
2026-03-06 01:30:00,D05,S05,东向,城市次干路,2,19,42.52,17.85,8.47,0,0,0,0,0,0,0
2026-03-06 01:45:00,D05,S05,东向,城市次干路,2,14,52.44,12.6,6.86,0,0,0,0,0,0,0
2026-03-06 02:00:00,D05,S05,东向,城市次干路,2,21,49.29,14.22,7.3,0,0,0,0,0,0,0
2026-03-06 02:15:00,D05,S05,东向,城市次干路,2,13,48.59,11.6,7.41,0,0,0,0,0,0,0
2026-03-06 02:30:00,D05,S05,东向,城市次干路,2,21,47.59,16.03,7.56,0,0,0,0,0,0,0
2026-03-06 02:45:00,D05,S05,东向,城市次干路,2,33,43.74,21.6,8.23,0,0,0,0,0,0,0
2026-03-06 03:00:00,D05,S05,东向,城市次干路,2,19,46.63,12.56,7.72,0,0,0,0,0,0,0
2026-03-06 03:15:00,D05,S05,东向,城市次干路,2,25,46.99,16.06,7.66,0,0,0,0,0,0,0
2026-03-06 03:30:00,D05,S05,东向,城市次干路,2,14,42.42,12.18,8.49,0,0,0,0,0,0,0
2026-03-06 03:45:00,D05,S05,东向,城市次干路,2,24,50.64,15.03,7.11,0,0,0,0,0,0,0
2026-03-06 04:00:00,D05,S05,东向,城市次干路,2,20,49.31,15.12,7.3,0,0,0,0,0,0,0
2026-03-06 04:15:00,D05,S05,东向,城市次干路,2,13,55.48,15.26,6.49,0,0,0,0,0,0,0
2026-03-06 04:30:00,D05,S05,东向,城市次干路,2,20,49.03,12.62,7.34,0,0,0,0,0,0,0
2026-03-06 04:45:00,D05,S05,东向,城市次干路,2,18,45.2,13.79,7.96,0,0,0,0,0,0,0
2026-03-06 05:00:00,D05,S05,东向,城市次干路,2,11,41.95,10.71,8.58,0,0,0,0,0,0,0
2026-03-06 05:15:00,D05,S05,东向,城市次干路,2,14,46.12,10.91,7.8,0,0,0,0,0,0,0
2026-03-06 05:30:00,D05,S05,东向,城市次干路,2,20,48.71,15.64,7.39,0,0,0,0,0,0,0
2026-03-06 05:45:00,D05,S05,东向,城市次干路,2,12,43.79,10.23,8.22,0,0,0,0,0,0,0
2026-03-06 06:00:00,D05,S05,东向,城市次干路,2,31,42.11,19.92,8.55,0,0,0,0,0,0,0
2026-03-06 06:15:00,D05,S05,东向,城市次干路,2,21,49.25,17.28,7.31,0,0,0,0,0,0,0
2026-03-06 06:30:00,D05,S05,东向,城市次干路,2,17,43.95,14.73,8.19,0,0,0,0,0,0,0
2026-03-06 06:45:00,D05,S05,东向,城市次干路,2,24,41.24,20.56,8.73,0,0,0,0,0,0,0
2026-03-06 07:00:00,D05,S05,东向,城市次干路,2,28,44.13,19.0,8.16,0,0,0,1,0,0,0
2026-03-06 07:15:00,D05,S05,东向,城市次干路,2,23,46.47,13.85,7.75,0,0,0,1,0,0,0
2026-03-06 07:30:00,D05,S05,东向,城市次干路,2,32,42.49,18.58,8.47,0,0,0,1,0,0,0
2026-03-06 07:45:00,D05,S05,东向,城市次干路,2,43,44.02,25.59,8.18,0,0,0,1,0,0,0
2026-03-06 08:00:00,D05,S05,东向,城市次干路,2,53,32.64,35.93,11.03,0,0,0,1,0,1,1
2026-03-06 08:15:00,D05,S05,东向,城市次干路,2,45,42.61,28.67,8.45,0,0,0,1,0,0,0
2026-03-06 08:30:00,D05,S05,东向,城市次干路,2,47,31.89,38.76,11.29,0,0,0,1,0,1,1
2026-03-06 08:45:00,D05,S05,东向,城市次干路,2,45,41.01,26.69,8.78,0,0,0,1,0,0,0
2026-03-06 09:00:00,D05,S05,东向,城市次干路,2,39,35.75,29.35,10.07,0,0,0,1,0,1,0
2026-03-06 09:15:00,D05,S05,东向,城市次干路,2,30,43.95,20.71,8.19,0,0,0,1,0,0,0
2026-03-06 09:30:00,D05,S05,东向,城市次干路,2,30,50.2,13.08,7.17,0,0,0,0,0,0,0
2026-03-06 09:45:00,D05,S05,东向,城市次干路,2,31,50.88,17.31,7.07,0,0,0,0,0,0,0
2026-03-06 10:00:00,D05,S05,东向,城市次干路,2,39,41.51,27.76,8.67,0,0,0,0,0,0,0
2026-03-06 10:15:00,D05,S05,东向,城市次干路,2,17,52.83,14.27,6.81,0,0,0,0,0,0,0
2026-03-06 10:30:00,D05,S05,东向,城市次干路,2,20,49.21,14.58,7.32,0,0,0,0,0,0,0
2026-03-06 10:45:00,D05,S05,东向,城市次干路,2,12,41.43,13.24,8.69,0,0,0,0,0,0,0
2026-03-06 11:00:00,D05,S05,东向,城市次干路,2,14,50.45,10.61,7.14,0,0,0,0,0,0,0
2026-03-06 11:15:00,D05,S05,东向,城市次干路,2,16,49.68,16.6,7.25,0,0,0,0,0,0,0
2026-03-06 11:30:00,D05,S05,东向,城市次干路,2,20,44.32,15.23,8.12,0,0,0,0,0,0,0
2026-03-06 11:45:00,D05,S05,东向,城市次干路,2,19,46.91,17.03,7.67,0,0,0,0,0,0,0
2026-03-06 12:00:00,D05,S05,东向,城市次干路,2,17,47.59,11.85,7.56,0,0,0,0,0,0,0
2026-03-06 12:15:00,D05,S05,东向,城市次干路,2,16,51.64,9.01,6.97,0,0,0,0,0,0,0
2026-03-06 12:30:00,D05,S05,东向,城市次干路,2,3,47.74,4.55,7.54,0,0,0,0,0,0,0
2026-03-06 12:45:00,D05,S05,东向,城市次干路,2,21,42.11,14.01,8.55,0,0,0,0,0,0,0
2026-03-06 13:00:00,D05,S05,东向,城市次干路,2,30,39.69,22.41,9.07,0,0,0,0,0,1,0
2026-03-06 13:15:00,D05,S05,东向,城市次干路,2,10,50.88,8.25,7.08,0,0,0,0,0,0,0
2026-03-06 13:30:00,D05,S05,东向,城市次干路,2,14,49.03,10.14,7.34,0,0,0,0,0,0,0
2026-03-06 13:45:00,D05,S05,东向,城市次干路,2,19,43.74,15.99,8.23,0,0,0,0,0,0,0
2026-03-06 14:00:00,D05,S05,东向,城市次干路,2,13,50.8,11.44,7.09,0,0,0,0,0,0,0
2026-03-06 14:15:00,D05,S05,东向,城市次干路,2,10,45.68,9.0,7.88,0,0,0,0,0,0,0
2026-03-06 14:30:00,D05,S05,东向,城市次干路,2,17,46.94,13.8,7.67,0,0,0,0,0,0,0
2026-03-06 14:45:00,D05,S05,东向,城市次干路,2,16,51.21,12.84,7.03,0,0,0,0,0,0,0
2026-03-06 15:00:00,D05,S05,东向,城市次干路,2,19,44.24,15.99,8.14,0,0,0,0,0,0,0
2026-03-06 15:15:00,D05,S05,东向,城市次干路,2,24,38.36,18.11,9.38,0,0,0,0,0,1,0
2026-03-06 15:30:00,D05,S05,东向,城市次干路,2,31,42.87,20.61,8.4,0,0,0,0,0,0,0
2026-03-06 15:45:00,D05,S05,东向,城市次干路,2,32,52.67,17.33,6.84,0,0,0,0,0,0,0
2026-03-06 16:00:00,D05,S05,东向,城市次干路,2,33,45.03,19.72,7.99,0,0,0,0,0,0,0
2026-03-06 16:15:00,D05,S05,东向,城市次干路,2,41,38.13,26.59,9.44,0,0,0,0,0,1,0
2026-03-06 16:30:00,D05,S05,东向,城市次干路,2,50,40.07,29.26,8.99,0,0,0,1,0,0,0
2026-03-06 16:45:00,D05,S05,东向,城市次干路,2,53,31.4,39.03,11.46,0,0,0,1,0,1,1
2026-03-06 17:00:00,D05,S05,东向,城市次干路,2,47,39.31,31.23,9.16,0,0,0,1,0,1,1
2026-03-06 17:15:00,D05,S05,东向,城市次干路,2,49,43.4,26.1,8.29,0,0,0,1,0,0,0
2026-03-06 17:30:00,D05,S05,东向,城市次干路,2,46,49.14,26.13,7.33,0,0,0,1,0,0,0
2026-03-06 17:45:00,D05,S05,东向,城市次干路,2,46,43.27,21.4,8.32,0,0,0,1,0,0,0
2026-03-06 18:00:00,D05,S05,东向,城市次干路,2,46,49.02,26.27,7.34,0,0,0,1,0,0,0
2026-03-06 18:15:00,D05,S05,东向,城市次干路,2,37,40.31,26.65,8.93,0,0,0,1,0,0,0
2026-03-06 18:30:00,D05,S05,东向,城市次干路,2,26,49.4,17.63,7.29,0,0,0,1,0,0,0
2026-03-06 18:45:00,D05,S05,东向,城市次干路,2,41,39.83,25.68,9.04,0,0,0,1,0,1,0
2026-03-06 19:00:00,D05,S05,东向,城市次干路,2,21,49.08,14.6,7.34,0,0,0,1,0,0,0
2026-03-06 19:15:00,D05,S05,东向,城市次干路,2,27,43.45,19.75,8.29,0,0,0,1,0,0,0
2026-03-06 19:30:00,D05,S05,东向,城市次干路,2,37,43.08,20.83,8.36,0,0,0,0,0,0,0
2026-03-06 19:45:00,D05,S05,东向,城市次干路,2,23,45.95,14.75,7.83,0,0,0,0,0,0,0
2026-03-06 20:00:00,D05,S05,东向,城市次干路,2,15,43.55,9.78,8.27,0,0,0,0,0,0,0
2026-03-06 20:15:00,D05,S05,东向,城市次干路,2,15,45.32,7.3,7.94,0,0,0,0,0,0,0
2026-03-06 20:30:00,D05,S05,东向,城市次干路,2,26,45.71,14.49,7.88,0,0,0,0,0,0,0
2026-03-06 20:45:00,D05,S05,东向,城市次干路,2,10,44.8,11.04,8.04,0,0,0,0,0,0,0
2026-03-06 21:00:00,D05,S05,东向,城市次干路,2,23,47.7,15.39,7.55,0,0,0,0,0,0,0
2026-03-06 21:15:00,D05,S05,东向,城市次干路,2,19,51.58,12.15,6.98,0,0,0,0,0,0,0
2026-03-06 21:30:00,D05,S05,东向,城市次干路,2,26,36.6,21.36,9.84,0,0,0,0,0,1,0
2026-03-06 21:45:00,D05,S05,东向,城市次干路,2,18,53.46,14.2,6.73,0,0,0,0,0,0,0
2026-03-06 22:00:00,D05,S05,东向,城市次干路,2,20,48.41,13.86,7.44,0,0,0,0,0,0,0
2026-03-06 22:15:00,D05,S05,东向,城市次干路,2,31,50.7,20.65,7.1,0,0,0,0,0,0,0
2026-03-06 22:30:00,D05,S05,东向,城市次干路,2,23,42.54,16.39,8.46,0,0,0,0,0,0,0
2026-03-06 22:45:00,D05,S05,东向,城市次干路,2,11,49.74,10.18,7.24,0,0,0,0,0,0,0
2026-03-06 23:00:00,D05,S05,东向,城市次干路,2,21,45.0,17.11,8.0,0,0,0,0,0,0,0
2026-03-06 23:15:00,D05,S05,东向,城市次干路,2,26,46.98,15.74,7.66,0,0,0,0,0,0,0
2026-03-06 23:30:00,D05,S05,东向,城市次干路,2,28,47.06,18.99,7.65,0,0,0,0,0,0,0
2026-03-06 23:45:00,D05,S05,东向,城市次干路,2,19,48.45,16.82,7.43,0,0,0,0,0,0,0
2026-03-07 00:00:00,D05,S05,东向,城市次干路,2,13,51.99,6.62,6.92,0,0,1,0,0,0,0
2026-03-07 00:15:00,D05,S05,东向,城市次干路,2,15,49.64,14.78,7.25,0,0,1,0,0,0,0
2026-03-07 00:30:00,D05,S05,东向,城市次干路,2,18,46.2,14.0,7.79,0,0,1,0,0,0,0
2026-03-07 00:45:00,D05,S05,东向,城市次干路,2,16,54.69,13.53,6.58,0,0,1,0,0,0,0
2026-03-07 01:00:00,D05,S05,东向,城市次干路,2,11,55.29,10.63,6.51,0,0,1,0,0,0,0
2026-03-07 01:15:00,D05,S05,东向,城市次干路,2,17,52.33,13.56,6.88,0,0,1,0,0,0,0
2026-03-07 01:30:00,D05,S05,东向,城市次干路,2,6,52.15,6.44,6.9,0,0,1,0,0,0,0
2026-03-07 01:45:00,D05,S05,东向,城市次干路,2,3,47.54,9.73,7.57,0,0,1,0,0,0,0
2026-03-07 02:00:00,D05,S05,东向,城市次干路,2,14,43.44,14.16,8.29,0,0,1,0,0,0,0
2026-03-07 02:15:00,D05,S05,东向,城市次干路,2,10,57.4,11.67,6.27,0,0,1,0,0,0,0
2026-03-07 02:30:00,D05,S05,东向,城市次干路,2,9,55.5,8.38,6.49,0,0,1,0,0,0,0
2026-03-07 02:45:00,D05,S05,东向,城市次干路,2,19,47.41,12.85,7.59,0,0,1,0,0,0,0
2026-03-07 03:00:00,D05,S05,东向,城市次干路,2,15,45.92,10.39,7.84,0,0,1,0,0,0,0
2026-03-07 03:15:00,D05,S05,东向,城市次干路,2,10,45.0,5.68,8.0,0,0,1,0,0,0,0
2026-03-07 03:30:00,D05,S05,东向,城市次干路,2,15,48.98,9.9,7.35,0,0,1,0,0,0,0
2026-03-07 03:45:00,D05,S05,东向,城市次干路,2,20,42.77,19.08,8.42,0,0,1,0,0,0,0
2026-03-07 04:00:00,D05,S05,东向,城市次干路,2,7,50.46,8.77,7.14,0,0,1,0,0,0,0
2026-03-07 04:15:00,D05,S05,东向,城市次干路,2,25,45.77,17.74,7.87,0,0,1,0,0,0,0
2026-03-07 04:30:00,D05,S05,东向,城市次干路,2,14,53.32,9.58,6.75,0,0,1,0,0,0,0
2026-03-07 04:45:00,D05,S05,东向,城市次干路,2,25,47.25,18.45,7.62,0,0,1,0,0,0,0
2026-03-07 05:00:00,D05,S05,东向,城市次干路,2,7,56.36,7.28,6.39,0,0,1,0,0,0,0
2026-03-07 05:15:00,D05,S05,东向,城市次干路,2,17,47.1,13.39,7.64,0,0,1,0,0,0,0
2026-03-07 05:30:00,D05,S05,东向,城市次干路,2,15,39.51,14.75,9.11,0,0,1,0,0,1,0
2026-03-07 05:45:00,D05,S05,东向,城市次干路,2,20,53.76,18.09,6.7,0,0,1,0,0,0,0
2026-03-07 06:00:00,D05,S05,东向,城市次干路,2,23,54.31,14.53,6.63,0,0,1,0,0,0,0
2026-03-07 06:15:00,D05,S05,东向,城市次干路,2,18,50.55,13.03,7.12,0,0,1,0,0,0,0
2026-03-07 06:30:00,D05,S05,东向,城市次干路,2,18,49.85,14.5,7.22,0,0,1,0,0,0,0
2026-03-07 06:45:00,D05,S05,东向,城市次干路,2,23,56.8,20.18,6.34,0,0,1,0,0,0,0
2026-03-07 07:00:00,D05,S05,东向,城市次干路,2,6,49.22,8.39,7.31,0,0,1,1,0,0,0
2026-03-07 07:15:00,D05,S05,东向,城市次干路,2,25,51.54,14.9,6.98,0,0,1,1,0,0,0
2026-03-07 07:30:00,D05,S05,东向,城市次干路,2,35,46.97,18.11,7.66,0,0,1,1,0,0,0
2026-03-07 07:45:00,D05,S05,东向,城市次干路,2,36,40.49,26.79,8.89,0,0,1,1,0,0,0
2026-03-07 08:00:00,D05,S05,东向,城市次干路,2,31,36.95,26.16,9.74,0,0,1,1,0,1,0
2026-03-07 08:15:00,D05,S05,东向,城市次干路,2,43,45.56,24.25,7.9,0,0,1,1,0,0,0
2026-03-07 08:30:00,D05,S05,东向,城市次干路,2,40,32.63,33.94,11.03,0,0,1,1,0,1,1
2026-03-07 08:45:00,D05,S05,东向,城市次干路,2,40,45.99,20.35,7.83,0,0,1,1,0,0,0
2026-03-07 09:00:00,D05,S05,东向,城市次干路,2,37,37.63,28.26,9.57,0,0,1,1,0,1,0
2026-03-07 09:15:00,D05,S05,东向,城市次干路,2,29,49.55,18.04,7.26,0,0,1,1,0,0,0
2026-03-07 09:30:00,D05,S05,东向,城市次干路,2,29,43.16,18.63,8.34,0,0,1,0,0,0,0
2026-03-07 09:45:00,D05,S05,东向,城市次干路,2,35,42.06,17.93,8.56,0,0,1,0,0,0,0
2026-03-07 10:00:00,D05,S05,东向,城市次干路,2,23,43.49,16.3,8.28,0,0,1,0,0,0,0
2026-03-07 10:15:00,D05,S05,东向,城市次干路,2,25,40.64,21.06,8.86,0,0,1,0,0,0,0
2026-03-07 10:30:00,D05,S05,东向,城市次干路,2,10,48.95,9.96,7.36,0,0,1,0,0,0,0
2026-03-07 10:45:00,D05,S05,东向,城市次干路,2,17,54.41,13.27,6.62,0,0,1,0,0,0,0
2026-03-07 11:00:00,D05,S05,东向,城市次干路,2,9,52.55,10.45,6.85,0,0,1,0,0,0,0
2026-03-07 11:15:00,D05,S05,东向,城市次干路,2,10,47.4,3.65,7.59,0,0,1,0,0,0,0
2026-03-07 11:30:00,D05,S05,东向,城市次干路,2,6,50.49,6.35,7.13,0,0,1,0,0,0,0
2026-03-07 11:45:00,D05,S05,东向,城市次干路,2,9,55.2,8.5,6.52,0,0,1,0,0,0,0
2026-03-07 12:00:00,D05,S05,东向,城市次干路,2,12,54.09,10.2,6.66,0,0,1,0,0,0,0
2026-03-07 12:15:00,D05,S05,东向,城市次干路,2,9,51.3,9.95,7.02,0,0,1,0,0,0,0
2026-03-07 12:30:00,D05,S05,东向,城市次干路,2,7,43.32,13.04,8.31,0,0,1,0,0,0,0
2026-03-07 12:45:00,D05,S05,东向,城市次干路,2,9,45.2,12.46,7.97,0,0,1,0,0,0,0
2026-03-07 13:00:00,D05,S05,东向,城市次干路,2,3,54.29,11.26,6.63,0,0,1,0,0,0,0
2026-03-07 13:15:00,D05,S05,东向,城市次干路,2,4,47.43,9.2,7.59,0,0,1,0,0,0,0
2026-03-07 13:30:00,D05,S05,东向,城市次干路,2,4,52.89,7.62,6.81,0,0,1,0,0,0,0
2026-03-07 13:45:00,D05,S05,东向,城市次干路,2,20,44.6,14.77,8.07,0,0,1,0,0,0,0
2026-03-07 14:00:00,D05,S05,东向,城市次干路,2,12,53.6,10.13,6.72,0,0,1,0,0,0,0
2026-03-07 14:15:00,D05,S05,东向,城市次干路,2,11,53.82,14.37,6.69,0,0,1,0,0,0,0
2026-03-07 14:30:00,D05,S05,东向,城市次干路,2,16,50.87,11.81,7.08,0,0,1,0,0,0,0
2026-03-07 14:45:00,D05,S05,东向,城市次干路,2,20,52.07,12.09,6.91,0,0,1,0,0,0,0
2026-03-07 15:00:00,D05,S05,东向,城市次干路,2,24,45.11,18.51,7.98,0,0,1,0,0,0,0
2026-03-07 15:15:00,D05,S05,东向,城市次干路,2,19,51.09,13.26,7.05,0,0,1,0,0,0,0
2026-03-07 15:30:00,D05,S05,东向,城市次干路,2,25,49.49,13.42,7.27,0,0,1,0,0,0,0
2026-03-07 15:45:00,D05,S05,东向,城市次干路,2,22,41.9,19.13,8.59,0,0,1,0,0,0,0
2026-03-07 16:00:00,D05,S05,东向,城市次干路,2,26,45.93,15.24,7.84,0,0,1,0,0,0,0
2026-03-07 16:15:00,D05,S05,东向,城市次干路,2,31,42.88,22.95,8.39,0,0,1,0,0,0,0
2026-03-07 16:30:00,D05,S05,东向,城市次干路,2,21,48.68,16.29,7.4,0,0,1,1,0,0,0
2026-03-07 16:45:00,D05,S05,东向,城市次干路,2,34,42.3,21.82,8.51,0,0,1,1,0,0,0
2026-03-07 17:00:00,D05,S05,东向,城市次干路,2,48,43.96,26.71,8.19,0,0,1,1,0,0,0
2026-03-07 17:15:00,D05,S05,东向,城市次干路,2,42,50.19,22.54,7.17,0,0,1,1,0,0,0
2026-03-07 17:30:00,D05,S05,东向,城市次干路,2,45,38.76,32.23,9.29,0,0,1,1,0,1,1
2026-03-07 17:45:00,D05,S05,东向,城市次干路,2,43,39.96,24.01,9.01,0,0,1,1,0,1,0
2026-03-07 18:00:00,D05,S05,东向,城市次干路,2,33,45.89,18.87,7.84,0,0,1,1,0,0,0
2026-03-07 18:15:00,D05,S05,东向,城市次干路,2,32,51.93,21.23,6.93,0,0,1,1,0,0,0
2026-03-07 18:30:00,D05,S05,东向,城市次干路,2,20,45.19,14.7,7.97,0,0,1,1,0,0,0
2026-03-07 18:45:00,D05,S05,东向,城市次干路,2,23,50.76,16.96,7.09,0,0,1,1,0,0,0
2026-03-07 19:00:00,D05,S05,东向,城市次干路,2,14,50.13,9.51,7.18,0,0,1,1,0,0,0
2026-03-07 19:15:00,D05,S05,东向,城市次干路,2,22,53.22,17.79,6.76,0,0,1,1,0,0,0
2026-03-07 19:30:00,D05,S05,东向,城市次干路,2,18,46.95,13.02,7.67,0,0,1,0,0,0,0
2026-03-07 19:45:00,D05,S05,东向,城市次干路,2,15,49.01,11.95,7.35,0,0,1,0,0,0,0
2026-03-07 20:00:00,D05,S05,东向,城市次干路,2,25,40.06,25.73,8.99,0,0,1,0,0,0,0
2026-03-07 20:15:00,D05,S05,东向,城市次干路,2,17,49.46,13.84,7.28,0,0,1,0,0,0,0
2026-03-07 20:30:00,D05,S05,东向,城市次干路,2,17,47.73,16.18,7.54,0,0,1,0,0,0,0
2026-03-07 20:45:00,D05,S05,东向,城市次干路,2,12,57.94,10.49,6.21,0,0,1,0,0,0,0
2026-03-07 21:00:00,D05,S05,东向,城市次干路,2,22,51.04,16.84,7.05,0,0,1,0,0,0,0
2026-03-07 21:15:00,D05,S05,东向,城市次干路,2,14,46.04,10.82,7.82,0,0,1,0,0,0,0
2026-03-07 21:30:00,D05,S05,东向,城市次干路,2,14,51.78,14.73,6.95,0,0,1,0,0,0,0
2026-03-07 21:45:00,D05,S05,东向,城市次干路,2,16,47.66,11.12,7.55,0,0,1,0,0,0,0
2026-03-07 22:00:00,D05,S05,东向,城市次干路,2,27,50.6,17.29,7.11,0,0,1,0,0,0,0
2026-03-07 22:15:00,D05,S05,东向,城市次干路,2,10,48.6,9.02,7.41,0,0,1,0,0,0,0
2026-03-07 22:30:00,D05,S05,东向,城市次干路,2,16,49.28,8.97,7.31,0,0,1,0,0,0,0
2026-03-07 22:45:00,D05,S05,东向,城市次干路,2,14,38.56,14.7,9.34,0,0,1,0,0,1,0
2026-03-07 23:00:00,D05,S05,东向,城市次干路,2,18,50.02,8.1,7.2,0,0,1,0,0,0,0
2026-03-07 23:15:00,D05,S05,东向,城市次干路,2,9,52.8,10.36,6.82,0,0,1,0,0,0,0
2026-03-07 23:30:00,D05,S05,东向,城市次干路,2,15,39.96,15.65,9.01,0,0,1,0,0,1,0
2026-03-07 23:45:00,D05,S05,东向,城市次干路,2,17,50.78,12.45,7.09,0,0,1,0,0,0,0
2026-03-08 00:00:00,D05,S05,东向,城市次干路,2,19,43.45,14.87,8.28,0,0,1,0,0,0,0
2026-03-08 00:15:00,D05,S05,东向,城市次干路,2,11,48.46,10.16,7.43,0,0,1,0,0,0,0
2026-03-08 00:30:00,D05,S05,东向,城市次干路,2,10,45.44,7.61,7.92,0,0,1,0,0,0,0
2026-03-08 00:45:00,D05,S05,东向,城市次干路,2,12,52.05,9.12,6.92,0,0,1,0,0,0,0
2026-03-08 01:00:00,D05,S05,东向,城市次干路,2,13,51.99,9.94,6.92,0,0,1,0,0,0,0
2026-03-08 01:15:00,D05,S05,东向,城市次干路,2,8,50.46,8.56,7.13,0,0,1,0,0,0,0
2026-03-08 01:30:00,D05,S05,东向,城市次干路,2,20,49.36,16.46,7.29,0,0,1,0,0,0,0
2026-03-08 01:45:00,D05,S05,东向,城市次干路,2,9,48.91,8.76,7.36,0,0,1,0,0,0,0
2026-03-08 02:00:00,D05,S05,东向,城市次干路,2,10,44.98,7.8,8.0,0,0,1,0,0,0,0
2026-03-08 02:15:00,D05,S05,东向,城市次干路,2,12,45.05,11.76,7.99,0,0,1,0,0,0,0
2026-03-08 02:30:00,D05,S05,东向,城市次干路,2,22,53.73,12.27,6.7,0,0,1,0,0,0,0
2026-03-08 02:45:00,D05,S05,东向,城市次干路,2,21,46.0,17.8,7.83,0,0,1,0,0,0,0
2026-03-08 03:00:00,D05,S05,东向,城市次干路,2,9,51.97,10.71,6.93,0,0,1,0,0,0,0
2026-03-08 03:15:00,D05,S05,东向,城市次干路,2,7,51.11,6.58,7.04,0,0,1,0,0,0,0
2026-03-08 03:30:00,D05,S05,东向,城市次干路,2,13,45.59,12.21,7.9,0,0,1,0,0,0,0
2026-03-08 03:45:00,D05,S05,东向,城市次干路,2,16,40.31,17.86,8.93,0,0,1,0,0,0,0
2026-03-08 04:00:00,D05,S05,东向,城市次干路,2,16,50.09,12.52,7.19,0,0,1,0,0,0,0
2026-03-08 04:15:00,D05,S05,东向,城市次干路,2,18,44.74,12.57,8.05,0,0,1,0,0,0,0
2026-03-08 04:30:00,D05,S05,东向,城市次干路,2,16,53.29,10.76,6.75,0,0,1,0,0,0,0
2026-03-08 04:45:00,D05,S05,东向,城市次干路,2,15,42.37,10.69,8.5,0,0,1,0,0,0,0
2026-03-08 05:00:00,D05,S05,东向,城市次干路,2,7,59.9,14.78,6.01,0,0,1,0,0,0,0
2026-03-08 05:15:00,D05,S05,东向,城市次干路,2,14,49.53,14.48,7.27,0,0,1,0,0,0,0
2026-03-08 05:30:00,D05,S05,东向,城市次干路,2,13,44.7,7.24,8.05,0,0,1,0,0,0,0
2026-03-08 05:45:00,D05,S05,东向,城市次干路,2,4,48.9,8.48,7.36,0,0,1,0,0,0,0
2026-03-08 06:00:00,D05,S05,东向,城市次干路,2,10,43.85,15.53,8.21,0,0,1,0,0,0,0
2026-03-08 06:15:00,D05,S05,东向,城市次干路,2,10,50.92,6.77,7.07,0,0,1,0,0,0,0
2026-03-08 06:30:00,D05,S05,东向,城市次干路,2,4,55.3,11.31,6.51,0,0,1,0,0,0,0
2026-03-08 06:45:00,D05,S05,东向,城市次干路,2,17,47.1,14.3,7.64,0,0,1,0,0,0,0
2026-03-08 07:00:00,D05,S05,东向,城市次干路,2,19,49.76,14.98,7.23,0,0,1,1,0,0,0
2026-03-08 07:15:00,D05,S05,东向,城市次干路,2,24,50.17,13.62,7.18,0,0,1,1,0,0,0
2026-03-08 07:30:00,D05,S05,东向,城市次干路,2,32,46.94,17.49,7.67,0,0,1,1,0,0,0
2026-03-08 07:45:00,D05,S05,东向,城市次干路,2,36,43.83,24.07,8.21,0,0,1,1,0,0,0
2026-03-08 08:00:00,D05,S05,东向,城市次干路,2,23,45.08,14.12,7.99,0,0,1,1,0,0,0
2026-03-08 08:15:00,D05,S05,东向,城市次干路,2,38,47.91,22.96,7.51,0,0,1,1,0,0,0
2026-03-08 08:30:00,D05,S05,东向,城市次干路,2,40,46.46,23.38,7.75,0,0,1,1,0,0,0
2026-03-08 08:45:00,D05,S05,东向,城市次干路,2,41,44.81,23.81,8.03,0,0,1,1,0,0,0
2026-03-08 09:00:00,D05,S05,东向,城市次干路,2,46,40.38,25.63,8.91,0,0,1,1,0,0,0
2026-03-08 09:15:00,D05,S05,东向,城市次干路,2,28,47.26,16.49,7.62,0,0,1,1,0,0,0
2026-03-08 09:30:00,D05,S05,东向,城市次干路,2,23,52.73,13.48,6.83,0,0,1,0,0,0,0
2026-03-08 09:45:00,D05,S05,东向,城市次干路,2,32,44.33,22.83,8.12,0,0,1,0,0,0,0
2026-03-08 10:00:00,D05,S05,东向,城市次干路,2,18,52.88,14.08,6.81,0,0,1,0,0,0,0
2026-03-08 10:15:00,D05,S05,东向,城市次干路,2,23,55.79,17.38,6.45,0,0,1,0,0,0,0
2026-03-08 10:30:00,D05,S05,东向,城市次干路,2,19,49.9,18.78,7.21,0,0,1,0,0,0,0
2026-03-08 10:45:00,D05,S05,东向,城市次干路,2,22,49.97,18.77,7.2,0,0,1,0,0,0,0
2026-03-08 11:00:00,D05,S05,东向,城市次干路,2,24,45.54,14.99,7.9,0,0,1,0,0,0,0
2026-03-08 11:15:00,D05,S05,东向,城市次干路,2,6,50.29,8.19,7.16,0,0,1,0,0,0,0
2026-03-08 11:30:00,D05,S05,东向,城市次干路,2,9,54.05,7.76,6.66,0,0,1,0,0,0,0
2026-03-08 11:45:00,D05,S05,东向,城市次干路,2,19,42.05,17.02,8.56,0,0,1,0,0,0,0
2026-03-08 12:00:00,D05,S05,东向,城市次干路,2,15,52.54,10.52,6.85,0,0,1,0,0,0,0
2026-03-08 12:15:00,D05,S05,东向,城市次干路,2,8,47.62,7.99,7.56,0,0,1,0,0,0,0
2026-03-08 12:30:00,D05,S05,东向,城市次干路,2,11,51.15,8.55,7.04,0,0,1,0,0,0,0
2026-03-08 12:45:00,D05,S05,东向,城市次干路,2,8,44.56,6.39,8.08,0,0,1,0,0,0,0
2026-03-08 13:00:00,D05,S05,东向,城市次干路,2,11,51.74,8.42,6.96,0,0,1,0,0,0,0
2026-03-08 13:15:00,D05,S05,东向,城市次干路,2,12,50.32,13.26,7.15,0,0,1,0,0,0,0
2026-03-08 13:30:00,D05,S05,东向,城市次干路,2,13,46.77,12.21,7.7,0,0,1,0,0,0,0
2026-03-08 13:45:00,D05,S05,东向,城市次干路,2,15,45.32,15.95,7.94,0,0,1,0,0,0,0
2026-03-08 14:00:00,D05,S05,东向,城市次干路,2,20,45.0,11.19,8.0,0,0,1,0,0,0,0
2026-03-08 14:15:00,D05,S05,东向,城市次干路,2,21,46.81,13.98,7.69,0,0,1,0,0,0,0
2026-03-08 14:30:00,D05,S05,东向,城市次干路,2,16,57.7,13.94,6.24,0,0,1,0,0,0,0
2026-03-08 14:45:00,D05,S05,东向,城市次干路,2,21,47.31,12.11,7.61,0,0,1,0,0,0,0
2026-03-08 15:00:00,D05,S05,东向,城市次干路,2,3,53.32,12.41,6.75,0,0,1,0,0,0,0
2026-03-08 15:15:00,D05,S05,东向,城市次干路,2,21,55.74,17.55,6.46,0,0,1,0,0,0,0
2026-03-08 15:30:00,D05,S05,东向,城市次干路,2,25,39.54,18.84,9.1,0,0,1,0,0,1,0
2026-03-08 15:45:00,D05,S05,东向,城市次干路,2,29,40.38,21.66,8.92,0,0,1,0,0,0,0
2026-03-08 16:00:00,D05,S05,东向,城市次干路,2,22,55.61,14.34,6.47,0,0,1,0,0,0,0
2026-03-08 16:15:00,D05,S05,东向,城市次干路,2,30,48.38,16.98,7.44,0,0,1,0,0,0,0
2026-03-08 16:30:00,D05,S05,东向,城市次干路,2,36,38.76,24.57,9.29,0,0,1,1,0,1,0
2026-03-08 16:45:00,D05,S05,东向,城市次干路,2,27,47.21,16.15,7.63,0,0,1,1,0,0,0
2026-03-08 17:00:00,D05,S05,东向,城市次干路,2,47,36.83,27.95,9.77,0,0,1,1,0,1,0
2026-03-08 17:15:00,D05,S05,东向,城市次干路,2,30,48.94,17.41,7.36,0,0,1,1,0,0,0
2026-03-08 17:30:00,D05,S05,东向,城市次干路,2,43,35.09,33.02,10.26,0,0,1,1,0,1,1
2026-03-08 17:45:00,D05,S05,东向,城市次干路,2,38,42.9,21.68,8.39,0,0,1,1,0,0,0
2026-03-08 18:00:00,D05,S05,东向,城市次干路,2,37,47.61,21.45,7.56,0,0,1,1,0,0,0
2026-03-08 18:15:00,D05,S05,东向,城市次干路,2,36,40.83,27.64,8.82,0,0,1,1,0,0,0
2026-03-08 18:30:00,D05,S05,东向,城市次干路,2,33,44.24,19.73,8.14,0,0,1,1,0,0,0
2026-03-08 18:45:00,D05,S05,东向,城市次干路,2,27,52.91,16.1,6.8,0,0,1,1,0,0,0
2026-03-08 19:00:00,D05,S05,东向,城市次干路,2,25,50.01,11.67,7.2,0,0,1,1,0,0,0
2026-03-08 19:15:00,D05,S05,东向,城市次干路,2,27,50.14,19.24,7.18,0,0,1,1,0,0,0
2026-03-08 19:30:00,D05,S05,东向,城市次干路,2,24,46.14,16.82,7.8,0,0,1,0,0,0,0
2026-03-08 19:45:00,D05,S05,东向,城市次干路,2,24,48.32,20.75,7.45,0,0,1,0,0,0,0
2026-03-08 20:00:00,D05,S05,东向,城市次干路,2,19,45.41,11.73,7.93,0,0,1,0,0,0,0
2026-03-08 20:15:00,D05,S05,东向,城市次干路,2,21,45.0,16.59,8.0,0,0,1,0,0,0,0
2026-03-08 20:30:00,D05,S05,东向,城市次干路,2,11,50.23,6.84,7.17,0,0,1,0,0,0,0
2026-03-08 20:45:00,D05,S05,东向,城市次干路,2,18,50.41,15.96,7.14,0,0,1,0,0,0,0
2026-03-08 21:00:00,D05,S05,东向,城市次干路,2,13,57.38,9.31,6.27,0,0,1,0,0,0,0
2026-03-08 21:15:00,D05,S05,东向,城市次干路,2,11,53.96,10.89,6.67,0,0,1,0,0,0,0
2026-03-08 21:30:00,D05,S05,东向,城市次干路,2,10,52.48,8.45,6.86,0,0,1,0,0,0,0
2026-03-08 21:45:00,D05,S05,东向,城市次干路,2,17,60.0,10.52,6.0,0,0,1,0,0,0,0
2026-03-08 22:00:00,D05,S05,东向,城市次干路,2,11,58.54,8.11,6.15,0,0,1,0,0,0,0
2026-03-08 22:15:00,D05,S05,东向,城市次干路,2,12,50.73,16.06,7.1,0,0,1,0,0,0,0
2026-03-08 22:30:00,D05,S05,东向,城市次干路,2,6,55.11,5.51,6.53,0,0,1,0,0,0,0
2026-03-08 22:45:00,D05,S05,东向,城市次干路,2,21,45.66,14.22,7.88,0,0,1,0,0,0,0
2026-03-08 23:00:00,D05,S05,东向,城市次干路,2,16,47.44,12.1,7.59,0,0,1,0,0,0,0
2026-03-08 23:15:00,D05,S05,东向,城市次干路,2,10,51.9,8.74,6.94,0,0,1,0,0,0,0
2026-03-08 23:30:00,D05,S05,东向,城市次干路,2,8,53.35,8.07,6.75,0,0,1,0,0,0,0
2026-03-08 23:45:00,D05,S05,东向,城市次干路,2,21,45.77,16.18,7.86,0,0,1,0,0,0,0
2026-03-09 00:00:00,D05,S05,东向,城市次干路,2,19,50.23,14.07,7.17,0,0,0,0,0,0,0
2026-03-09 00:15:00,D05,S05,东向,城市次干路,2,16,58.72,11.36,6.13,0,0,0,0,0,0,0
2026-03-09 00:30:00,D05,S05,东向,城市次干路,2,25,48.46,16.81,7.43,0,0,0,0,0,0,0
2026-03-09 00:45:00,D05,S05,东向,城市次干路,2,34,47.61,17.78,7.56,0,0,0,0,0,0,0
2026-03-09 01:00:00,D05,S05,东向,城市次干路,2,20,47.27,16.73,7.62,0,0,0,0,0,0,0
2026-03-09 01:15:00,D05,S05,东向,城市次干路,2,17,46.65,16.66,7.72,0,0,0,0,0,0,0
2026-03-09 01:30:00,D05,S05,东向,城市次干路,2,28,43.93,18.41,8.19,0,0,0,0,0,0,0
2026-03-09 01:45:00,D05,S05,东向,城市次干路,2,11,55.88,9.86,6.44,0,0,0,0,0,0,0
2026-03-09 02:00:00,D05,S05,东向,城市次干路,2,7,49.45,9.26,7.28,0,0,0,0,0,0,0
2026-03-09 02:15:00,D05,S05,东向,城市次干路,2,17,51.73,12.66,6.96,0,0,0,0,0,0,0
2026-03-09 02:30:00,D05,S05,东向,城市次干路,2,14,46.83,10.13,7.69,0,0,0,0,0,0,0
2026-03-09 02:45:00,D05,S05,东向,城市次干路,2,18,55.22,13.86,6.52,0,0,0,0,0,0,0
2026-03-09 03:00:00,D05,S05,东向,城市次干路,2,14,57.13,11.66,6.3,0,0,0,0,0,0,0
2026-03-09 03:15:00,D05,S05,东向,城市次干路,2,20,55.23,16.07,6.52,0,0,0,0,0,0,0
2026-03-09 03:30:00,D05,S05,东向,城市次干路,2,15,48.74,11.87,7.39,0,0,0,0,0,0,0
2026-03-09 03:45:00,D05,S05,东向,城市次干路,2,19,43.55,15.46,8.27,0,0,0,0,0,0,0
2026-03-09 04:00:00,D05,S05,东向,城市次干路,2,9,45.83,10.8,7.86,0,0,0,0,0,0,0
2026-03-09 04:15:00,D05,S05,东向,城市次干路,2,24,57.78,16.46,6.23,0,0,0,0,0,0,0
2026-03-09 04:30:00,D05,S05,东向,城市次干路,2,17,48.28,15.28,7.46,0,0,0,0,0,0,0
2026-03-09 04:45:00,D05,S05,东向,城市次干路,2,19,55.53,10.96,6.48,0,0,0,0,0,0,0
2026-03-09 05:00:00,D05,S05,东向,城市次干路,2,13,47.86,10.28,7.52,0,0,0,0,0,0,0
2026-03-09 05:15:00,D05,S05,东向,城市次干路,2,21,51.86,13.89,6.94,0,0,0,0,0,0,0
2026-03-09 05:30:00,D05,S05,东向,城市次干路,2,24,49.05,10.55,7.34,0,0,0,0,0,0,0
2026-03-09 05:45:00,D05,S05,东向,城市次干路,2,22,48.72,16.22,7.39,0,0,0,0,0,0,0
2026-03-09 06:00:00,D05,S05,东向,城市次干路,2,17,36.68,14.65,9.82,1,0,0,0,0,1,0
2026-03-09 06:15:00,D05,S05,东向,城市次干路,2,16,39.22,17.2,9.18,1,0,0,0,0,1,0
2026-03-09 06:30:00,D05,S05,东向,城市次干路,2,25,34.61,21.67,10.4,1,0,0,0,0,1,1
2026-03-09 06:45:00,D05,S05,东向,城市次干路,2,15,44.59,13.74,8.07,1,0,0,0,0,0,0
2026-03-09 07:00:00,D05,S05,东向,城市次干路,2,24,41.27,21.96,8.72,1,0,0,1,0,0,0
2026-03-09 07:15:00,D05,S05,东向,城市次干路,2,30,37.77,23.08,9.53,1,0,0,1,0,1,0
2026-03-09 07:30:00,D05,S05,东向,城市次干路,2,40,41.56,24.05,8.66,1,0,0,1,0,0,0
2026-03-09 07:45:00,D05,S05,东向,城市次干路,2,44,43.18,25.61,8.34,1,0,0,1,0,0,0
2026-03-09 08:00:00,D05,S05,东向,城市次干路,2,40,36.43,27.46,9.88,1,0,0,1,0,1,0
2026-03-09 08:15:00,D05,S05,东向,城市次干路,2,39,31.7,35.46,11.36,1,0,0,1,0,1,1
2026-03-09 08:30:00,D05,S05,东向,城市次干路,2,41,37.34,28.87,9.64,1,0,0,1,0,1,0
2026-03-09 08:45:00,D05,S05,东向,城市次干路,2,41,37.71,31.44,9.55,1,0,0,1,0,1,1
2026-03-09 09:00:00,D05,S05,东向,城市次干路,2,49,33.64,33.77,10.7,1,0,0,1,0,1,1
2026-03-09 09:15:00,D05,S05,东向,城市次干路,2,46,26.75,35.47,13.46,1,0,0,1,0,1,1
2026-03-09 09:30:00,D05,S05,东向,城市次干路,2,27,41.3,21.85,8.72,1,0,0,0,0,0,0
2026-03-09 09:45:00,D05,S05,东向,城市次干路,2,36,31.15,28.16,11.56,1,0,0,0,0,1,1
2026-03-09 10:00:00,D05,S05,东向,城市次干路,2,29,32.51,31.26,11.07,1,0,0,0,0,1,1
2026-03-09 10:15:00,D05,S05,东向,城市次干路,2,22,45.12,15.03,7.98,1,0,0,0,0,0,0
2026-03-09 10:30:00,D05,S05,东向,城市次干路,2,11,45.52,14.57,7.91,1,0,0,0,0,0,0
2026-03-09 10:45:00,D05,S05,东向,城市次干路,2,13,33.36,21.51,10.79,1,0,0,0,0,1,1
2026-03-09 11:00:00,D05,S05,东向,城市次干路,2,25,41.46,16.29,8.68,1,0,0,0,0,0,0
2026-03-09 11:15:00,D05,S05,东向,城市次干路,2,21,42.83,16.35,8.4,1,0,0,0,0,0,0
2026-03-09 11:30:00,D05,S05,东向,城市次干路,2,20,42.41,13.82,8.49,1,0,0,0,0,0,0
2026-03-09 11:45:00,D05,S05,东向,城市次干路,2,12,38.49,16.27,9.35,1,0,0,0,0,1,0
2026-03-09 12:00:00,D05,S05,东向,城市次干路,2,14,43.51,14.2,8.27,1,0,0,0,0,0,0
2026-03-09 12:15:00,D05,S05,东向,城市次干路,2,19,44.82,18.14,8.03,0,0,0,0,0,0,0
2026-03-09 12:30:00,D05,S05,东向,城市次干路,2,22,39.25,16.26,9.17,0,0,0,0,0,1,0
2026-03-09 12:45:00,D05,S05,东向,城市次干路,2,20,48.82,10.78,7.37,0,0,0,0,0,0,0
2026-03-09 13:00:00,D05,S05,东向,城市次干路,2,18,44.82,10.95,8.03,0,0,0,0,0,0,0
2026-03-09 13:15:00,D05,S05,东向,城市次干路,2,11,48.28,7.51,7.46,0,0,0,0,0,0,0
2026-03-09 13:30:00,D05,S05,东向,城市次干路,2,25,52.62,20.06,6.84,0,0,0,0,0,0,0
2026-03-09 13:45:00,D05,S05,东向,城市次干路,2,11,51.29,13.34,7.02,0,0,0,0,0,0,0
2026-03-09 14:00:00,D05,S05,东向,城市次干路,2,15,41.48,12.67,8.68,0,0,0,0,0,0,0
2026-03-09 14:15:00,D05,S05,东向,城市次干路,2,12,51.42,8.65,7.0,0,0,0,0,0,0,0
2026-03-09 14:30:00,D05,S05,东向,城市次干路,2,21,43.57,16.26,8.26,0,0,0,0,0,0,0
2026-03-09 14:45:00,D05,S05,东向,城市次干路,2,14,52.52,11.37,6.85,0,0,0,0,0,0,0
2026-03-09 15:00:00,D05,S05,东向,城市次干路,2,25,41.53,18.24,8.67,0,0,0,0,0,0,0
2026-03-09 15:15:00,D05,S05,东向,城市次干路,2,18,57.79,17.22,6.23,0,0,0,0,0,0,0
2026-03-09 15:30:00,D05,S05,东向,城市次干路,2,22,38.04,20.4,9.46,0,0,0,0,0,1,0
2026-03-09 15:45:00,D05,S05,东向,城市次干路,2,29,45.74,16.76,7.87,0,0,0,0,0,0,0
2026-03-09 16:00:00,D05,S05,东向,城市次干路,2,40,36.4,28.68,9.89,1,0,0,0,0,1,0
2026-03-09 16:15:00,D05,S05,东向,城市次干路,2,43,30.87,29.98,11.66,1,0,0,0,0,1,1
2026-03-09 16:30:00,D05,S05,东向,城市次干路,2,46,38.88,32.41,9.26,1,0,0,1,0,1,1
2026-03-09 16:45:00,D05,S05,东向,城市次干路,2,47,36.33,31.41,9.91,1,0,0,1,0,1,1
2026-03-09 17:00:00,D05,S05,东向,城市次干路,2,37,36.82,28.09,9.78,1,0,0,1,0,1,0
2026-03-09 17:15:00,D05,S05,东向,城市次干路,2,52,23.87,44.9,15.08,1,0,0,1,0,1,1
2026-03-09 17:30:00,D05,S05,东向,城市次干路,2,39,35.34,27.72,10.19,1,0,0,1,0,1,0
2026-03-09 17:45:00,D05,S05,东向,城市次干路,2,47,29.9,32.6,12.04,1,0,0,1,0,1,1
2026-03-09 18:00:00,D05,S05,东向,城市次干路,2,34,39.84,22.98,9.04,1,0,0,1,0,1,0
2026-03-09 18:15:00,D05,S05,东向,城市次干路,2,39,34.32,32.53,10.49,1,0,0,1,0,1,1
2026-03-09 18:30:00,D05,S05,东向,城市次干路,2,39,39.85,25.06,9.03,1,0,0,1,0,1,0
2026-03-09 18:45:00,D05,S05,东向,城市次干路,2,39,35.33,31.42,10.19,1,0,0,1,0,1,1
2026-03-09 19:00:00,D05,S05,东向,城市次干路,2,31,35.36,29.06,10.18,1,0,0,1,0,1,0
2026-03-09 19:15:00,D05,S05,东向,城市次干路,2,23,44.64,13.9,8.06,1,0,0,1,0,0,0
2026-03-09 19:30:00,D05,S05,东向,城市次干路,2,16,47.61,14.55,7.56,1,0,0,0,0,0,0
2026-03-09 19:45:00,D05,S05,东向,城市次干路,2,16,36.97,17.46,9.74,1,0,0,0,0,1,0
2026-03-09 20:00:00,D05,S05,东向,城市次干路,2,12,44.71,10.85,8.05,1,0,0,0,0,0,0
2026-03-09 20:15:00,D05,S05,东向,城市次干路,2,25,42.66,17.35,8.44,1,0,0,0,0,0,0
2026-03-09 20:30:00,D05,S05,东向,城市次干路,2,21,33.16,23.0,10.86,1,0,0,0,0,1,1
2026-03-09 20:45:00,D05,S05,东向,城市次干路,2,13,46.1,9.35,7.81,1,0,0,0,0,0,0
2026-03-09 21:00:00,D05,S05,东向,城市次干路,2,16,34.69,20.76,10.38,1,0,0,0,0,1,1
2026-03-09 21:15:00,D05,S05,东向,城市次干路,2,31,50.14,19.93,7.18,0,0,0,0,0,0,0
2026-03-09 21:30:00,D05,S05,东向,城市次干路,2,18,44.04,15.08,8.17,0,0,0,0,0,0,0
2026-03-09 21:45:00,D05,S05,东向,城市次干路,2,23,51.98,20.52,6.93,0,0,0,0,0,0,0
2026-03-09 22:00:00,D05,S05,东向,城市次干路,2,12,49.59,9.18,7.26,0,0,0,0,0,0,0
2026-03-09 22:15:00,D05,S05,东向,城市次干路,2,25,48.29,14.42,7.46,0,0,0,0,0,0,0
2026-03-09 22:30:00,D05,S05,东向,城市次干路,2,3,54.87,9.75,6.56,0,0,0,0,0,0,0
2026-03-09 22:45:00,D05,S05,东向,城市次干路,2,16,52.65,11.54,6.84,0,0,0,0,0,0,0
2026-03-09 23:00:00,D05,S05,东向,城市次干路,2,16,46.36,12.04,7.77,0,0,0,0,0,0,0
2026-03-09 23:15:00,D05,S05,东向,城市次干路,2,29,42.66,21.8,8.44,0,0,0,0,0,0,0
2026-03-09 23:30:00,D05,S05,东向,城市次干路,2,20,48.19,14.15,7.47,0,0,0,0,0,0,0
2026-03-09 23:45:00,D05,S05,东向,城市次干路,2,19,48.47,13.31,7.43,0,0,0,0,0,0,0
2026-03-10 00:00:00,D05,S05,东向,城市次干路,2,11,38.92,16.01,9.25,0,0,0,0,0,1,0
2026-03-10 00:15:00,D05,S05,东向,城市次干路,2,18,44.79,16.04,8.04,0,0,0,0,0,0,0
2026-03-10 00:30:00,D05,S05,东向,城市次干路,2,18,49.86,13.65,7.22,0,0,0,0,0,0,0
2026-03-10 00:45:00,D05,S05,东向,城市次干路,2,22,51.53,13.95,6.99,0,0,0,0,0,0,0
2026-03-10 01:00:00,D05,S05,东向,城市次干路,2,12,43.12,7.94,8.35,0,0,0,0,0,0,0
2026-03-10 01:15:00,D05,S05,东向,城市次干路,2,3,47.65,4.95,7.56,0,0,0,0,0,0,0
2026-03-10 01:30:00,D05,S05,东向,城市次干路,2,18,49.32,14.73,7.3,0,0,0,0,0,0,0
2026-03-10 01:45:00,D05,S05,东向,城市次干路,2,6,42.72,8.46,8.43,0,0,0,0,0,0,0
2026-03-10 02:00:00,D05,S05,东向,城市次干路,2,20,41.42,20.04,8.69,0,0,0,0,0,0,0
2026-03-10 02:15:00,D05,S05,东向,城市次干路,2,9,47.41,9.33,7.59,0,0,0,0,0,0,0
2026-03-10 02:30:00,D05,S05,东向,城市次干路,2,9,53.5,6.93,6.73,0,0,0,0,0,0,0
2026-03-10 02:45:00,D05,S05,东向,城市次干路,2,26,43.83,12.63,8.21,0,0,0,0,0,0,0
2026-03-10 03:00:00,D05,S05,东向,城市次干路,2,23,48.51,18.23,7.42,0,0,0,0,0,0,0
2026-03-10 03:15:00,D05,S05,东向,城市次干路,2,15,56.02,12.69,6.43,0,0,0,0,0,0,0
2026-03-10 03:30:00,D05,S05,东向,城市次干路,2,12,44.58,8.01,8.08,0,0,0,0,0,0,0
2026-03-10 03:45:00,D05,S05,东向,城市次干路,2,11,52.32,11.87,6.88,0,0,0,0,0,0,0
2026-03-10 04:00:00,D05,S05,东向,城市次干路,2,21,50.14,17.47,7.18,0,0,0,0,0,0,0
2026-03-10 04:15:00,D05,S05,东向,城市次干路,2,19,47.77,11.95,7.54,0,0,0,0,0,0,0
2026-03-10 04:30:00,D05,S05,东向,城市次干路,2,17,47.86,12.1,7.52,0,0,0,0,0,0,0
2026-03-10 04:45:00,D05,S05,东向,城市次干路,2,15,48.32,11.1,7.45,0,0,0,0,0,0,0
2026-03-10 05:00:00,D05,S05,东向,城市次干路,2,14,52.12,12.71,6.91,0,0,0,0,0,0,0
2026-03-10 05:15:00,D05,S05,东向,城市次干路,2,21,46.48,16.7,7.75,0,0,0,0,0,0,0
2026-03-10 05:30:00,D05,S05,东向,城市次干路,2,21,42.23,15.45,8.53,0,0,0,0,0,0,0
2026-03-10 05:45:00,D05,S05,东向,城市次干路,2,29,45.14,19.33,7.97,0,0,0,0,0,0,0
2026-03-10 06:00:00,D05,S05,东向,城市次干路,2,15,45.04,8.95,7.99,0,0,0,0,0,0,0
2026-03-10 06:15:00,D05,S05,东向,城市次干路,2,11,47.25,13.87,7.62,0,0,0,0,0,0,0
2026-03-10 06:30:00,D05,S05,东向,城市次干路,2,24,52.08,15.75,6.91,0,0,0,0,0,0,0
2026-03-10 06:45:00,D05,S05,东向,城市次干路,2,19,46.09,13.97,7.81,0,0,0,0,0,0,0
2026-03-10 07:00:00,D05,S05,东向,城市次干路,2,26,43.13,16.09,8.35,0,0,0,1,0,0,0
2026-03-10 07:15:00,D05,S05,东向,城市次干路,2,30,49.7,15.97,7.24,0,0,0,1,0,0,0
2026-03-10 07:30:00,D05,S05,东向,城市次干路,2,32,51.95,14.59,6.93,0,0,0,1,0,0,0
2026-03-10 07:45:00,D05,S05,东向,城市次干路,2,35,53.58,17.2,6.72,0,0,0,1,0,0,0
2026-03-10 08:00:00,D05,S05,东向,城市次干路,2,31,45.88,20.17,7.85,0,0,0,1,0,0,0
2026-03-10 08:15:00,D05,S05,东向,城市次干路,2,51,43.98,28.78,8.18,0,0,0,1,0,0,0
2026-03-10 08:30:00,D05,S05,东向,城市次干路,2,46,42.25,27.14,8.52,0,0,0,1,0,0,0
2026-03-10 08:45:00,D05,S05,东向,城市次干路,2,49,37.86,30.36,9.51,0,0,0,1,0,1,1
2026-03-10 09:00:00,D05,S05,东向,城市次干路,2,33,44.05,21.97,8.17,0,0,0,1,0,0,0
2026-03-10 09:15:00,D05,S05,东向,城市次干路,2,47,44.12,24.33,8.16,0,0,0,1,0,0,0
2026-03-10 09:30:00,D05,S05,东向,城市次干路,2,35,40.65,20.83,8.86,0,0,0,0,0,0,0
2026-03-10 09:45:00,D05,S05,东向,城市次干路,2,38,44.25,23.89,8.14,0,0,0,0,0,0,0
2026-03-10 10:00:00,D05,S05,东向,城市次干路,2,29,46.41,21.89,7.76,0,0,0,0,0,0,0
2026-03-10 10:15:00,D05,S05,东向,城市次干路,2,28,44.91,17.06,8.02,0,0,0,0,0,0,0
2026-03-10 10:30:00,D05,S05,东向,城市次干路,2,25,46.28,19.08,7.78,0,0,0,0,0,0,0
2026-03-10 10:45:00,D05,S05,东向,城市次干路,2,25,45.63,11.96,7.89,0,0,0,0,0,0,0
2026-03-10 11:00:00,D05,S05,东向,城市次干路,2,26,41.77,20.55,8.62,0,0,0,0,0,0,0
2026-03-10 11:15:00,D05,S05,东向,城市次干路,2,16,51.31,16.68,7.02,0,0,0,0,0,0,0
2026-03-10 11:30:00,D05,S05,东向,城市次干路,2,11,46.88,5.03,7.68,0,0,0,0,0,0,0
2026-03-10 11:45:00,D05,S05,东向,城市次干路,2,21,45.52,15.78,7.91,0,0,0,0,0,0,0
2026-03-10 12:00:00,D05,S05,东向,城市次干路,2,11,48.73,11.3,7.39,0,0,0,0,0,0,0
2026-03-10 12:15:00,D05,S05,东向,城市次干路,2,18,52.84,13.41,6.81,0,0,0,0,0,0,0
2026-03-10 12:30:00,D05,S05,东向,城市次干路,2,27,43.92,22.89,8.2,0,0,0,0,0,0,0
2026-03-10 12:45:00,D05,S05,东向,城市次干路,2,24,55.0,17.72,6.55,0,0,0,0,0,0,0
2026-03-10 13:00:00,D05,S05,东向,城市次干路,2,15,47.8,14.41,7.53,0,0,0,0,0,0,0
2026-03-10 13:15:00,D05,S05,东向,城市次干路,2,25,58.54,20.1,6.15,0,0,0,0,0,0,0
2026-03-10 13:30:00,D05,S05,东向,城市次干路,2,11,44.39,10.82,8.11,0,0,0,0,0,0,0
2026-03-10 13:45:00,D05,S05,东向,城市次干路,2,15,52.45,8.44,6.86,0,0,0,0,0,0,0
2026-03-10 14:00:00,D05,S05,东向,城市次干路,2,26,45.67,17.71,7.88,0,0,0,0,0,0,0
2026-03-10 14:15:00,D05,S05,东向,城市次干路,2,18,55.47,11.54,6.49,0,0,0,0,0,0,0
2026-03-10 14:30:00,D05,S05,东向,城市次干路,2,17,49.06,10.75,7.34,0,0,0,0,0,0,0
2026-03-10 14:45:00,D05,S05,东向,城市次干路,2,19,51.37,9.54,7.01,0,0,0,0,0,0,0
2026-03-10 15:00:00,D05,S05,东向,城市次干路,2,22,40.2,19.22,8.96,0,0,0,0,0,0,0
2026-03-10 15:15:00,D05,S05,东向,城市次干路,2,22,45.36,16.03,7.94,0,0,0,0,0,0,0
2026-03-10 15:30:00,D05,S05,东向,城市次干路,2,24,45.1,17.15,7.98,0,0,0,0,0,0,0
2026-03-10 15:45:00,D05,S05,东向,城市次干路,2,37,46.89,24.08,7.68,0,0,0,0,0,0,0
2026-03-10 16:00:00,D05,S05,东向,城市次干路,2,36,48.45,19.48,7.43,0,0,0,0,0,0,0
2026-03-10 16:15:00,D05,S05,东向,城市次干路,2,47,34.1,33.41,10.56,0,0,0,0,0,1,1
2026-03-10 16:30:00,D05,S05,东向,城市次干路,2,23,49.86,14.1,7.22,0,0,0,1,0,0,0
2026-03-10 16:45:00,D05,S05,东向,城市次干路,2,41,48.33,22.74,7.45,0,0,0,1,0,0,0
2026-03-10 17:00:00,D05,S05,东向,城市次干路,2,47,34.1,34.03,10.56,0,0,0,1,0,1,1
2026-03-10 17:15:00,D05,S05,东向,城市次干路,2,48,44.26,25.16,8.13,0,0,0,1,0,0,0
2026-03-10 17:30:00,D05,S05,东向,城市次干路,2,43,35.31,31.62,10.19,0,0,0,1,0,1,1
2026-03-10 17:45:00,D05,S05,东向,城市次干路,2,40,46.59,20.73,7.73,0,0,0,1,0,0,0
2026-03-10 18:00:00,D05,S05,东向,城市次干路,2,36,46.04,21.89,7.82,0,0,0,1,0,0,0
2026-03-10 18:15:00,D05,S05,东向,城市次干路,2,47,40.32,29.88,8.93,0,0,0,1,0,0,0
2026-03-10 18:30:00,D05,S05,东向,城市次干路,2,43,40.55,26.27,8.88,0,0,0,1,0,0,0
2026-03-10 18:45:00,D05,S05,东向,城市次干路,2,25,44.3,13.4,8.13,0,0,0,1,0,0,0
2026-03-10 19:00:00,D05,S05,东向,城市次干路,2,33,46.18,19.24,7.8,0,0,0,1,0,0,0
2026-03-10 19:15:00,D05,S05,东向,城市次干路,2,23,46.69,13.85,7.71,0,0,0,1,0,0,0
2026-03-10 19:30:00,D05,S05,东向,城市次干路,2,10,39.53,13.81,9.11,0,0,0,0,0,1,0
2026-03-10 19:45:00,D05,S05,东向,城市次干路,2,25,53.74,13.23,6.7,0,0,0,0,0,0,0
2026-03-10 20:00:00,D05,S05,东向,城市次干路,2,17,60.0,12.39,6.0,0,0,0,0,0,0,0
2026-03-10 20:15:00,D05,S05,东向,城市次干路,2,25,46.31,15.89,7.77,0,0,0,0,0,0,0
2026-03-10 20:30:00,D05,S05,东向,城市次干路,2,3,55.16,8.65,6.53,0,0,0,0,0,0,0
2026-03-10 20:45:00,D05,S05,东向,城市次干路,2,3,49.03,2.77,7.34,0,0,0,0,0,0,0
2026-03-10 21:00:00,D05,S05,东向,城市次干路,2,7,50.42,8.3,7.14,0,0,0,0,0,0,0
2026-03-10 21:15:00,D05,S05,东向,城市次干路,2,14,45.27,15.56,7.95,0,0,0,0,0,0,0
2026-03-10 21:30:00,D05,S05,东向,城市次干路,2,17,51.58,12.95,6.98,0,0,0,0,0,0,0
2026-03-10 21:45:00,D05,S05,东向,城市次干路,2,28,45.26,20.49,7.95,0,0,0,0,0,0,0
2026-03-10 22:00:00,D05,S05,东向,城市次干路,2,12,56.09,10.85,6.42,0,0,0,0,0,0,0
2026-03-10 22:15:00,D05,S05,东向,城市次干路,2,26,47.54,18.74,7.57,0,0,0,0,0,0,0
2026-03-10 22:30:00,D05,S05,东向,城市次干路,2,16,48.73,14.23,7.39,0,0,0,0,0,0,0
2026-03-10 22:45:00,D05,S05,东向,城市次干路,2,14,43.23,16.42,8.33,0,0,0,0,0,0,0
2026-03-10 23:00:00,D05,S05,东向,城市次干路,2,9,47.69,10.2,7.55,0,0,0,0,0,0,0
2026-03-10 23:15:00,D05,S05,东向,城市次干路,2,22,49.68,14.93,7.25,0,0,0,0,0,0,0
2026-03-10 23:30:00,D05,S05,东向,城市次干路,2,13,55.71,9.51,6.46,0,0,0,0,0,0,0
2026-03-10 23:45:00,D05,S05,东向,城市次干路,2,8,44.89,6.54,8.02,0,0,0,0,0,0,0
2026-03-11 00:00:00,D05,S05,东向,城市次干路,2,19,53.47,13.89,6.73,0,0,0,0,0,0,0
2026-03-11 00:15:00,D05,S05,东向,城市次干路,2,16,47.24,12.78,7.62,0,0,0,0,0,0,0
2026-03-11 00:30:00,D05,S05,东向,城市次干路,2,22,52.56,17.73,6.85,0,0,0,0,0,0,0
2026-03-11 00:45:00,D05,S05,东向,城市次干路,2,19,47.14,10.97,7.64,0,0,0,0,0,0,0
2026-03-11 01:00:00,D05,S05,东向,城市次干路,2,11,58.52,11.05,6.15,0,0,0,0,0,0,0
2026-03-11 01:15:00,D05,S05,东向,城市次干路,2,15,49.24,11.34,7.31,0,0,0,0,0,0,0
2026-03-11 01:30:00,D05,S05,东向,城市次干路,2,19,41.2,16.6,8.74,0,0,0,0,0,0,0
2026-03-11 01:45:00,D05,S05,东向,城市次干路,2,24,46.82,17.51,7.69,0,0,0,0,0,0,0
2026-03-11 02:00:00,D05,S05,东向,城市次干路,2,20,54.83,13.05,6.57,0,0,0,0,0,0,0
2026-03-11 02:15:00,D05,S05,东向,城市次干路,2,11,46.26,8.21,7.78,0,0,0,0,0,0,0
2026-03-11 02:30:00,D05,S05,东向,城市次干路,2,23,49.01,13.12,7.35,0,0,0,0,0,0,0
2026-03-11 02:45:00,D05,S05,东向,城市次干路,2,15,44.02,8.75,8.18,0,0,0,0,0,0,0
2026-03-11 03:00:00,D05,S05,东向,城市次干路,2,15,51.36,11.66,7.01,0,0,0,0,0,0,0
2026-03-11 03:15:00,D05,S05,东向,城市次干路,2,8,51.17,11.91,7.04,0,0,0,0,0,0,0
2026-03-11 03:30:00,D05,S05,东向,城市次干路,2,12,51.9,11.92,6.94,0,0,0,0,0,0,0
2026-03-11 03:45:00,D05,S05,东向,城市次干路,2,24,48.36,15.85,7.44,0,0,0,0,0,0,0
2026-03-11 04:00:00,D05,S05,东向,城市次干路,2,13,47.4,12.88,7.6,0,0,0,0,0,0,0
2026-03-11 04:15:00,D05,S05,东向,城市次干路,2,20,48.94,15.93,7.36,0,0,0,0,0,0,0
2026-03-11 04:30:00,D05,S05,东向,城市次干路,2,19,51.93,18.96,6.93,0,0,0,0,0,0,0
2026-03-11 04:45:00,D05,S05,东向,城市次干路,2,19,42.44,14.38,8.48,0,0,0,0,0,0,0
2026-03-11 05:00:00,D05,S05,东向,城市次干路,2,21,52.83,15.1,6.81,0,0,0,0,0,0,0
2026-03-11 05:15:00,D05,S05,东向,城市次干路,2,17,49.21,13.3,7.32,0,0,0,0,0,0,0
2026-03-11 05:30:00,D05,S05,东向,城市次干路,2,15,53.27,10.02,6.76,0,0,0,0,0,0,0
2026-03-11 05:45:00,D05,S05,东向,城市次干路,2,20,44.89,10.6,8.02,0,0,0,0,0,0,0
2026-03-11 06:00:00,D05,S05,东向,城市次干路,2,12,47.65,13.77,7.55,0,0,0,0,0,0,0
2026-03-11 06:15:00,D05,S05,东向,城市次干路,2,12,48.52,10.39,7.42,0,0,0,0,0,0,0
2026-03-11 06:30:00,D05,S05,东向,城市次干路,2,9,51.61,11.72,6.98,0,0,0,0,0,0,0
2026-03-11 06:45:00,D05,S05,东向,城市次干路,2,23,45.96,16.29,7.83,0,0,0,0,0,0,0
2026-03-11 07:00:00,D05,S05,东向,城市次干路,2,26,39.73,24.66,9.06,0,0,0,1,0,1,0
2026-03-11 07:15:00,D05,S05,东向,城市次干路,2,21,52.38,17.87,6.87,0,0,0,1,0,0,0
2026-03-11 07:30:00,D05,S05,东向,城市次干路,2,44,47.56,23.14,7.57,0,0,0,1,0,0,0
2026-03-11 07:45:00,D05,S05,东向,城市次干路,2,39,42.29,22.28,8.51,0,0,0,1,0,0,0
2026-03-11 08:00:00,D05,S05,东向,城市次干路,2,36,39.84,23.33,9.04,0,0,0,1,0,1,0
2026-03-11 08:15:00,D05,S05,东向,城市次干路,2,36,39.09,23.87,9.21,0,0,0,1,0,1,0
2026-03-11 08:30:00,D05,S05,东向,城市次干路,2,42,51.04,19.93,7.05,0,0,0,1,0,0,0
2026-03-11 08:45:00,D05,S05,东向,城市次干路,2,53,42.54,31.33,8.46,0,0,0,1,0,0,1
2026-03-11 09:00:00,D05,S05,东向,城市次干路,2,43,53.31,24.25,6.75,0,0,0,1,0,0,0
2026-03-11 09:15:00,D05,S05,东向,城市次干路,2,37,51.43,19.14,7.0,0,0,0,1,0,0,0
2026-03-11 09:30:00,D05,S05,东向,城市次干路,2,36,49.13,21.16,7.33,0,0,0,0,0,0,0
2026-03-11 09:45:00,D05,S05,东向,城市次干路,2,29,46.94,15.96,7.67,0,0,0,0,0,0,0
2026-03-11 10:00:00,D05,S05,东向,城市次干路,2,22,47.85,12.29,7.52,0,0,0,0,0,0,0
2026-03-11 10:15:00,D05,S05,东向,城市次干路,2,17,48.9,13.72,7.36,0,0,0,0,0,0,0
2026-03-11 10:30:00,D05,S05,东向,城市次干路,2,23,44.26,14.98,8.13,0,0,0,0,0,0,0
2026-03-11 10:45:00,D05,S05,东向,城市次干路,2,15,51.45,13.3,7.0,0,0,0,0,0,0,0
2026-03-11 11:00:00,D05,S05,东向,城市次干路,2,23,49.01,18.62,7.35,0,0,0,0,0,0,0
2026-03-11 11:15:00,D05,S05,东向,城市次干路,2,24,48.57,13.11,7.41,0,0,0,0,0,0,0
2026-03-11 11:30:00,D05,S05,东向,城市次干路,2,4,51.16,10.9,7.04,0,0,0,0,0,0,0
2026-03-11 11:45:00,D05,S05,东向,城市次干路,2,17,38.88,17.96,9.26,0,0,0,0,0,1,0
2026-03-11 12:00:00,D05,S05,东向,城市次干路,2,13,60.0,9.42,6.0,0,0,0,0,0,0,0
2026-03-11 12:15:00,D05,S05,东向,城市次干路,2,21,45.58,14.77,7.9,0,0,0,0,0,0,0
2026-03-11 12:30:00,D05,S05,东向,城市次干路,2,14,42.38,12.95,8.49,0,0,0,0,0,0,0
2026-03-11 12:45:00,D05,S05,东向,城市次干路,2,14,44.81,10.33,8.03,0,0,0,0,0,0,0
2026-03-11 13:00:00,D05,S05,东向,城市次干路,2,21,44.02,16.65,8.18,0,0,0,0,0,0,0
2026-03-11 13:15:00,D05,S05,东向,城市次干路,2,16,46.71,10.15,7.71,0,0,0,0,0,0,0
2026-03-11 13:30:00,D05,S05,东向,城市次干路,2,14,39.71,13.95,9.07,0,0,0,0,0,1,0
2026-03-11 13:45:00,D05,S05,东向,城市次干路,2,15,52.61,14.92,6.84,0,0,0,0,0,0,0
2026-03-11 14:00:00,D05,S05,东向,城市次干路,2,27,45.57,19.06,7.9,0,0,0,0,0,0,0
2026-03-11 14:15:00,D05,S05,东向,城市次干路,2,16,49.35,11.32,7.3,0,0,0,0,0,0,0
2026-03-11 14:30:00,D05,S05,东向,城市次干路,2,18,53.15,15.13,6.77,0,0,0,0,0,0,0
2026-03-11 14:45:00,D05,S05,东向,城市次干路,2,17,45.53,12.7,7.91,0,0,0,0,0,0,0
2026-03-11 15:00:00,D05,S05,东向,城市次干路,2,28,48.36,20.63,7.44,0,0,0,0,0,0,0
2026-03-11 15:15:00,D05,S05,东向,城市次干路,2,13,50.93,8.51,7.07,0,0,0,0,0,0,0
2026-03-11 15:30:00,D05,S05,东向,城市次干路,2,24,48.16,14.32,7.48,0,0,0,0,0,0,0
2026-03-11 15:45:00,D05,S05,东向,城市次干路,2,30,49.82,16.12,7.23,0,0,0,0,0,0,0
2026-03-11 16:00:00,D05,S05,东向,城市次干路,2,32,50.62,18.66,7.11,0,0,0,0,0,0,0
2026-03-11 16:15:00,D05,S05,东向,城市次干路,2,46,37.5,32.26,9.6,0,0,0,0,0,1,1
2026-03-11 16:30:00,D05,S05,东向,城市次干路,2,47,42.33,26.15,8.5,0,0,0,1,0,0,0
2026-03-11 16:45:00,D05,S05,东向,城市次干路,2,43,40.47,25.31,8.89,0,0,0,1,0,0,0
2026-03-11 17:00:00,D05,S05,东向,城市次干路,2,40,42.43,27.14,8.49,0,0,0,1,0,0,0
2026-03-11 17:15:00,D05,S05,东向,城市次干路,2,62,25.59,43.77,14.07,0,0,0,1,0,1,1
2026-03-11 17:30:00,D05,S05,东向,城市次干路,2,40,42.83,24.6,8.41,0,0,0,1,0,0,0
2026-03-11 17:45:00,D05,S05,东向,城市次干路,2,38,47.23,23.57,7.62,0,0,0,1,0,0,0
2026-03-11 18:00:00,D05,S05,东向,城市次干路,2,35,42.3,25.35,8.51,0,0,0,1,0,0,0
2026-03-11 18:15:00,D05,S05,东向,城市次干路,2,48,34.81,35.72,10.34,0,0,0,1,0,1,1
2026-03-11 18:30:00,D05,S05,东向,城市次干路,2,33,45.45,18.86,7.92,0,0,0,1,0,0,0
2026-03-11 18:45:00,D05,S05,东向,城市次干路,2,47,40.57,30.62,8.87,0,0,0,1,0,0,1
2026-03-11 19:00:00,D05,S05,东向,城市次干路,2,27,43.26,23.86,8.32,0,0,0,1,0,0,0
2026-03-11 19:15:00,D05,S05,东向,城市次干路,2,19,47.59,16.92,7.56,0,0,0,1,0,0,0
2026-03-11 19:30:00,D05,S05,东向,城市次干路,2,31,45.22,16.0,7.96,0,0,0,0,0,0,0
2026-03-11 19:45:00,D05,S05,东向,城市次干路,2,25,52.9,15.6,6.81,0,0,0,0,0,0,0
2026-03-11 20:00:00,D05,S05,东向,城市次干路,2,19,47.71,11.94,7.55,0,0,0,0,0,0,0
2026-03-11 20:15:00,D05,S05,东向,城市次干路,2,8,48.02,10.24,7.5,0,0,0,0,0,0,0
2026-03-11 20:30:00,D05,S05,东向,城市次干路,2,20,44.75,19.09,8.04,0,0,0,0,0,0,0
2026-03-11 20:45:00,D05,S05,东向,城市次干路,2,26,45.7,19.4,7.88,0,0,0,0,0,0,0
2026-03-11 21:00:00,D05,S05,东向,城市次干路,2,21,46.27,16.21,7.78,0,0,0,0,0,0,0
2026-03-11 21:15:00,D05,S05,东向,城市次干路,2,18,51.64,18.2,6.97,0,0,0,0,0,0,0
2026-03-11 21:30:00,D05,S05,东向,城市次干路,2,15,49.6,11.51,7.26,0,0,0,0,0,0,0
2026-03-11 21:45:00,D05,S05,东向,城市次干路,2,22,47.51,14.93,7.58,0,0,0,0,0,0,0
2026-03-11 22:00:00,D05,S05,东向,城市次干路,2,20,49.01,13.8,7.35,0,0,0,0,0,0,0
2026-03-11 22:15:00,D05,S05,东向,城市次干路,2,3,51.9,6.0,6.94,0,0,0,0,0,0,0
2026-03-11 22:30:00,D05,S05,东向,城市次干路,2,16,50.02,13.68,7.2,0,0,0,0,0,0,0
2026-03-11 22:45:00,D05,S05,东向,城市次干路,2,19,45.2,14.88,7.96,0,0,0,0,0,0,0
2026-03-11 23:00:00,D05,S05,东向,城市次干路,2,14,47.01,15.48,7.66,0,0,0,0,0,0,0
2026-03-11 23:15:00,D05,S05,东向,城市次干路,2,19,50.14,13.8,7.18,0,0,0,0,0,0,0
2026-03-11 23:30:00,D05,S05,东向,城市次干路,2,7,52.19,6.47,6.9,0,0,0,0,0,0,0
2026-03-11 23:45:00,D05,S05,东向,城市次干路,2,15,39.2,12.17,9.18,0,0,0,0,0,1,0
2026-03-12 00:00:00,D05,S05,东向,城市次干路,2,5,49.16,14.52,7.32,0,0,0,0,0,0,0
2026-03-12 00:15:00,D05,S05,东向,城市次干路,2,15,54.0,9.95,6.67,0,0,0,0,0,0,0
2026-03-12 00:30:00,D05,S05,东向,城市次干路,2,8,49.08,8.45,7.33,0,0,0,0,1,0,0
2026-03-12 00:45:00,D05,S05,东向,城市次干路,2,9,41.53,13.39,8.67,0,0,0,0,0,0,0
2026-03-12 01:00:00,D05,S05,东向,城市次干路,2,13,57.16,10.83,6.3,0,0,0,0,0,0,0
2026-03-12 01:15:00,D05,S05,东向,城市次干路,2,17,51.06,14.17,7.05,0,0,0,0,0,0,0
2026-03-12 01:30:00,D05,S05,东向,城市次干路,2,5,52.93,2.06,6.8,0,0,0,0,0,0,0
2026-03-12 01:45:00,D05,S05,东向,城市次干路,2,17,46.69,14.82,7.71,0,0,0,0,0,0,0
2026-03-12 02:00:00,D05,S05,东向,城市次干路,2,31,42.64,23.61,8.44,0,0,0,0,0,0,0
2026-03-12 02:15:00,D05,S05,东向,城市次干路,2,31,43.02,22.67,8.37,0,0,0,0,0,0,0
2026-03-12 02:30:00,D05,S05,东向,城市次干路,2,15,49.46,9.48,7.28,0,0,0,0,0,0,0
2026-03-12 02:45:00,D05,S05,东向,城市次干路,2,22,42.9,12.87,8.39,0,0,0,0,0,0,0
2026-03-12 03:00:00,D05,S05,东向,城市次干路,2,27,51.45,18.44,7.0,0,0,0,0,0,0,0
2026-03-12 03:15:00,D05,S05,东向,城市次干路,2,21,55.07,14.62,6.54,0,0,0,0,0,0,0
2026-03-12 03:30:00,D05,S05,东向,城市次干路,2,8,45.79,9.18,7.86,0,0,0,0,0,0,0
2026-03-12 03:45:00,D05,S05,东向,城市次干路,2,3,57.55,5.86,6.25,0,0,0,0,0,0,0
2026-03-12 04:00:00,D05,S05,东向,城市次干路,2,16,47.24,11.87,7.62,0,0,0,0,0,0,0
2026-03-12 04:15:00,D05,S05,东向,城市次干路,2,23,44.87,17.96,8.02,0,0,0,0,0,0,0
2026-03-12 04:30:00,D05,S05,东向,城市次干路,2,25,48.7,9.0,7.39,0,0,0,0,0,0,0
2026-03-12 04:45:00,D05,S05,东向,城市次干路,2,23,41.93,16.14,8.58,0,0,0,0,0,0,0
2026-03-12 05:00:00,D05,S05,东向,城市次干路,2,20,46.54,15.46,7.74,0,0,0,0,0,0,0
2026-03-12 05:15:00,D05,S05,东向,城市次干路,2,19,46.82,11.71,7.69,0,0,0,0,0,0,0
2026-03-12 05:30:00,D05,S05,东向,城市次干路,2,12,48.44,9.33,7.43,0,0,0,0,0,0,0
2026-03-12 05:45:00,D05,S05,东向,城市次干路,2,13,45.18,16.26,7.97,0,0,0,0,0,0,0
2026-03-12 06:00:00,D05,S05,东向,城市次干路,2,28,48.78,22.69,7.38,0,0,0,0,0,0,0
2026-03-12 06:15:00,D05,S05,东向,城市次干路,2,19,53.64,10.77,6.71,0,0,0,0,0,0,0
2026-03-12 06:30:00,D05,S05,东向,城市次干路,2,15,43.53,13.76,8.27,0,0,0,0,0,0,0
2026-03-12 06:45:00,D05,S05,东向,城市次干路,2,22,46.07,14.8,7.82,0,0,0,0,0,0,0
2026-03-12 07:00:00,D05,S05,东向,城市次干路,2,30,50.41,17.42,7.14,0,0,0,1,0,0,0
2026-03-12 07:15:00,D05,S05,东向,城市次干路,2,30,42.37,21.65,8.5,0,0,0,1,0,0,0
2026-03-12 07:30:00,D05,S05,东向,城市次干路,2,36,40.4,25.41,8.91,0,0,0,1,0,0,0
2026-03-12 07:45:00,D05,S05,东向,城市次干路,2,45,48.29,21.52,7.46,0,0,0,1,0,0,0
2026-03-12 08:00:00,D05,S05,东向,城市次干路,2,41,45.47,25.44,7.92,0,0,0,1,0,0,0
2026-03-12 08:15:00,D05,S05,东向,城市次干路,2,51,49.03,26.47,7.34,0,0,0,1,0,0,0
2026-03-12 08:30:00,D05,S05,东向,城市次干路,2,53,33.78,35.61,10.66,0,0,0,1,0,1,1
2026-03-12 08:45:00,D05,S05,东向,城市次干路,2,50,36.68,30.93,9.82,0,0,0,1,0,1,1
2026-03-12 09:00:00,D05,S05,东向,城市次干路,2,46,40.98,28.43,8.78,0,0,0,1,0,0,0
2026-03-12 09:15:00,D05,S05,东向,城市次干路,2,43,44.19,21.13,8.15,0,0,0,1,0,0,0
2026-03-12 09:30:00,D05,S05,东向,城市次干路,2,42,50.23,22.6,7.17,0,0,0,0,0,0,0
2026-03-12 09:45:00,D05,S05,东向,城市次干路,2,24,46.56,14.62,7.73,0,0,0,0,0,0,0
2026-03-12 10:00:00,D05,S05,东向,城市次干路,2,25,44.67,17.22,8.06,0,0,0,0,0,0,0
2026-03-12 10:15:00,D05,S05,东向,城市次干路,2,24,44.07,17.78,8.17,0,0,0,0,0,0,0
2026-03-12 10:30:00,D05,S05,东向,城市次干路,2,13,53.84,12.62,6.69,0,0,0,0,0,0,0
2026-03-12 10:45:00,D05,S05,东向,城市次干路,2,13,52.44,14.4,6.86,0,0,0,0,0,0,0
2026-03-12 11:00:00,D05,S05,东向,城市次干路,2,13,44.6,11.37,8.07,0,0,0,0,0,0,0
2026-03-12 11:15:00,D05,S05,东向,城市次干路,2,19,53.74,18.9,6.7,0,0,0,0,0,0,0
2026-03-12 11:30:00,D05,S05,东向,城市次干路,2,10,43.38,11.27,8.3,0,0,0,0,0,0,0
2026-03-12 11:45:00,D05,S05,东向,城市次干路,2,7,49.89,11.06,7.22,0,0,0,0,0,0,0
2026-03-12 12:00:00,D05,S05,东向,城市次干路,2,18,55.84,10.89,6.45,0,0,0,0,0,0,0
2026-03-12 12:15:00,D05,S05,东向,城市次干路,2,19,43.51,13.68,8.27,0,0,0,0,0,0,0
2026-03-12 12:30:00,D05,S05,东向,城市次干路,2,6,52.86,7.73,6.81,0,0,0,0,0,0,0
2026-03-12 12:45:00,D05,S05,东向,城市次干路,2,18,49.94,12.81,7.21,0,0,0,0,0,0,0
2026-03-12 13:00:00,D05,S05,东向,城市次干路,2,8,51.09,9.6,7.05,0,0,0,0,0,0,0
2026-03-12 13:15:00,D05,S05,东向,城市次干路,2,15,45.69,14.08,7.88,0,0,0,0,0,0,0
2026-03-12 13:30:00,D05,S05,东向,城市次干路,2,20,43.83,17.99,8.21,0,0,0,0,0,0,0
2026-03-12 13:45:00,D05,S05,东向,城市次干路,2,25,51.35,16.65,7.01,0,0,0,0,0,0,0
2026-03-12 14:00:00,D05,S05,东向,城市次干路,2,19,59.59,12.12,6.04,0,0,0,0,0,0,0
2026-03-12 14:15:00,D05,S05,东向,城市次干路,2,20,52.47,11.09,6.86,0,0,0,0,0,0,0
2026-03-12 14:30:00,D05,S05,东向,城市次干路,2,24,47.81,15.46,7.53,0,0,0,0,0,0,0
2026-03-12 14:45:00,D05,S05,东向,城市次干路,2,20,39.88,19.89,9.03,0,0,0,0,0,1,0
2026-03-12 15:00:00,D05,S05,东向,城市次干路,2,23,51.71,15.82,6.96,0,0,0,0,0,0,0
2026-03-12 15:15:00,D05,S05,东向,城市次干路,2,13,46.96,11.88,7.67,0,0,0,0,0,0,0
2026-03-12 15:30:00,D05,S05,东向,城市次干路,2,25,51.76,17.64,6.96,0,0,0,0,0,0,0
2026-03-12 15:45:00,D05,S05,东向,城市次干路,2,21,38.76,16.17,9.29,0,0,0,0,0,1,0
2026-03-12 16:00:00,D05,S05,东向,城市次干路,2,37,41.67,24.1,8.64,0,0,0,0,0,0,0
2026-03-12 16:15:00,D05,S05,东向,城市次干路,2,34,50.96,17.47,7.06,0,0,0,0,0,0,0
2026-03-12 16:30:00,D05,S05,东向,城市次干路,2,41,44.71,22.68,8.05,0,0,0,1,0,0,0
2026-03-12 16:45:00,D05,S05,东向,城市次干路,2,50,44.22,23.59,8.14,0,0,0,1,0,0,0
2026-03-12 17:00:00,D05,S05,东向,城市次干路,2,50,39.56,33.89,9.1,0,0,0,1,0,1,1
2026-03-12 17:15:00,D05,S05,东向,城市次干路,2,41,43.12,23.51,8.35,0,0,0,1,0,0,0
2026-03-12 17:30:00,D05,S05,东向,城市次干路,2,48,38.19,35.02,9.43,0,0,0,1,0,1,1
2026-03-12 17:45:00,D05,S05,东向,城市次干路,2,48,36.22,31.63,9.94,0,0,0,1,0,1,1
2026-03-12 18:00:00,D05,S05,东向,城市次干路,2,41,43.97,24.64,8.19,0,0,0,1,0,0,0
2026-03-12 18:15:00,D05,S05,东向,城市次干路,2,37,42.09,24.24,8.55,0,0,0,1,0,0,0
2026-03-12 18:30:00,D05,S05,东向,城市次干路,2,29,47.44,13.02,7.59,0,0,0,1,0,0,0
2026-03-12 18:45:00,D05,S05,东向,城市次干路,2,43,43.69,24.2,8.24,0,0,0,1,0,0,0
2026-03-12 19:00:00,D05,S05,东向,城市次干路,2,24,51.29,16.43,7.02,0,0,0,1,0,0,0
2026-03-12 19:15:00,D05,S05,东向,城市次干路,2,22,47.12,14.16,7.64,0,0,0,1,0,0,0
2026-03-12 19:30:00,D05,S05,东向,城市次干路,2,26,51.78,13.59,6.95,0,0,0,0,0,0,0
2026-03-12 19:45:00,D05,S05,东向,城市次干路,2,27,45.09,16.7,7.98,0,0,0,0,0,0,0
2026-03-12 20:00:00,D05,S05,东向,城市次干路,2,19,40.29,16.88,8.93,0,0,0,0,0,0,0
2026-03-12 20:15:00,D05,S05,东向,城市次干路,2,23,41.85,19.48,8.6,0,0,0,0,0,0,0
2026-03-12 20:30:00,D05,S05,东向,城市次干路,2,15,45.9,13.73,7.84,0,0,0,0,0,0,0
2026-03-12 20:45:00,D05,S05,东向,城市次干路,2,10,47.79,11.11,7.53,0,0,0,0,0,0,0
2026-03-12 21:00:00,D05,S05,东向,城市次干路,2,19,48.02,12.38,7.5,0,0,0,0,0,0,0
2026-03-12 21:15:00,D05,S05,东向,城市次干路,2,16,50.07,13.15,7.19,0,0,0,0,0,0,0
2026-03-12 21:30:00,D05,S05,东向,城市次干路,2,16,50.92,13.08,7.07,0,0,0,0,0,0,0
2026-03-12 21:45:00,D05,S05,东向,城市次干路,2,24,56.36,15.41,6.39,0,0,0,0,0,0,0
2026-03-12 22:00:00,D05,S05,东向,城市次干路,2,17,53.42,12.08,6.74,0,0,0,0,0,0,0
2026-03-12 22:15:00,D05,S05,东向,城市次干路,2,19,43.15,14.29,8.34,0,0,0,0,0,0,0
2026-03-12 22:30:00,D05,S05,东向,城市次干路,2,22,44.28,15.94,8.13,0,0,0,0,0,0,0
2026-03-12 22:45:00,D05,S05,东向,城市次干路,2,14,50.46,8.87,7.13,0,0,0,0,0,0,0
2026-03-12 23:00:00,D05,S05,东向,城市次干路,2,11,46.63,4.29,7.72,0,0,0,0,0,0,0
2026-03-12 23:15:00,D05,S05,东向,城市次干路,2,6,53.9,8.31,6.68,0,0,0,0,0,0,0
2026-03-12 23:30:00,D05,S05,东向,城市次干路,2,11,51.41,11.37,7.0,0,0,0,0,0,0,0
2026-03-12 23:45:00,D05,S05,东向,城市次干路,2,21,50.96,11.91,7.06,0,0,0,0,0,0,0
2026-03-13 00:00:00,D05,S05,东向,城市次干路,2,18,49.19,13.3,7.32,0,0,0,0,0,0,0
2026-03-13 00:15:00,D05,S05,东向,城市次干路,2,22,49.94,13.09,7.21,0,0,0,0,0,0,0
2026-03-13 00:30:00,D05,S05,东向,城市次干路,2,16,46.96,10.96,7.67,0,0,0,0,0,0,0
2026-03-13 00:45:00,D05,S05,东向,城市次干路,2,22,45.03,15.78,8.0,0,0,0,0,0,0,0
2026-03-13 01:00:00,D05,S05,东向,城市次干路,2,11,48.72,8.86,7.39,0,0,0,0,0,0,0
2026-03-13 01:15:00,D05,S05,东向,城市次干路,2,19,48.48,8.77,7.43,0,0,0,0,0,0,0
2026-03-13 01:30:00,D05,S05,东向,城市次干路,2,25,45.48,19.93,7.91,0,0,0,0,0,0,0
2026-03-13 01:45:00,D05,S05,东向,城市次干路,2,18,43.36,14.12,8.3,0,0,0,0,0,0,0
2026-03-13 02:00:00,D05,S05,东向,城市次干路,2,3,51.03,11.84,7.05,0,0,0,0,0,0,0
2026-03-13 02:15:00,D05,S05,东向,城市次干路,2,16,51.6,15.28,6.98,0,0,0,0,0,0,0
2026-03-13 02:30:00,D05,S05,东向,城市次干路,2,17,43.92,14.06,8.2,0,0,0,0,0,0,0
2026-03-13 02:45:00,D05,S05,东向,城市次干路,2,17,42.98,13.14,8.38,0,0,0,0,0,0,0
2026-03-13 03:00:00,D05,S05,东向,城市次干路,2,18,54.55,12.52,6.6,0,0,0,0,0,0,0
2026-03-13 03:15:00,D05,S05,东向,城市次干路,2,20,41.54,13.16,8.67,0,0,0,0,0,0,0
2026-03-13 03:30:00,D05,S05,东向,城市次干路,2,12,49.76,11.71,7.23,0,0,0,0,0,0,0
2026-03-13 03:45:00,D05,S05,东向,城市次干路,2,16,54.29,13.71,6.63,0,0,0,0,0,0,0
2026-03-13 04:00:00,D05,S05,东向,城市次干路,2,17,45.24,10.38,7.96,0,0,0,0,0,0,0
2026-03-13 04:15:00,D05,S05,东向,城市次干路,2,19,44.55,13.58,8.08,0,0,0,0,0,0,0
2026-03-13 04:30:00,D05,S05,东向,城市次干路,2,20,43.22,11.64,8.33,0,0,0,0,0,0,0
2026-03-13 04:45:00,D05,S05,东向,城市次干路,2,25,42.88,15.69,8.4,0,0,0,0,0,0,0
2026-03-13 05:00:00,D05,S05,东向,城市次干路,2,16,53.44,13.08,6.74,0,0,0,0,0,0,0
2026-03-13 05:15:00,D05,S05,东向,城市次干路,2,23,54.71,15.47,6.58,0,0,0,0,0,0,0
2026-03-13 05:30:00,D05,S05,东向,城市次干路,2,12,49.41,10.21,7.29,0,0,0,0,0,0,0
2026-03-13 05:45:00,D05,S05,东向,城市次干路,2,18,53.39,15.22,6.74,0,0,0,0,0,0,0
2026-03-13 06:00:00,D05,S05,东向,城市次干路,2,18,38.47,17.09,9.36,1,0,0,0,0,1,0
2026-03-13 06:15:00,D05,S05,东向,城市次干路,2,20,35.13,21.95,10.25,1,0,0,0,0,1,0
2026-03-13 06:30:00,D05,S05,东向,城市次干路,2,15,40.05,15.78,8.99,1,0,0,0,0,0,0
2026-03-13 06:45:00,D05,S05,东向,城市次干路,2,22,41.67,15.9,8.64,1,0,0,0,0,0,0
2026-03-13 07:00:00,D05,S05,东向,城市次干路,2,31,42.81,19.05,8.41,1,0,0,1,0,0,0
2026-03-13 07:15:00,D05,S05,东向,城市次干路,2,26,35.99,26.14,10.0,1,0,0,1,0,1,0
2026-03-13 07:30:00,D05,S05,东向,城市次干路,2,34,39.17,27.33,9.19,1,0,0,1,0,1,0
2026-03-13 07:45:00,D05,S05,东向,城市次干路,2,45,37.71,30.3,9.55,1,0,0,1,0,1,1
2026-03-13 08:00:00,D05,S05,东向,城市次干路,2,39,39.02,25.82,9.23,1,0,0,1,0,1,0
2026-03-13 08:15:00,D05,S05,东向,城市次干路,2,45,34.51,32.33,10.43,1,0,0,1,0,1,1
2026-03-13 08:30:00,D05,S05,东向,城市次干路,2,46,34.83,29.87,10.34,1,0,0,1,0,1,1
2026-03-13 08:45:00,D05,S05,东向,城市次干路,2,39,42.55,28.2,8.46,1,0,0,1,0,0,0
2026-03-13 09:00:00,D05,S05,东向,城市次干路,2,45,38.5,29.11,9.35,1,0,0,1,0,1,0
2026-03-13 09:15:00,D05,S05,东向,城市次干路,2,43,40.92,29.47,8.8,1,0,0,1,0,0,0
2026-03-13 09:30:00,D05,S05,东向,城市次干路,2,41,30.45,33.95,11.82,1,0,0,0,0,1,1
2026-03-13 09:45:00,D05,S05,东向,城市次干路,2,27,40.19,20.15,8.96,1,0,0,0,0,0,0
2026-03-13 10:00:00,D05,S05,东向,城市次干路,2,23,38.95,15.68,9.24,1,0,0,0,0,1,0
2026-03-13 10:15:00,D05,S05,东向,城市次干路,2,25,36.32,21.74,9.91,1,0,0,0,0,1,0
2026-03-13 10:30:00,D05,S05,东向,城市次干路,2,27,38.14,19.73,9.44,1,0,0,0,0,1,0
2026-03-13 10:45:00,D05,S05,东向,城市次干路,2,17,44.53,13.31,8.08,1,0,0,0,0,0,0
2026-03-13 11:00:00,D05,S05,东向,城市次干路,2,14,37.68,19.76,9.55,1,0,0,0,0,1,0
2026-03-13 11:15:00,D05,S05,东向,城市次干路,2,30,39.6,21.49,9.09,1,0,0,0,0,1,0
2026-03-13 11:30:00,D05,S05,东向,城市次干路,2,15,37.38,18.85,9.63,1,0,0,0,0,1,0
2026-03-13 11:45:00,D05,S05,东向,城市次干路,2,20,42.86,18.16,8.4,1,0,0,0,0,0,0
2026-03-13 12:00:00,D05,S05,东向,城市次干路,2,5,47.09,5.7,7.64,1,0,0,0,0,0,0
2026-03-13 12:15:00,D05,S05,东向,城市次干路,2,19,55.36,16.86,6.5,0,0,0,0,0,0,0
2026-03-13 12:30:00,D05,S05,东向,城市次干路,2,9,51.12,7.14,7.04,0,0,0,0,0,0,0
2026-03-13 12:45:00,D05,S05,东向,城市次干路,2,14,39.5,16.8,9.11,0,0,0,0,0,1,0
2026-03-13 13:00:00,D05,S05,东向,城市次干路,2,5,51.81,6.7,6.95,0,0,0,0,0,0,0
2026-03-13 13:15:00,D05,S05,东向,城市次干路,2,25,44.86,15.3,8.03,0,0,0,0,0,0,0
2026-03-13 13:30:00,D05,S05,东向,城市次干路,2,29,45.07,15.93,7.99,0,0,0,0,0,0,0
2026-03-13 13:45:00,D05,S05,东向,城市次干路,2,23,44.17,18.37,8.15,0,0,0,0,0,0,0
2026-03-13 14:00:00,D05,S05,东向,城市次干路,2,8,50.99,12.32,7.06,0,0,0,0,0,0,0
2026-03-13 14:15:00,D05,S05,东向,城市次干路,2,33,46.4,22.98,7.76,0,0,0,0,0,0,0
2026-03-13 14:30:00,D05,S05,东向,城市次干路,2,24,48.78,15.17,7.38,0,0,0,0,0,0,0
2026-03-13 14:45:00,D05,S05,东向,城市次干路,2,16,51.19,10.6,7.03,0,0,0,0,0,0,0
2026-03-13 15:00:00,D05,S05,东向,城市次干路,2,19,43.74,15.47,8.23,0,0,0,0,0,0,0
2026-03-13 15:15:00,D05,S05,东向,城市次干路,2,16,54.9,13.25,6.56,0,0,0,0,0,0,0
2026-03-13 15:30:00,D05,S05,东向,城市次干路,2,28,38.37,21.19,9.38,0,0,0,0,0,1,0
2026-03-13 15:45:00,D05,S05,东向,城市次干路,2,31,43.38,22.95,8.3,0,0,0,0,0,0,0
2026-03-13 16:00:00,D05,S05,东向,城市次干路,2,28,39.11,23.9,9.2,1,0,0,0,0,1,0
2026-03-13 16:15:00,D05,S05,东向,城市次干路,2,38,45.07,22.1,7.99,1,0,0,0,0,0,0
2026-03-13 16:30:00,D05,S05,东向,城市次干路,2,44,33.29,31.29,10.81,1,0,0,1,0,1,1
2026-03-13 16:45:00,D05,S05,东向,城市次干路,2,52,23.84,42.57,15.1,1,0,0,1,0,1,1
2026-03-13 17:00:00,D05,S05,东向,城市次干路,2,49,34.36,33.9,10.48,1,0,0,1,0,1,1
2026-03-13 17:15:00,D05,S05,东向,城市次干路,2,42,33.07,33.62,10.89,1,0,0,1,0,1,1
2026-03-13 17:30:00,D05,S05,东向,城市次干路,2,47,28.89,38.49,12.46,1,0,0,1,0,1,1
2026-03-13 17:45:00,D05,S05,东向,城市次干路,2,42,33.62,31.14,10.71,1,0,0,1,0,1,1
2026-03-13 18:00:00,D05,S05,东向,城市次干路,2,40,26.78,34.29,13.44,1,0,0,1,0,1,1
2026-03-13 18:15:00,D05,S05,东向,城市次干路,2,41,32.02,33.14,11.24,1,0,0,1,0,1,1
2026-03-13 18:30:00,D05,S05,东向,城市次干路,2,35,40.51,25.43,8.89,1,0,0,1,0,0,0
2026-03-13 18:45:00,D05,S05,东向,城市次干路,2,36,42.49,25.27,8.47,1,0,0,1,0,0,0
2026-03-13 19:00:00,D05,S05,东向,城市次干路,2,28,32.32,26.94,11.14,1,0,0,1,0,1,1
2026-03-13 19:15:00,D05,S05,东向,城市次干路,2,28,42.46,21.2,8.48,1,0,0,1,0,0,0
2026-03-13 19:30:00,D05,S05,东向,城市次干路,2,18,40.49,16.87,8.89,1,0,0,0,0,0,0
2026-03-13 19:45:00,D05,S05,东向,城市次干路,2,25,40.92,24.36,8.8,1,0,0,0,0,0,0
2026-03-13 20:00:00,D05,S05,东向,城市次干路,2,22,40.51,17.71,8.89,1,0,0,0,0,0,0
2026-03-13 20:15:00,D05,S05,东向,城市次干路,2,17,48.41,10.63,7.44,1,0,0,0,0,0,0
2026-03-13 20:30:00,D05,S05,东向,城市次干路,2,23,35.21,22.28,10.23,1,0,0,0,0,1,0
2026-03-13 20:45:00,D05,S05,东向,城市次干路,2,16,42.6,13.14,8.45,1,0,0,0,0,0,0
2026-03-13 21:00:00,D05,S05,东向,城市次干路,2,19,39.24,18.99,9.17,1,0,0,0,0,1,0
2026-03-13 21:15:00,D05,S05,东向,城市次干路,2,18,42.68,14.17,8.43,0,0,0,0,0,0,0
2026-03-13 21:30:00,D05,S05,东向,城市次干路,2,10,53.21,7.55,6.77,0,0,0,0,0,0,0
2026-03-13 21:45:00,D05,S05,东向,城市次干路,2,14,44.29,12.63,8.13,0,0,0,0,0,0,0
2026-03-13 22:00:00,D05,S05,东向,城市次干路,2,19,50.79,15.67,7.09,0,0,0,0,0,0,0
2026-03-13 22:15:00,D05,S05,东向,城市次干路,2,3,57.5,6.23,6.26,0,0,0,0,0,0,0
2026-03-13 22:30:00,D05,S05,东向,城市次干路,2,16,53.81,13.31,6.69,0,0,0,0,0,0,0
2026-03-13 22:45:00,D05,S05,东向,城市次干路,2,30,57.59,18.04,6.25,0,0,0,0,0,0,0
2026-03-13 23:00:00,D05,S05,东向,城市次干路,2,11,41.98,13.64,8.57,0,0,0,0,0,0,0
2026-03-13 23:15:00,D05,S05,东向,城市次干路,2,5,53.36,6.17,6.75,0,0,0,0,0,0,0
2026-03-13 23:30:00,D05,S05,东向,城市次干路,2,10,49.36,2.58,7.29,0,0,0,0,0,0,0
2026-03-13 23:45:00,D05,S05,东向,城市次干路,2,16,51.29,11.03,7.02,0,0,0,0,0,0,0
2026-03-14 00:00:00,D05,S05,东向,城市次干路,2,11,44.97,11.29,8.0,0,0,1,0,0,0,0
2026-03-14 00:15:00,D05,S05,东向,城市次干路,2,10,53.57,7.56,6.72,0,0,1,0,0,0,0
2026-03-14 00:30:00,D05,S05,东向,城市次干路,2,19,44.94,12.37,8.01,0,0,1,0,0,0,0
2026-03-14 00:45:00,D05,S05,东向,城市次干路,2,6,53.49,9.17,6.73,0,0,1,0,0,0,0
2026-03-14 01:00:00,D05,S05,东向,城市次干路,2,12,43.06,10.25,8.36,0,0,1,0,0,0,0
2026-03-14 01:15:00,D05,S05,东向,城市次干路,2,11,47.35,12.63,7.6,0,0,1,0,0,0,0
2026-03-14 01:30:00,D05,S05,东向,城市次干路,2,7,53.8,8.44,6.69,0,0,1,0,0,0,0
2026-03-14 01:45:00,D05,S05,东向,城市次干路,2,21,47.27,13.92,7.62,0,0,1,0,0,0,0
2026-03-14 02:00:00,D05,S05,东向,城市次干路,2,13,53.26,10.77,6.76,0,0,1,0,0,0,0
2026-03-14 02:15:00,D05,S05,东向,城市次干路,2,13,52.38,8.0,6.87,0,0,1,0,0,0,0
2026-03-14 02:30:00,D05,S05,东向,城市次干路,2,17,47.17,11.87,7.63,0,0,1,0,0,0,0
2026-03-14 02:45:00,D05,S05,东向,城市次干路,2,19,46.64,16.7,7.72,0,0,1,0,0,0,0
2026-03-14 03:00:00,D05,S05,东向,城市次干路,2,15,46.75,12.48,7.7,0,0,1,0,0,0,0
2026-03-14 03:15:00,D05,S05,东向,城市次干路,2,5,60.0,7.06,6.0,0,0,1,0,0,0,0
2026-03-14 03:30:00,D05,S05,东向,城市次干路,2,4,53.59,9.14,6.72,0,0,1,0,0,0,0
2026-03-14 03:45:00,D05,S05,东向,城市次干路,2,3,49.2,8.28,7.32,0,0,1,0,0,0,0
2026-03-14 04:00:00,D05,S05,东向,城市次干路,2,11,56.47,7.61,6.38,0,0,1,0,0,0,0
2026-03-14 04:15:00,D05,S05,东向,城市次干路,2,13,46.04,7.46,7.82,0,0,1,0,0,0,0
2026-03-14 04:30:00,D05,S05,东向,城市次干路,2,16,47.81,12.77,7.53,0,0,1,0,0,0,0
2026-03-14 04:45:00,D05,S05,东向,城市次干路,2,18,53.77,10.8,6.69,0,0,1,0,0,0,0
2026-03-14 05:00:00,D05,S05,东向,城市次干路,2,13,52.58,11.51,6.85,0,0,1,0,0,0,0
2026-03-14 05:15:00,D05,S05,东向,城市次干路,2,15,47.27,10.39,7.62,0,0,1,0,0,0,0
2026-03-14 05:30:00,D05,S05,东向,城市次干路,2,12,47.78,13.4,7.53,0,0,1,0,0,0,0
2026-03-14 05:45:00,D05,S05,东向,城市次干路,2,4,47.19,5.96,7.63,0,0,1,0,0,0,0
2026-03-14 06:00:00,D05,S05,东向,城市次干路,2,13,51.22,13.14,7.03,0,0,1,0,0,0,0
2026-03-14 06:15:00,D05,S05,东向,城市次干路,2,4,41.97,9.03,8.58,0,0,1,0,0,0,0
2026-03-14 06:30:00,D05,S05,东向,城市次干路,2,14,46.5,9.38,7.74,0,0,1,0,0,0,0
2026-03-14 06:45:00,D05,S05,东向,城市次干路,2,20,46.71,17.67,7.71,0,0,1,0,0,0,0
2026-03-14 07:00:00,D05,S05,东向,城市次干路,2,29,44.02,17.76,8.18,0,0,1,1,0,0,0
2026-03-14 07:15:00,D05,S05,东向,城市次干路,2,27,54.25,16.79,6.64,0,0,1,1,0,0,0
2026-03-14 07:30:00,D05,S05,东向,城市次干路,2,21,46.14,17.81,7.8,0,0,1,1,0,0,0
2026-03-14 07:45:00,D05,S05,东向,城市次干路,2,33,41.13,23.53,8.75,0,0,1,1,0,0,0
2026-03-14 08:00:00,D05,S05,东向,城市次干路,2,37,43.74,21.13,8.23,0,0,1,1,0,0,0
2026-03-14 08:15:00,D05,S05,东向,城市次干路,2,32,49.91,16.08,7.21,0,0,1,1,0,0,0
2026-03-14 08:30:00,D05,S05,东向,城市次干路,2,30,45.23,17.44,7.96,0,0,1,1,0,0,0
2026-03-14 08:45:00,D05,S05,东向,城市次干路,2,39,49.58,23.32,7.26,0,0,1,1,0,0,0
2026-03-14 09:00:00,D05,S05,东向,城市次干路,2,29,42.63,19.0,8.44,0,0,1,1,0,0,0
2026-03-14 09:15:00,D05,S05,东向,城市次干路,2,34,41.82,23.29,8.61,0,0,1,1,0,0,0
2026-03-14 09:30:00,D05,S05,东向,城市次干路,2,35,48.5,22.16,7.42,0,0,1,0,0,0,0
2026-03-14 09:45:00,D05,S05,东向,城市次干路,2,30,45.11,19.95,7.98,0,0,1,0,0,0,0
2026-03-14 10:00:00,D05,S05,东向,城市次干路,2,20,44.28,16.12,8.13,0,0,1,0,0,0,0
2026-03-14 10:15:00,D05,S05,东向,城市次干路,2,8,51.35,7.57,7.01,0,0,1,0,0,0,0
2026-03-14 10:30:00,D05,S05,东向,城市次干路,2,11,42.13,14.21,8.55,0,0,1,0,0,0,0
2026-03-14 10:45:00,D05,S05,东向,城市次干路,2,17,51.89,12.69,6.94,0,0,1,0,0,0,0
2026-03-14 11:00:00,D05,S05,东向,城市次干路,2,13,41.02,12.35,8.78,0,0,1,0,0,0,0
2026-03-14 11:15:00,D05,S05,东向,城市次干路,2,31,39.34,23.8,9.15,0,0,1,0,0,1,0
2026-03-14 11:30:00,D05,S05,东向,城市次干路,2,15,48.79,11.27,7.38,0,0,1,0,0,0,0
2026-03-14 11:45:00,D05,S05,东向,城市次干路,2,8,46.82,13.17,7.69,0,0,1,0,0,0,0
2026-03-14 12:00:00,D05,S05,东向,城市次干路,2,16,55.42,13.6,6.5,0,0,1,0,0,0,0
2026-03-14 12:15:00,D05,S05,东向,城市次干路,2,12,44.34,7.08,8.12,0,0,1,0,0,0,0
2026-03-14 12:30:00,D05,S05,东向,城市次干路,2,9,40.65,10.89,8.86,0,0,1,0,0,0,0
2026-03-14 12:45:00,D05,S05,东向,城市次干路,2,5,55.18,6.07,6.52,0,0,1,0,0,0,0
2026-03-14 13:00:00,D05,S05,东向,城市次干路,2,16,48.88,11.16,7.36,0,0,1,0,0,0,0
2026-03-14 13:15:00,D05,S05,东向,城市次干路,2,11,52.32,8.4,6.88,0,0,1,0,0,0,0
2026-03-14 13:30:00,D05,S05,东向,城市次干路,2,3,52.97,7.29,6.8,0,0,1,0,0,0,0
2026-03-14 13:45:00,D05,S05,东向,城市次干路,2,8,46.79,13.33,7.69,0,0,1,0,0,0,0
2026-03-14 14:00:00,D05,S05,东向,城市次干路,2,21,44.2,13.48,8.15,0,0,1,0,0,0,0
2026-03-14 14:15:00,D05,S05,东向,城市次干路,2,14,54.72,11.1,6.58,0,0,1,0,0,0,0
2026-03-14 14:30:00,D05,S05,东向,城市次干路,2,18,44.16,11.8,8.15,0,0,1,0,0,0,0
2026-03-14 14:45:00,D05,S05,东向,城市次干路,2,17,45.12,15.96,7.98,0,0,1,0,0,0,0
2026-03-14 15:00:00,D05,S05,东向,城市次干路,2,20,49.47,11.5,7.28,0,0,1,0,0,0,0
2026-03-14 15:15:00,D05,S05,东向,城市次干路,2,23,47.93,12.41,7.51,0,0,1,0,0,0,0
2026-03-14 15:30:00,D05,S05,东向,城市次干路,2,14,52.1,8.86,6.91,0,0,1,0,0,0,0
2026-03-14 15:45:00,D05,S05,东向,城市次干路,2,24,35.28,21.15,10.2,0,0,1,0,0,1,0
2026-03-14 16:00:00,D05,S05,东向,城市次干路,2,30,49.94,18.5,7.21,0,0,1,0,0,0,0
2026-03-14 16:15:00,D05,S05,东向,城市次干路,2,38,44.7,21.03,8.05,0,0,1,0,0,0,0
2026-03-14 16:30:00,D05,S05,东向,城市次干路,2,22,47.13,11.26,7.64,0,0,1,1,0,0,0
2026-03-14 16:45:00,D05,S05,东向,城市次干路,2,31,48.5,19.27,7.42,0,0,1,1,0,0,0
2026-03-14 17:00:00,D05,S05,东向,城市次干路,2,43,39.73,27.05,9.06,0,0,1,1,0,1,0
2026-03-14 17:15:00,D05,S05,东向,城市次干路,2,40,46.39,22.41,7.76,0,0,1,1,0,0,0
2026-03-14 17:30:00,D05,S05,东向,城市次干路,2,34,40.55,22.38,8.88,0,0,1,1,0,0,0
2026-03-14 17:45:00,D05,S05,东向,城市次干路,2,33,48.35,21.76,7.45,0,0,1,1,0,0,0
2026-03-14 18:00:00,D05,S05,东向,城市次干路,2,35,53.76,21.46,6.7,0,0,1,1,0,0,0
2026-03-14 18:15:00,D05,S05,东向,城市次干路,2,25,49.95,15.49,7.21,0,0,1,1,0,0,0
2026-03-14 18:30:00,D05,S05,东向,城市次干路,2,28,40.95,20.36,8.79,0,0,1,1,0,0,0
2026-03-14 18:45:00,D05,S05,东向,城市次干路,2,17,50.59,12.47,7.12,0,0,1,1,0,0,0
2026-03-14 19:00:00,D05,S05,东向,城市次干路,2,24,48.17,16.99,7.47,0,0,1,1,0,0,0
2026-03-14 19:15:00,D05,S05,东向,城市次干路,2,33,40.98,23.44,8.78,0,0,1,1,0,0,0
2026-03-14 19:30:00,D05,S05,东向,城市次干路,2,27,46.97,18.63,7.66,0,0,1,0,0,0,0
2026-03-14 19:45:00,D05,S05,东向,城市次干路,2,13,46.96,10.06,7.67,0,0,1,0,0,0,0
2026-03-14 20:00:00,D05,S05,东向,城市次干路,2,4,55.83,4.37,6.45,0,0,1,0,0,0,0
2026-03-14 20:15:00,D05,S05,东向,城市次干路,2,28,51.14,19.22,7.04,0,0,1,0,0,0,0
2026-03-14 20:30:00,D05,S05,东向,城市次干路,2,12,51.9,13.13,6.94,0,0,1,0,0,0,0
2026-03-14 20:45:00,D05,S05,东向,城市次干路,2,23,41.38,17.21,8.7,0,0,1,0,0,0,0
2026-03-14 21:00:00,D05,S05,东向,城市次干路,2,15,44.48,7.85,8.09,0,0,1,0,0,0,0
2026-03-14 21:15:00,D05,S05,东向,城市次干路,2,14,50.49,13.56,7.13,0,0,1,0,0,0,0
2026-03-14 21:30:00,D05,S05,东向,城市次干路,2,28,43.55,19.46,8.27,0,0,1,0,0,0,0
2026-03-14 21:45:00,D05,S05,东向,城市次干路,2,15,46.21,7.57,7.79,0,0,1,0,0,0,0
2026-03-14 22:00:00,D05,S05,东向,城市次干路,2,15,43.65,14.2,8.25,0,0,1,0,0,0,0
2026-03-14 22:15:00,D05,S05,东向,城市次干路,2,16,49.05,12.87,7.34,0,0,1,0,0,0,0
2026-03-14 22:30:00,D05,S05,东向,城市次干路,2,17,43.32,12.56,8.31,0,0,1,0,0,0,0
2026-03-14 22:45:00,D05,S05,东向,城市次干路,2,5,54.66,9.25,6.59,0,0,1,0,0,0,0
2026-03-14 23:00:00,D05,S05,东向,城市次干路,2,13,49.33,7.35,7.3,0,0,1,0,0,0,0
2026-03-14 23:15:00,D05,S05,东向,城市次干路,2,13,52.3,8.47,6.88,0,0,1,0,0,0,0
2026-03-14 23:30:00,D05,S05,东向,城市次干路,2,14,47.73,13.11,7.54,0,0,1,0,0,0,0
2026-03-14 23:45:00,D05,S05,东向,城市次干路,2,4,50.95,7.01,7.07,0,0,1,0,0,0,0
2026-03-15 00:00:00,D05,S05,东向,城市次干路,2,5,53.05,8.69,6.79,0,0,1,0,0,0,0
2026-03-15 00:15:00,D05,S05,东向,城市次干路,2,20,43.78,12.96,8.22,0,0,1,0,0,0,0
2026-03-15 00:30:00,D05,S05,东向,城市次干路,2,20,43.47,15.56,8.28,0,0,1,0,0,0,0
2026-03-15 00:45:00,D05,S05,东向,城市次干路,2,14,47.35,9.76,7.6,0,0,1,0,0,0,0
2026-03-15 01:00:00,D05,S05,东向,城市次干路,2,12,48.31,9.64,7.45,0,0,1,0,0,0,0
2026-03-15 01:15:00,D05,S05,东向,城市次干路,2,3,52.4,10.3,6.87,0,0,1,0,0,0,0
2026-03-15 01:30:00,D05,S05,东向,城市次干路,2,13,46.1,15.33,7.81,0,0,1,0,0,0,0
2026-03-15 01:45:00,D05,S05,东向,城市次干路,2,11,47.5,13.94,7.58,0,0,1,0,0,0,0
2026-03-15 02:00:00,D05,S05,东向,城市次干路,2,10,51.86,8.03,6.94,0,0,1,0,0,0,0
2026-03-15 02:15:00,D05,S05,东向,城市次干路,2,13,47.69,8.87,7.55,0,0,1,0,0,0,0
2026-03-15 02:30:00,D05,S05,东向,城市次干路,2,10,52.28,9.41,6.89,0,0,1,0,0,0,0
2026-03-15 02:45:00,D05,S05,东向,城市次干路,2,7,49.7,10.47,7.24,0,0,1,0,0,0,0
2026-03-15 03:00:00,D05,S05,东向,城市次干路,2,11,49.81,9.06,7.23,0,0,1,0,0,0,0
2026-03-15 03:15:00,D05,S05,东向,城市次干路,2,17,50.12,15.15,7.18,0,0,1,0,0,0,0
2026-03-15 03:30:00,D05,S05,东向,城市次干路,2,8,48.62,5.77,7.4,0,0,1,0,0,0,0
2026-03-15 03:45:00,D05,S05,东向,城市次干路,2,4,54.14,6.08,6.65,0,0,1,0,0,0,0
2026-03-15 04:00:00,D05,S05,东向,城市次干路,2,12,49.16,11.97,7.32,0,0,1,0,0,0,0
2026-03-15 04:15:00,D05,S05,东向,城市次干路,2,14,49.66,12.12,7.25,0,0,1,0,0,0,0
2026-03-15 04:30:00,D05,S05,东向,城市次干路,2,3,49.46,8.2,7.28,0,0,1,0,0,0,0
2026-03-15 04:45:00,D05,S05,东向,城市次干路,2,17,56.83,12.34,6.33,0,0,1,0,0,0,0
2026-03-15 05:00:00,D05,S05,东向,城市次干路,2,3,50.07,2.0,7.19,0,0,1,0,0,0,0
2026-03-15 05:15:00,D05,S05,东向,城市次干路,2,13,44.42,12.58,8.1,0,0,1,0,0,0,0
2026-03-15 05:30:00,D05,S05,东向,城市次干路,2,13,50.31,11.69,7.16,0,0,1,0,0,0,0
2026-03-15 05:45:00,D05,S05,东向,城市次干路,2,14,51.62,12.46,6.97,0,0,1,0,0,0,0
2026-03-15 06:00:00,D05,S05,东向,城市次干路,2,8,44.77,10.92,8.04,0,0,1,0,0,0,0
2026-03-15 06:15:00,D05,S05,东向,城市次干路,2,13,45.17,11.16,7.97,0,0,1,0,0,0,0
2026-03-15 06:30:00,D05,S05,东向,城市次干路,2,5,50.97,8.98,7.06,0,0,1,0,0,0,0
2026-03-15 06:45:00,D05,S05,东向,城市次干路,2,19,54.28,13.94,6.63,0,0,1,0,0,0,0
2026-03-15 07:00:00,D05,S05,东向,城市次干路,2,15,48.71,12.19,7.39,0,0,1,1,0,0,0
2026-03-15 07:15:00,D05,S05,东向,城市次干路,2,12,48.43,8.66,7.43,0,0,1,1,0,0,0
2026-03-15 07:30:00,D05,S05,东向,城市次干路,2,24,41.97,20.8,8.58,0,0,1,1,0,0,0
2026-03-15 07:45:00,D05,S05,东向,城市次干路,2,19,46.57,13.59,7.73,0,0,1,1,0,0,0
2026-03-15 08:00:00,D05,S05,东向,城市次干路,2,37,44.17,22.15,8.15,0,0,1,1,0,0,0
2026-03-15 08:15:00,D05,S05,东向,城市次干路,2,31,51.89,18.59,6.94,0,0,1,1,0,0,0
2026-03-15 08:30:00,D05,S05,东向,城市次干路,2,42,35.73,30.22,10.07,0,0,1,1,0,1,1
2026-03-15 08:45:00,D05,S05,东向,城市次干路,2,33,51.6,19.27,6.98,0,0,1,1,0,0,0
2026-03-15 09:00:00,D05,S05,东向,城市次干路,2,36,40.52,22.2,8.89,0,0,1,1,0,0,0
2026-03-15 09:15:00,D05,S05,东向,城市次干路,2,38,44.9,19.58,8.02,0,0,1,1,0,0,0
2026-03-15 09:30:00,D05,S05,东向,城市次干路,2,15,50.98,12.57,7.06,0,0,1,0,0,0,0
2026-03-15 09:45:00,D05,S05,东向,城市次干路,2,18,49.49,14.0,7.27,0,0,1,0,0,0,0
2026-03-15 10:00:00,D05,S05,东向,城市次干路,2,19,43.11,17.74,8.35,0,0,1,0,0,0,0
2026-03-15 10:15:00,D05,S05,东向,城市次干路,2,26,45.81,18.1,7.86,0,0,1,0,0,0,0
2026-03-15 10:30:00,D05,S05,东向,城市次干路,2,29,48.77,19.78,7.38,0,0,1,0,0,0,0
2026-03-15 10:45:00,D05,S05,东向,城市次干路,2,19,57.6,13.32,6.25,0,0,1,0,0,0,0
2026-03-15 11:00:00,D05,S05,东向,城市次干路,2,21,54.04,13.85,6.66,0,0,1,0,0,0,0
2026-03-15 11:15:00,D05,S05,东向,城市次干路,2,16,42.32,16.59,8.51,0,0,1,0,0,0,0
2026-03-15 11:30:00,D05,S05,东向,城市次干路,2,9,60.0,7.69,6.0,0,0,1,0,0,0,0
2026-03-15 11:45:00,D05,S05,东向,城市次干路,2,6,54.18,10.33,6.64,0,0,1,0,0,0,0
2026-03-15 12:00:00,D05,S05,东向,城市次干路,2,19,49.48,16.46,7.28,0,0,1,0,0,0,0
2026-03-15 12:15:00,D05,S05,东向,城市次干路,2,12,51.58,6.18,6.98,0,0,1,0,0,0,0
2026-03-15 12:30:00,D05,S05,东向,城市次干路,2,15,47.55,10.04,7.57,0,0,1,0,0,0,0
2026-03-15 12:45:00,D05,S05,东向,城市次干路,2,24,51.42,13.84,7.0,0,0,1,0,0,0,0
2026-03-15 13:00:00,D05,S05,东向,城市次干路,2,5,58.26,7.08,6.18,0,0,1,0,0,0,0
2026-03-15 13:15:00,D05,S05,东向,城市次干路,2,15,51.88,13.08,6.94,0,0,1,0,0,0,0
2026-03-15 13:30:00,D05,S05,东向,城市次干路,2,8,46.13,9.74,7.8,0,0,1,0,0,0,0
2026-03-15 13:45:00,D05,S05,东向,城市次干路,2,11,46.15,10.38,7.8,0,0,1,0,0,0,0
2026-03-15 14:00:00,D05,S05,东向,城市次干路,2,10,54.99,11.81,6.55,0,0,1,0,0,0,0
2026-03-15 14:15:00,D05,S05,东向,城市次干路,2,11,46.85,10.73,7.68,0,0,1,0,0,0,0
2026-03-15 14:30:00,D05,S05,东向,城市次干路,2,13,53.81,12.02,6.69,0,0,1,0,0,0,0
2026-03-15 14:45:00,D05,S05,东向,城市次干路,2,16,46.91,11.75,7.67,0,0,1,0,0,0,0
2026-03-15 15:00:00,D05,S05,东向,城市次干路,2,24,60.0,11.73,6.0,0,0,1,0,0,0,0
2026-03-15 15:15:00,D05,S05,东向,城市次干路,2,22,49.26,14.13,7.31,0,0,1,0,0,0,0
2026-03-15 15:30:00,D05,S05,东向,城市次干路,2,23,47.89,15.39,7.52,0,0,1,0,0,0,0
2026-03-15 15:45:00,D05,S05,东向,城市次干路,2,26,42.02,19.44,8.57,0,0,1,0,0,0,0
2026-03-15 16:00:00,D05,S05,东向,城市次干路,2,23,54.2,15.9,6.64,0,0,1,0,0,0,0
2026-03-15 16:15:00,D05,S05,东向,城市次干路,2,32,39.44,28.21,9.13,0,0,1,0,0,1,0
2026-03-15 16:30:00,D05,S05,东向,城市次干路,2,26,40.42,18.81,8.91,0,0,1,1,0,0,0
2026-03-15 16:45:00,D05,S05,东向,城市次干路,2,31,43.61,18.35,8.26,0,0,1,1,0,0,0
2026-03-15 17:00:00,D05,S05,东向,城市次干路,2,41,47.81,22.59,7.53,0,0,1,1,0,0,0
2026-03-15 17:15:00,D05,S05,东向,城市次干路,2,40,43.79,23.7,8.22,0,0,1,1,0,0,0
2026-03-15 17:30:00,D05,S05,东向,城市次干路,2,41,46.16,22.45,7.8,0,0,1,1,0,0,0
2026-03-15 17:45:00,D05,S05,东向,城市次干路,2,40,45.84,21.43,7.85,0,0,1,1,0,0,0
2026-03-15 18:00:00,D05,S05,东向,城市次干路,2,37,46.95,22.37,7.67,0,0,1,1,0,0,0
2026-03-15 18:15:00,D05,S05,东向,城市次干路,2,26,44.55,19.82,8.08,0,0,1,1,0,0,0
2026-03-15 18:30:00,D05,S05,东向,城市次干路,2,29,49.86,20.05,7.22,0,0,1,1,0,0,0
2026-03-15 18:45:00,D05,S05,东向,城市次干路,2,27,56.96,16.51,6.32,0,0,1,1,0,0,0
2026-03-15 19:00:00,D05,S05,东向,城市次干路,2,22,49.61,13.13,7.26,0,0,1,1,0,0,0
2026-03-15 19:15:00,D05,S05,东向,城市次干路,2,20,47.28,11.9,7.61,0,0,1,1,0,0,0
2026-03-15 19:30:00,D05,S05,东向,城市次干路,2,15,44.86,10.7,8.02,0,0,1,0,0,0,0
2026-03-15 19:45:00,D05,S05,东向,城市次干路,2,15,46.42,9.75,7.76,0,0,1,0,0,0,0
2026-03-15 20:00:00,D05,S05,东向,城市次干路,2,28,48.62,16.49,7.4,0,0,1,0,0,0,0
2026-03-15 20:15:00,D05,S05,东向,城市次干路,2,4,48.25,7.69,7.46,0,0,1,0,0,0,0
2026-03-15 20:30:00,D05,S05,东向,城市次干路,2,21,43.57,16.59,8.26,0,0,1,0,0,0,0
2026-03-15 20:45:00,D05,S05,东向,城市次干路,2,20,40.54,17.56,8.88,0,0,1,0,0,0,0
2026-03-15 21:00:00,D05,S05,东向,城市次干路,2,18,47.0,11.44,7.66,0,0,1,0,0,0,0
2026-03-15 21:15:00,D05,S05,东向,城市次干路,2,25,47.58,13.8,7.57,0,0,1,0,0,0,0
2026-03-15 21:30:00,D05,S05,东向,城市次干路,2,7,51.28,6.88,7.02,0,0,1,0,0,0,0
2026-03-15 21:45:00,D05,S05,东向,城市次干路,2,14,53.16,11.45,6.77,0,0,1,0,0,0,0
2026-03-15 22:00:00,D05,S05,东向,城市次干路,2,11,45.51,10.62,7.91,0,0,1,0,0,0,0
2026-03-15 22:15:00,D05,S05,东向,城市次干路,2,11,50.42,14.73,7.14,0,0,1,0,0,0,0
2026-03-15 22:30:00,D05,S05,东向,城市次干路,2,5,56.31,9.86,6.39,0,0,1,0,0,0,0
2026-03-15 22:45:00,D05,S05,东向,城市次干路,2,8,54.31,8.7,6.63,0,0,1,0,0,0,0
2026-03-15 23:00:00,D05,S05,东向,城市次干路,2,22,48.36,15.5,7.44,0,0,1,0,0,0,0
2026-03-15 23:15:00,D05,S05,东向,城市次干路,2,18,33.46,23.11,10.76,0,0,1,0,0,1,1
2026-03-15 23:30:00,D05,S05,东向,城市次干路,2,18,49.96,11.35,7.21,0,0,1,0,0,0,0
2026-03-15 23:45:00,D05,S05,东向,城市次干路,2,7,53.97,9.88,6.67,0,0,1,0,0,0,0
2026-03-02 00:00:00,D06,S06,西向,城市次干路,2,3,51.98,5.32,6.93,0,0,0,0,0,0,0
2026-03-02 00:15:00,D06,S06,西向,城市次干路,2,6,44.04,7.62,8.18,0,0,0,0,0,0,0
2026-03-02 00:30:00,D06,S06,西向,城市次干路,2,21,46.39,15.8,7.76,0,0,0,0,0,0,0
2026-03-02 00:45:00,D06,S06,西向,城市次干路,2,17,50.47,12.55,7.13,0,0,0,0,0,0,0
2026-03-02 01:00:00,D06,S06,西向,城市次干路,2,19,49.07,14.69,7.34,0,0,0,0,0,0,0
2026-03-02 01:15:00,D06,S06,西向,城市次干路,2,27,46.28,16.82,7.78,0,0,0,0,0,0,0
2026-03-02 01:30:00,D06,S06,西向,城市次干路,2,10,48.27,7.31,7.46,0,0,0,0,0,0,0
2026-03-02 01:45:00,D06,S06,西向,城市次干路,2,13,50.57,9.42,7.12,0,0,0,0,0,0,0
2026-03-02 02:00:00,D06,S06,西向,城市次干路,2,18,44.74,14.55,8.05,0,0,0,0,0,0,0
2026-03-02 02:15:00,D06,S06,西向,城市次干路,2,23,46.88,13.23,7.68,0,0,0,0,0,0,0
2026-03-02 02:30:00,D06,S06,西向,城市次干路,2,20,47.3,15.67,7.61,0,0,0,0,0,0,0
2026-03-02 02:45:00,D06,S06,西向,城市次干路,2,24,42.18,17.43,8.53,0,0,0,0,0,0,0
2026-03-02 03:00:00,D06,S06,西向,城市次干路,2,26,41.32,17.85,8.71,0,0,0,0,0,0,0
2026-03-02 03:15:00,D06,S06,西向,城市次干路,2,16,54.12,11.93,6.65,0,0,0,0,0,0,0
2026-03-02 03:30:00,D06,S06,西向,城市次干路,2,9,55.31,7.97,6.51,0,0,0,0,0,0,0
2026-03-02 03:45:00,D06,S06,西向,城市次干路,2,13,54.57,9.31,6.6,0,0,0,0,0,0,0
2026-03-02 04:00:00,D06,S06,西向,城市次干路,2,17,50.95,16.25,7.07,0,0,0,0,0,0,0
2026-03-02 04:15:00,D06,S06,西向,城市次干路,2,15,48.76,10.86,7.38,0,0,0,0,0,0,0
2026-03-02 04:30:00,D06,S06,西向,城市次干路,2,9,49.53,7.2,7.27,0,0,0,0,0,0,0
2026-03-02 04:45:00,D06,S06,西向,城市次干路,2,16,54.67,9.78,6.58,0,0,0,0,0,0,0
2026-03-02 05:00:00,D06,S06,西向,城市次干路,2,16,51.57,12.42,6.98,0,0,0,0,0,0,0
2026-03-02 05:15:00,D06,S06,西向,城市次干路,2,26,48.83,18.89,7.37,0,0,0,0,0,0,0
2026-03-02 05:30:00,D06,S06,西向,城市次干路,2,14,48.4,12.15,7.44,0,0,0,0,0,0,0
2026-03-02 05:45:00,D06,S06,西向,城市次干路,2,18,44.96,15.96,8.01,0,0,0,0,0,0,0
2026-03-02 06:00:00,D06,S06,西向,城市次干路,2,14,58.77,13.43,6.13,0,0,0,0,0,0,0
2026-03-02 06:15:00,D06,S06,西向,城市次干路,2,19,42.54,19.92,8.46,0,0,0,0,0,0,0
2026-03-02 06:30:00,D06,S06,西向,城市次干路,2,13,51.8,9.38,6.95,0,0,0,0,0,0,0
2026-03-02 06:45:00,D06,S06,西向,城市次干路,2,22,44.27,17.43,8.13,0,0,0,0,0,0,0
2026-03-02 07:00:00,D06,S06,西向,城市次干路,2,29,53.28,15.97,6.76,0,0,0,1,0,0,0
2026-03-02 07:15:00,D06,S06,西向,城市次干路,2,27,47.66,19.98,7.55,0,0,0,1,0,0,0
2026-03-02 07:30:00,D06,S06,西向,城市次干路,2,28,50.11,19.44,7.18,0,0,0,1,0,0,0
2026-03-02 07:45:00,D06,S06,西向,城市次干路,2,32,46.79,20.15,7.69,0,0,0,1,0,0,0
2026-03-02 08:00:00,D06,S06,西向,城市次干路,2,45,38.24,26.78,9.41,0,0,0,1,0,1,0
2026-03-02 08:15:00,D06,S06,西向,城市次干路,2,54,38.13,34.19,9.44,0,0,0,1,0,1,1
2026-03-02 08:30:00,D06,S06,西向,城市次干路,2,48,38.89,29.58,9.26,0,0,0,1,0,1,0
2026-03-02 08:45:00,D06,S06,西向,城市次干路,2,49,31.34,36.1,11.49,0,0,0,1,0,1,1
2026-03-02 09:00:00,D06,S06,西向,城市次干路,2,40,41.48,23.33,8.68,0,0,0,1,0,0,0
2026-03-02 09:15:00,D06,S06,西向,城市次干路,2,41,39.52,23.54,9.11,0,0,0,1,0,1,0
2026-03-02 09:30:00,D06,S06,西向,城市次干路,2,38,39.34,25.09,9.15,0,0,0,0,0,1,0
2026-03-02 09:45:00,D06,S06,西向,城市次干路,2,40,40.18,23.51,8.96,0,0,0,0,0,0,0
2026-03-02 10:00:00,D06,S06,西向,城市次干路,2,36,44.87,22.26,8.02,0,0,0,0,0,0,0
2026-03-02 10:15:00,D06,S06,西向,城市次干路,2,18,50.65,13.2,7.11,0,0,0,0,0,0,0
2026-03-02 10:30:00,D06,S06,西向,城市次干路,2,18,52.29,13.45,6.88,0,0,0,0,0,0,0
2026-03-02 10:45:00,D06,S06,西向,城市次干路,2,24,56.17,15.41,6.41,0,0,0,0,0,0,0
2026-03-02 11:00:00,D06,S06,西向,城市次干路,2,31,44.5,20.94,8.09,0,0,0,0,0,0,0
2026-03-02 11:15:00,D06,S06,西向,城市次干路,2,14,44.82,12.45,8.03,0,0,0,0,0,0,0
2026-03-02 11:30:00,D06,S06,西向,城市次干路,2,22,50.95,10.53,7.07,0,0,0,0,0,0,0
2026-03-02 11:45:00,D06,S06,西向,城市次干路,2,19,53.96,13.72,6.67,0,0,0,0,0,0,0
2026-03-02 12:00:00,D06,S06,西向,城市次干路,2,19,43.87,15.31,8.21,0,0,0,0,0,0,0
2026-03-02 12:15:00,D06,S06,西向,城市次干路,2,7,59.05,6.79,6.1,0,0,0,0,0,0,0
2026-03-02 12:30:00,D06,S06,西向,城市次干路,2,15,51.52,10.56,6.99,0,0,0,0,0,0,0
2026-03-02 12:45:00,D06,S06,西向,城市次干路,2,17,43.79,16.27,8.22,0,0,0,0,0,0,0
2026-03-02 13:00:00,D06,S06,西向,城市次干路,2,10,56.63,12.67,6.36,0,0,0,0,0,0,0
2026-03-02 13:15:00,D06,S06,西向,城市次干路,2,13,45.7,10.13,7.88,0,0,0,0,0,0,0
2026-03-02 13:30:00,D06,S06,西向,城市次干路,2,13,54.06,12.83,6.66,0,0,0,0,0,0,0
2026-03-02 13:45:00,D06,S06,西向,城市次干路,2,28,53.02,18.84,6.79,0,0,0,0,0,0,0
2026-03-02 14:00:00,D06,S06,西向,城市次干路,2,13,45.6,8.65,7.9,0,0,0,0,0,0,0
2026-03-02 14:15:00,D06,S06,西向,城市次干路,2,20,51.95,15.26,6.93,0,0,0,0,0,0,0
2026-03-02 14:30:00,D06,S06,西向,城市次干路,2,10,52.88,10.21,6.81,0,0,0,0,0,0,0
2026-03-02 14:45:00,D06,S06,西向,城市次干路,2,23,42.41,14.91,8.49,0,0,0,0,0,0,0
2026-03-02 15:00:00,D06,S06,西向,城市次干路,2,12,46.01,6.92,7.83,0,0,0,0,0,0,0
2026-03-02 15:15:00,D06,S06,西向,城市次干路,2,31,41.37,23.94,8.7,0,0,0,0,0,0,0
2026-03-02 15:30:00,D06,S06,西向,城市次干路,2,27,40.0,20.44,9.0,0,0,0,0,0,1,0
2026-03-02 15:45:00,D06,S06,西向,城市次干路,2,34,47.43,19.71,7.59,0,0,0,0,0,0,0
2026-03-02 16:00:00,D06,S06,西向,城市次干路,2,44,41.22,29.11,8.73,0,0,0,0,0,0,0
2026-03-02 16:15:00,D06,S06,西向,城市次干路,2,38,43.33,23.75,8.31,0,0,0,0,0,0,0
2026-03-02 16:30:00,D06,S06,西向,城市次干路,2,52,37.18,36.77,9.68,0,0,0,1,0,1,1
2026-03-02 16:45:00,D06,S06,西向,城市次干路,2,49,34.75,34.24,10.36,0,0,0,1,0,1,1
2026-03-02 17:00:00,D06,S06,西向,城市次干路,2,48,39.46,29.36,9.12,0,0,0,1,0,1,0
2026-03-02 17:15:00,D06,S06,西向,城市次干路,2,44,40.86,25.41,8.81,0,0,0,1,0,0,0
2026-03-02 17:30:00,D06,S06,西向,城市次干路,2,49,41.25,30.76,8.73,0,0,0,1,0,0,1
2026-03-02 17:45:00,D06,S06,西向,城市次干路,2,52,36.63,32.79,9.83,0,0,0,1,0,1,1
2026-03-02 18:00:00,D06,S06,西向,城市次干路,2,50,39.24,32.18,9.17,0,0,0,1,0,1,1
2026-03-02 18:15:00,D06,S06,西向,城市次干路,2,38,38.35,25.33,9.39,0,0,0,1,0,1,0
2026-03-02 18:30:00,D06,S06,西向,城市次干路,2,40,41.16,22.46,8.75,0,0,0,1,0,0,0
2026-03-02 18:45:00,D06,S06,西向,城市次干路,2,36,46.48,22.35,7.75,0,0,0,1,0,0,0
2026-03-02 19:00:00,D06,S06,西向,城市次干路,2,37,39.69,27.74,9.07,0,0,0,1,0,1,0
2026-03-02 19:15:00,D06,S06,西向,城市次干路,2,27,45.58,19.01,7.9,0,0,0,1,0,0,0
2026-03-02 19:30:00,D06,S06,西向,城市次干路,2,17,41.24,15.95,8.73,0,0,0,0,0,0,0
2026-03-02 19:45:00,D06,S06,西向,城市次干路,2,17,48.91,9.94,7.36,0,0,0,0,0,0,0
2026-03-02 20:00:00,D06,S06,西向,城市次干路,2,10,52.73,10.87,6.83,0,0,0,0,0,0,0
2026-03-02 20:15:00,D06,S06,西向,城市次干路,2,11,48.04,10.62,7.49,0,0,0,0,0,0,0
2026-03-02 20:30:00,D06,S06,西向,城市次干路,2,16,47.8,12.57,7.53,0,0,0,0,0,0,0
2026-03-02 20:45:00,D06,S06,西向,城市次干路,2,29,40.21,21.82,8.95,0,0,0,0,0,0,0
2026-03-02 21:00:00,D06,S06,西向,城市次干路,2,8,46.31,11.08,7.77,0,0,0,0,0,0,0
2026-03-02 21:15:00,D06,S06,西向,城市次干路,2,8,47.4,9.31,7.6,0,0,0,0,0,0,0
2026-03-02 21:30:00,D06,S06,西向,城市次干路,2,17,53.09,7.57,6.78,0,0,0,0,0,0,0
2026-03-02 21:45:00,D06,S06,西向,城市次干路,2,13,49.41,9.48,7.29,0,0,0,0,0,0,0
2026-03-02 22:00:00,D06,S06,西向,城市次干路,2,10,60.0,11.47,6.0,0,0,0,0,0,0,0
2026-03-02 22:15:00,D06,S06,西向,城市次干路,2,21,47.94,16.1,7.51,0,0,0,0,0,0,0
2026-03-02 22:30:00,D06,S06,西向,城市次干路,2,16,52.03,14.49,6.92,0,0,0,0,0,0,0
2026-03-02 22:45:00,D06,S06,西向,城市次干路,2,23,47.26,16.3,7.62,0,0,0,0,0,0,0
2026-03-02 23:00:00,D06,S06,西向,城市次干路,2,16,47.81,12.52,7.53,0,0,0,0,0,0,0
2026-03-02 23:15:00,D06,S06,西向,城市次干路,2,10,51.92,7.59,6.93,0,0,0,0,0,0,0
2026-03-02 23:30:00,D06,S06,西向,城市次干路,2,27,47.33,14.61,7.61,0,0,0,0,0,0,0
2026-03-02 23:45:00,D06,S06,西向,城市次干路,2,19,47.34,15.09,7.6,0,0,0,0,0,0,0
2026-03-03 00:00:00,D06,S06,西向,城市次干路,2,25,44.51,16.86,8.09,0,0,0,0,0,0,0
2026-03-03 00:15:00,D06,S06,西向,城市次干路,2,15,50.01,9.26,7.2,0,0,0,0,0,0,0
2026-03-03 00:30:00,D06,S06,西向,城市次干路,2,13,44.97,14.01,8.01,0,0,0,0,0,0,0
2026-03-03 00:45:00,D06,S06,西向,城市次干路,2,18,50.96,14.04,7.07,0,0,0,0,0,0,0
2026-03-03 01:00:00,D06,S06,西向,城市次干路,2,23,48.79,15.8,7.38,0,0,0,0,0,0,0
2026-03-03 01:15:00,D06,S06,西向,城市次干路,2,25,41.74,17.82,8.62,0,0,0,0,0,0,0
2026-03-03 01:30:00,D06,S06,西向,城市次干路,2,16,46.28,13.82,7.78,0,0,0,0,0,0,0
2026-03-03 01:45:00,D06,S06,西向,城市次干路,2,20,52.31,14.69,6.88,0,0,0,0,0,0,0
2026-03-03 02:00:00,D06,S06,西向,城市次干路,2,13,48.39,10.17,7.44,0,0,0,0,0,0,0
2026-03-03 02:15:00,D06,S06,西向,城市次干路,2,10,42.49,13.78,8.47,0,0,0,0,0,0,0
2026-03-03 02:30:00,D06,S06,西向,城市次干路,2,18,41.01,15.4,8.78,0,0,0,0,0,0,0
2026-03-03 02:45:00,D06,S06,西向,城市次干路,2,17,51.01,9.77,7.06,0,0,0,0,0,0,0
2026-03-03 03:00:00,D06,S06,西向,城市次干路,2,16,53.66,16.98,6.71,0,0,0,0,0,0,0
2026-03-03 03:15:00,D06,S06,西向,城市次干路,2,18,49.84,15.65,7.22,0,0,0,0,0,0,0
2026-03-03 03:30:00,D06,S06,西向,城市次干路,2,20,50.36,15.64,7.15,0,0,0,0,0,0,0
2026-03-03 03:45:00,D06,S06,西向,城市次干路,2,13,56.16,11.87,6.41,0,0,0,0,0,0,0
2026-03-03 04:00:00,D06,S06,西向,城市次干路,2,22,49.78,13.25,7.23,0,0,0,0,0,0,0
2026-03-03 04:15:00,D06,S06,西向,城市次干路,2,10,59.91,8.44,6.01,0,0,0,0,0,0,0
2026-03-03 04:30:00,D06,S06,西向,城市次干路,2,9,49.11,6.94,7.33,0,0,0,0,0,0,0
2026-03-03 04:45:00,D06,S06,西向,城市次干路,2,24,47.63,12.9,7.56,0,0,0,0,0,0,0
2026-03-03 05:00:00,D06,S06,西向,城市次干路,2,15,47.54,11.64,7.57,0,0,0,0,0,0,0
2026-03-03 05:15:00,D06,S06,西向,城市次干路,2,22,44.1,13.86,8.16,0,0,0,0,0,0,0
2026-03-03 05:30:00,D06,S06,西向,城市次干路,2,6,50.44,5.31,7.14,0,0,0,0,0,0,0
2026-03-03 05:45:00,D06,S06,西向,城市次干路,2,20,47.74,17.47,7.54,0,0,0,0,0,0,0
2026-03-03 06:00:00,D06,S06,西向,城市次干路,2,9,48.64,7.76,7.4,0,0,0,0,0,0,0
2026-03-03 06:15:00,D06,S06,西向,城市次干路,2,22,44.11,13.98,8.16,0,0,0,0,0,0,0
2026-03-03 06:30:00,D06,S06,西向,城市次干路,2,18,48.13,12.22,7.48,0,0,0,0,0,0,0
2026-03-03 06:45:00,D06,S06,西向,城市次干路,2,26,45.2,15.07,7.97,0,0,0,0,0,0,0
2026-03-03 07:00:00,D06,S06,西向,城市次干路,2,24,45.07,19.27,7.99,0,0,0,1,0,0,0
2026-03-03 07:15:00,D06,S06,西向,城市次干路,2,24,44.7,13.64,8.05,0,0,0,1,0,0,0
2026-03-03 07:30:00,D06,S06,西向,城市次干路,2,26,43.2,16.22,8.33,0,0,0,1,0,0,0
2026-03-03 07:45:00,D06,S06,西向,城市次干路,2,37,43.64,25.48,8.25,0,0,0,1,0,0,0
2026-03-03 08:00:00,D06,S06,西向,城市次干路,2,30,46.38,16.94,7.76,0,0,0,1,0,0,0
2026-03-03 08:15:00,D06,S06,西向,城市次干路,2,44,41.9,30.42,8.59,0,0,0,1,0,0,1
2026-03-03 08:30:00,D06,S06,西向,城市次干路,2,49,36.55,30.7,9.85,0,0,0,1,0,1,1
2026-03-03 08:45:00,D06,S06,西向,城市次干路,2,56,32.06,40.04,11.23,0,0,0,1,0,1,1
2026-03-03 09:00:00,D06,S06,西向,城市次干路,2,59,21.72,45.34,16.58,0,0,0,1,0,1,1
2026-03-03 09:15:00,D06,S06,西向,城市次干路,2,53,35.97,38.83,10.01,0,0,0,1,0,1,1
2026-03-03 09:30:00,D06,S06,西向,城市次干路,2,37,40.78,25.58,8.83,0,0,0,0,0,0,0
2026-03-03 09:45:00,D06,S06,西向,城市次干路,2,26,47.94,15.85,7.51,0,0,0,0,0,0,0
2026-03-03 10:00:00,D06,S06,西向,城市次干路,2,16,53.32,13.5,6.75,0,0,0,0,0,0,0
2026-03-03 10:15:00,D06,S06,西向,城市次干路,2,30,41.4,22.41,8.7,0,0,0,0,0,0,0
2026-03-03 10:30:00,D06,S06,西向,城市次干路,2,20,47.59,16.62,7.56,0,0,0,0,0,0,0
2026-03-03 10:45:00,D06,S06,西向,城市次干路,2,22,47.5,16.69,7.58,0,0,0,0,0,0,0
2026-03-03 11:00:00,D06,S06,西向,城市次干路,2,17,50.59,11.66,7.12,0,0,0,0,0,0,0
2026-03-03 11:15:00,D06,S06,西向,城市次干路,2,21,48.66,13.01,7.4,0,0,0,0,0,0,0
2026-03-03 11:30:00,D06,S06,西向,城市次干路,2,20,56.68,11.89,6.35,0,0,0,0,0,0,0
2026-03-03 11:45:00,D06,S06,西向,城市次干路,2,14,50.18,10.24,7.17,0,0,0,0,0,0,0
2026-03-03 12:00:00,D06,S06,西向,城市次干路,2,10,46.47,8.69,7.75,0,0,0,0,0,0,0
2026-03-03 12:15:00,D06,S06,西向,城市次干路,2,21,42.97,14.08,8.38,0,0,0,0,0,0,0
2026-03-03 12:30:00,D06,S06,西向,城市次干路,2,17,43.19,14.88,8.34,0,0,0,0,0,0,0
2026-03-03 12:45:00,D06,S06,西向,城市次干路,2,3,54.94,6.99,6.55,0,0,0,0,0,0,0
2026-03-03 13:00:00,D06,S06,西向,城市次干路,2,12,53.9,13.13,6.68,0,0,0,0,0,0,0
2026-03-03 13:15:00,D06,S06,西向,城市次干路,2,18,57.68,15.73,6.24,0,0,0,0,0,0,0
2026-03-03 13:30:00,D06,S06,西向,城市次干路,2,16,52.2,11.26,6.9,0,0,0,0,0,0,0
2026-03-03 13:45:00,D06,S06,西向,城市次干路,2,15,49.12,16.64,7.33,0,0,0,0,0,0,0
2026-03-03 14:00:00,D06,S06,西向,城市次干路,2,12,49.21,7.47,7.32,0,0,0,0,0,0,0
2026-03-03 14:15:00,D06,S06,西向,城市次干路,2,19,55.87,18.68,6.44,0,0,0,0,0,0,0
2026-03-03 14:30:00,D06,S06,西向,城市次干路,2,11,57.41,10.35,6.27,0,0,0,0,0,0,0
2026-03-03 14:45:00,D06,S06,西向,城市次干路,2,18,48.3,12.51,7.45,0,0,0,0,0,0,0
2026-03-03 15:00:00,D06,S06,西向,城市次干路,2,22,45.85,13.45,7.85,0,0,0,0,0,0,0
2026-03-03 15:15:00,D06,S06,西向,城市次干路,2,31,42.98,19.4,8.38,0,0,0,0,0,0,0
2026-03-03 15:30:00,D06,S06,西向,城市次干路,2,41,41.48,26.56,8.68,0,0,0,0,0,0,0
2026-03-03 15:45:00,D06,S06,西向,城市次干路,2,38,44.65,23.51,8.06,0,0,0,0,0,0,0
2026-03-03 16:00:00,D06,S06,西向,城市次干路,2,46,45.94,23.76,7.84,0,0,0,0,0,0,0
2026-03-03 16:15:00,D06,S06,西向,城市次干路,2,33,41.21,22.91,8.74,0,0,0,0,0,0,0
2026-03-03 16:30:00,D06,S06,西向,城市次干路,2,48,42.4,29.6,8.49,0,0,0,1,0,0,0
2026-03-03 16:45:00,D06,S06,西向,城市次干路,2,53,32.74,36.68,10.99,0,0,0,1,0,1,1
2026-03-03 17:00:00,D06,S06,西向,城市次干路,2,46,33.39,28.4,10.78,0,0,0,1,0,1,1
2026-03-03 17:15:00,D06,S06,西向,城市次干路,2,42,38.92,30.9,9.25,0,0,0,1,0,1,1
2026-03-03 17:30:00,D06,S06,西向,城市次干路,2,44,33.22,34.22,10.84,0,0,0,1,0,1,1
2026-03-03 17:45:00,D06,S06,西向,城市次干路,2,47,40.22,25.27,8.95,0,0,0,1,0,0,0
2026-03-03 18:00:00,D06,S06,西向,城市次干路,2,41,45.07,21.02,7.99,0,0,0,1,0,0,0
2026-03-03 18:15:00,D06,S06,西向,城市次干路,2,31,50.39,16.1,7.14,0,0,0,1,0,0,0
2026-03-03 18:30:00,D06,S06,西向,城市次干路,2,37,45.3,23.16,7.95,0,0,0,1,0,0,0
2026-03-03 18:45:00,D06,S06,西向,城市次干路,2,32,43.73,21.55,8.23,0,0,0,1,0,0,0
2026-03-03 19:00:00,D06,S06,西向,城市次干路,2,27,45.17,14.27,7.97,0,0,0,1,0,0,0
2026-03-03 19:15:00,D06,S06,西向,城市次干路,2,20,48.56,15.72,7.41,0,0,0,1,0,0,0
2026-03-03 19:30:00,D06,S06,西向,城市次干路,2,18,50.36,16.94,7.15,0,0,0,0,0,0,0
2026-03-03 19:45:00,D06,S06,西向,城市次干路,2,22,47.96,18.45,7.51,0,0,0,0,0,0,0
2026-03-03 20:00:00,D06,S06,西向,城市次干路,2,11,48.42,11.63,7.43,0,0,0,0,0,0,0
2026-03-03 20:15:00,D06,S06,西向,城市次干路,2,12,46.18,10.68,7.8,0,0,0,0,0,0,0
2026-03-03 20:30:00,D06,S06,西向,城市次干路,2,19,42.17,18.1,8.54,0,0,0,0,0,0,0
2026-03-03 20:45:00,D06,S06,西向,城市次干路,2,24,56.78,20.28,6.34,0,0,0,0,0,0,0
2026-03-03 21:00:00,D06,S06,西向,城市次干路,2,12,56.69,12.8,6.35,0,0,0,0,0,0,0
2026-03-03 21:15:00,D06,S06,西向,城市次干路,2,15,56.56,13.92,6.37,0,0,0,0,0,0,0
2026-03-03 21:30:00,D06,S06,西向,城市次干路,2,25,51.01,19.97,7.06,0,0,0,0,0,0,0
2026-03-03 21:45:00,D06,S06,西向,城市次干路,2,11,46.32,7.95,7.77,0,0,0,0,0,0,0
2026-03-03 22:00:00,D06,S06,西向,城市次干路,2,11,47.73,12.55,7.54,0,0,0,0,0,0,0
2026-03-03 22:15:00,D06,S06,西向,城市次干路,2,14,52.42,11.62,6.87,0,0,0,0,0,0,0
2026-03-03 22:30:00,D06,S06,西向,城市次干路,2,17,48.01,14.63,7.5,0,0,0,0,0,0,0
2026-03-03 22:45:00,D06,S06,西向,城市次干路,2,22,55.99,18.38,6.43,0,0,0,0,0,0,0
2026-03-03 23:00:00,D06,S06,西向,城市次干路,2,20,42.19,16.79,8.53,0,0,0,0,0,0,0
2026-03-03 23:15:00,D06,S06,西向,城市次干路,2,9,54.34,9.58,6.63,0,0,0,0,0,0,0
2026-03-03 23:30:00,D06,S06,西向,城市次干路,2,18,42.98,19.63,8.38,0,0,0,0,0,0,0
2026-03-03 23:45:00,D06,S06,西向,城市次干路,2,29,42.24,21.5,8.52,0,0,0,0,0,0,0
2026-03-04 00:00:00,D06,S06,西向,城市次干路,2,21,41.53,15.35,8.67,0,0,0,0,0,0,0
2026-03-04 00:15:00,D06,S06,西向,城市次干路,2,14,49.11,10.33,7.33,0,0,0,0,0,0,0
2026-03-04 00:30:00,D06,S06,西向,城市次干路,2,24,45.71,17.28,7.88,0,0,0,0,0,0,0
2026-03-04 00:45:00,D06,S06,西向,城市次干路,2,24,53.84,13.25,6.69,0,0,0,0,0,0,0
2026-03-04 01:00:00,D06,S06,西向,城市次干路,2,19,52.64,14.44,6.84,0,0,0,0,0,0,0
2026-03-04 01:15:00,D06,S06,西向,城市次干路,2,18,46.24,11.42,7.79,0,0,0,0,0,0,0
2026-03-04 01:30:00,D06,S06,西向,城市次干路,2,13,49.68,12.0,7.25,0,0,0,0,0,0,0
2026-03-04 01:45:00,D06,S06,西向,城市次干路,2,19,54.4,10.65,6.62,0,0,0,0,0,0,0
2026-03-04 02:00:00,D06,S06,西向,城市次干路,2,18,45.17,11.19,7.97,0,0,0,0,0,0,0
2026-03-04 02:15:00,D06,S06,西向,城市次干路,2,20,51.26,11.76,7.02,0,0,0,0,0,0,0
2026-03-04 02:30:00,D06,S06,西向,城市次干路,2,26,45.9,13.83,7.84,0,0,0,0,0,0,0
2026-03-04 02:45:00,D06,S06,西向,城市次干路,2,26,47.16,20.47,7.63,0,0,0,0,0,0,0
2026-03-04 03:00:00,D06,S06,西向,城市次干路,2,21,49.04,11.3,7.34,0,0,0,0,0,0,0
2026-03-04 03:15:00,D06,S06,西向,城市次干路,2,21,39.15,14.46,9.2,0,0,0,0,0,1,0
2026-03-04 03:30:00,D06,S06,西向,城市次干路,2,21,49.92,15.04,7.21,0,0,0,0,0,0,0
2026-03-04 03:45:00,D06,S06,西向,城市次干路,2,10,54.4,12.54,6.62,0,0,0,0,0,0,0
2026-03-04 04:00:00,D06,S06,西向,城市次干路,2,19,46.8,14.19,7.69,0,0,0,0,0,0,0
2026-03-04 04:15:00,D06,S06,西向,城市次干路,2,18,47.33,11.0,7.61,0,0,0,0,0,0,0
2026-03-04 04:30:00,D06,S06,西向,城市次干路,2,24,50.49,14.01,7.13,0,0,0,0,0,0,0
2026-03-04 04:45:00,D06,S06,西向,城市次干路,2,19,49.74,14.06,7.24,0,0,0,0,0,0,0
2026-03-04 05:00:00,D06,S06,西向,城市次干路,2,19,41.55,18.55,8.66,0,0,0,0,0,0,0
2026-03-04 05:15:00,D06,S06,西向,城市次干路,2,10,43.36,8.48,8.3,0,0,0,0,0,0,0
2026-03-04 05:30:00,D06,S06,西向,城市次干路,2,15,47.07,10.3,7.65,0,0,0,0,0,0,0
2026-03-04 05:45:00,D06,S06,西向,城市次干路,2,22,52.42,15.19,6.87,0,0,0,0,0,0,0
2026-03-04 06:00:00,D06,S06,西向,城市次干路,2,14,41.99,9.37,8.57,1,0,0,0,0,0,0
2026-03-04 06:15:00,D06,S06,西向,城市次干路,2,11,38.94,17.1,9.24,1,0,0,0,0,1,0
2026-03-04 06:30:00,D06,S06,西向,城市次干路,2,24,42.56,16.71,8.46,1,0,0,0,0,0,0
2026-03-04 06:45:00,D06,S06,西向,城市次干路,2,27,40.07,20.87,8.98,1,0,0,0,0,0,0
2026-03-04 07:00:00,D06,S06,西向,城市次干路,2,25,39.76,22.97,9.05,1,0,0,1,0,1,0
2026-03-04 07:15:00,D06,S06,西向,城市次干路,2,27,36.27,19.95,9.92,1,0,0,1,0,1,0
2026-03-04 07:30:00,D06,S06,西向,城市次干路,2,24,39.85,16.68,9.03,1,0,0,1,0,1,0
2026-03-04 07:45:00,D06,S06,西向,城市次干路,2,37,34.49,29.62,10.44,1,0,0,1,0,1,1
2026-03-04 08:00:00,D06,S06,西向,城市次干路,2,47,31.33,35.01,11.49,1,0,0,1,0,1,1
2026-03-04 08:15:00,D06,S06,西向,城市次干路,2,43,35.95,30.44,10.01,1,0,0,1,0,1,1
2026-03-04 08:30:00,D06,S06,西向,城市次干路,2,36,41.97,22.27,8.58,1,0,0,1,0,0,0
2026-03-04 08:45:00,D06,S06,西向,城市次干路,2,58,27.56,43.64,13.06,1,0,0,1,0,1,1
2026-03-04 09:00:00,D06,S06,西向,城市次干路,2,47,29.6,36.13,12.16,1,0,0,1,0,1,1
2026-03-04 09:15:00,D06,S06,西向,城市次干路,2,45,31.29,35.89,11.5,1,0,0,1,0,1,1
2026-03-04 09:30:00,D06,S06,西向,城市次干路,2,35,36.48,26.32,9.87,1,0,0,0,0,1,0
2026-03-04 09:45:00,D06,S06,西向,城市次干路,2,28,35.96,19.61,10.01,1,0,0,0,0,1,0
2026-03-04 10:00:00,D06,S06,西向,城市次干路,2,24,43.82,17.03,8.22,1,0,0,0,0,0,0
2026-03-04 10:15:00,D06,S06,西向,城市次干路,2,23,41.1,16.8,8.76,1,0,0,0,0,0,0
2026-03-04 10:30:00,D06,S06,西向,城市次干路,2,20,40.41,22.06,8.91,1,0,0,0,0,0,0
2026-03-04 10:45:00,D06,S06,西向,城市次干路,2,25,34.91,27.76,10.31,1,0,0,0,0,1,1
2026-03-04 11:00:00,D06,S06,西向,城市次干路,2,17,44.24,11.75,8.14,1,0,0,0,0,0,0
2026-03-04 11:15:00,D06,S06,西向,城市次干路,2,13,44.46,12.09,8.1,1,0,0,0,0,0,0
2026-03-04 11:30:00,D06,S06,西向,城市次干路,2,23,42.65,16.07,8.44,1,0,0,0,0,0,0
2026-03-04 11:45:00,D06,S06,西向,城市次干路,2,19,39.91,21.83,9.02,1,0,0,0,0,1,0
2026-03-04 12:00:00,D06,S06,西向,城市次干路,2,17,39.77,12.97,9.05,1,0,0,0,0,1,0
2026-03-04 12:15:00,D06,S06,西向,城市次干路,2,19,52.98,13.21,6.8,0,0,0,0,0,0,0
2026-03-04 12:30:00,D06,S06,西向,城市次干路,2,13,46.72,9.55,7.7,0,0,0,0,0,0,0
2026-03-04 12:45:00,D06,S06,西向,城市次干路,2,22,45.05,10.79,7.99,0,0,0,0,0,0,0
2026-03-04 13:00:00,D06,S06,西向,城市次干路,2,20,47.31,16.63,7.61,0,0,0,0,0,0,0
2026-03-04 13:15:00,D06,S06,西向,城市次干路,2,16,44.01,15.23,8.18,0,0,0,0,0,0,0
2026-03-04 13:30:00,D06,S06,西向,城市次干路,2,19,51.21,16.98,7.03,0,0,0,0,0,0,0
2026-03-04 13:45:00,D06,S06,西向,城市次干路,2,9,52.29,11.03,6.88,0,0,0,0,0,0,0
2026-03-04 14:00:00,D06,S06,西向,城市次干路,2,22,38.9,20.34,9.26,0,0,0,0,0,1,0
2026-03-04 14:15:00,D06,S06,西向,城市次干路,2,26,45.96,17.33,7.83,0,0,0,0,0,0,0
2026-03-04 14:30:00,D06,S06,西向,城市次干路,2,20,47.72,18.7,7.54,0,0,0,0,0,0,0
2026-03-04 14:45:00,D06,S06,西向,城市次干路,2,16,47.55,12.27,7.57,0,0,0,0,0,0,0
2026-03-04 15:00:00,D06,S06,西向,城市次干路,2,24,43.5,13.7,8.28,0,0,0,0,0,0,0
2026-03-04 15:15:00,D06,S06,西向,城市次干路,2,21,46.06,15.05,7.82,0,0,0,0,0,0,0
2026-03-04 15:30:00,D06,S06,西向,城市次干路,2,23,46.03,14.86,7.82,0,0,0,0,0,0,0
2026-03-04 15:45:00,D06,S06,西向,城市次干路,2,37,47.08,27.09,7.65,0,0,0,0,0,0,0
2026-03-04 16:00:00,D06,S06,西向,城市次干路,2,40,41.4,24.92,8.7,1,0,0,0,0,0,0
2026-03-04 16:15:00,D06,S06,西向,城市次干路,2,45,32.73,35.78,11.0,1,0,0,0,0,1,1
2026-03-04 16:30:00,D06,S06,西向,城市次干路,2,56,20.72,48.32,17.37,1,0,0,1,0,1,1
2026-03-04 16:45:00,D06,S06,西向,城市次干路,2,45,34.24,34.22,10.51,1,0,0,1,0,1,1
2026-03-04 17:00:00,D06,S06,西向,城市次干路,2,59,24.45,43.82,14.73,1,0,0,1,0,1,1
2026-03-04 17:15:00,D06,S06,西向,城市次干路,2,49,40.63,31.54,8.86,1,0,0,1,0,0,1
2026-03-04 17:30:00,D06,S06,西向,城市次干路,2,47,29.24,36.51,12.31,1,0,0,1,0,1,1
2026-03-04 17:45:00,D06,S06,西向,城市次干路,2,42,37.46,29.28,9.61,1,0,0,1,0,1,0
2026-03-04 18:00:00,D06,S06,西向,城市次干路,2,44,33.41,34.0,10.78,1,0,0,1,0,1,1
2026-03-04 18:15:00,D06,S06,西向,城市次干路,2,36,28.22,31.79,12.76,1,0,0,1,0,1,1
2026-03-04 18:30:00,D06,S06,西向,城市次干路,2,44,31.79,32.64,11.32,1,0,0,1,0,1,1
2026-03-04 18:45:00,D06,S06,西向,城市次干路,2,29,40.99,24.05,8.78,1,0,0,1,0,0,0
2026-03-04 19:00:00,D06,S06,西向,城市次干路,2,35,36.87,26.32,9.76,1,0,0,1,0,1,0
2026-03-04 19:15:00,D06,S06,西向,城市次干路,2,20,42.08,18.29,8.56,1,0,0,1,0,0,0
2026-03-04 19:30:00,D06,S06,西向,城市次干路,2,24,46.44,16.25,7.75,1,0,0,0,0,0,0
2026-03-04 19:45:00,D06,S06,西向,城市次干路,2,20,46.37,14.77,7.76,1,0,0,0,0,0,0
2026-03-04 20:00:00,D06,S06,西向,城市次干路,2,19,36.14,18.74,9.96,1,0,0,0,0,1,0
2026-03-04 20:15:00,D06,S06,西向,城市次干路,2,14,42.64,12.69,8.44,1,0,0,0,0,0,0
2026-03-04 20:30:00,D06,S06,西向,城市次干路,2,16,33.69,18.74,10.68,1,0,0,0,0,1,1
2026-03-04 20:45:00,D06,S06,西向,城市次干路,2,28,44.07,19.71,8.17,1,0,0,0,0,0,0
2026-03-04 21:00:00,D06,S06,西向,城市次干路,2,16,44.94,13.07,8.01,1,0,0,0,0,0,0
2026-03-04 21:15:00,D06,S06,西向,城市次干路,2,16,46.42,12.16,7.76,0,0,0,0,0,0,0
2026-03-04 21:30:00,D06,S06,西向,城市次干路,2,6,46.52,10.43,7.74,0,0,0,0,0,0,0
2026-03-04 21:45:00,D06,S06,西向,城市次干路,2,17,43.28,15.27,8.32,0,0,0,0,0,0,0
2026-03-04 22:00:00,D06,S06,西向,城市次干路,2,21,42.4,20.08,8.49,0,0,0,0,0,0,0
2026-03-04 22:15:00,D06,S06,西向,城市次干路,2,31,47.77,20.93,7.54,0,0,0,0,0,0,0
2026-03-04 22:30:00,D06,S06,西向,城市次干路,2,12,51.31,10.39,7.02,0,0,0,0,0,0,0
2026-03-04 22:45:00,D06,S06,西向,城市次干路,2,17,52.73,13.3,6.83,0,0,0,0,0,0,0
2026-03-04 23:00:00,D06,S06,西向,城市次干路,2,12,55.71,7.25,6.46,0,0,0,0,0,0,0
2026-03-04 23:15:00,D06,S06,西向,城市次干路,2,20,54.71,9.67,6.58,0,0,0,0,0,0,0
2026-03-04 23:30:00,D06,S06,西向,城市次干路,2,13,47.15,13.51,7.64,0,0,0,0,0,0,0
2026-03-04 23:45:00,D06,S06,西向,城市次干路,2,6,53.54,6.27,6.72,0,0,0,0,0,0,0
2026-03-05 00:00:00,D06,S06,西向,城市次干路,2,23,45.9,16.17,7.84,0,0,0,0,0,0,0
2026-03-05 00:15:00,D06,S06,西向,城市次干路,2,14,49.31,8.75,7.3,0,0,0,0,0,0,0
2026-03-05 00:30:00,D06,S06,西向,城市次干路,2,11,55.85,10.8,6.45,0,0,0,0,0,0,0
2026-03-05 00:45:00,D06,S06,西向,城市次干路,2,20,50.46,18.71,7.13,0,0,0,0,0,0,0
2026-03-05 01:00:00,D06,S06,西向,城市次干路,2,20,47.96,19.31,7.51,0,0,0,0,0,0,0
2026-03-05 01:15:00,D06,S06,西向,城市次干路,2,5,58.85,7.57,6.12,0,0,0,0,0,0,0
2026-03-05 01:30:00,D06,S06,西向,城市次干路,2,26,53.9,18.82,6.68,0,0,0,0,0,0,0
2026-03-05 01:45:00,D06,S06,西向,城市次干路,2,13,55.09,10.99,6.54,0,0,0,0,0,0,0
2026-03-05 02:00:00,D06,S06,西向,城市次干路,2,13,50.65,11.17,7.11,0,0,0,0,0,0,0
2026-03-05 02:15:00,D06,S06,西向,城市次干路,2,8,56.53,9.96,6.37,0,0,0,0,0,0,0
2026-03-05 02:30:00,D06,S06,西向,城市次干路,2,23,51.42,15.54,7.0,0,0,0,0,0,0,0
2026-03-05 02:45:00,D06,S06,西向,城市次干路,2,17,48.93,18.88,7.36,0,0,0,0,0,0,0
2026-03-05 03:00:00,D06,S06,西向,城市次干路,2,12,53.9,10.5,6.68,0,0,0,0,0,0,0
2026-03-05 03:15:00,D06,S06,西向,城市次干路,2,9,51.93,11.81,6.93,0,0,0,0,0,0,0
2026-03-05 03:30:00,D06,S06,西向,城市次干路,2,7,48.04,7.69,7.49,0,0,0,0,0,0,0
2026-03-05 03:45:00,D06,S06,西向,城市次干路,2,12,53.63,7.6,6.71,0,0,0,0,0,0,0
2026-03-05 04:00:00,D06,S06,西向,城市次干路,2,21,44.82,14.2,8.03,0,0,0,0,0,0,0
2026-03-05 04:15:00,D06,S06,西向,城市次干路,2,16,54.05,14.44,6.66,0,0,0,0,0,0,0
2026-03-05 04:30:00,D06,S06,西向,城市次干路,2,9,50.93,11.72,7.07,0,0,0,0,0,0,0
2026-03-05 04:45:00,D06,S06,西向,城市次干路,2,17,49.1,12.57,7.33,0,0,0,0,0,0,0
2026-03-05 05:00:00,D06,S06,西向,城市次干路,2,24,44.03,17.71,8.18,0,0,0,0,0,0,0
2026-03-05 05:15:00,D06,S06,西向,城市次干路,2,13,42.62,10.42,8.45,0,0,0,0,0,0,0
2026-03-05 05:30:00,D06,S06,西向,城市次干路,2,5,50.73,8.92,7.1,0,0,0,0,0,0,0
2026-03-05 05:45:00,D06,S06,西向,城市次干路,2,22,44.54,10.88,8.08,0,0,0,0,0,0,0
2026-03-05 06:00:00,D06,S06,西向,城市次干路,2,18,48.53,17.02,7.42,0,0,0,0,0,0,0
2026-03-05 06:15:00,D06,S06,西向,城市次干路,2,4,51.09,3.61,7.05,0,0,0,0,0,0,0
2026-03-05 06:30:00,D06,S06,西向,城市次干路,2,12,54.69,9.23,6.58,0,0,0,0,0,0,0
2026-03-05 06:45:00,D06,S06,西向,城市次干路,2,18,44.41,15.15,8.11,0,0,0,0,0,0,0
2026-03-05 07:00:00,D06,S06,西向,城市次干路,2,28,52.24,18.87,6.89,0,0,0,1,0,0,0
2026-03-05 07:15:00,D06,S06,西向,城市次干路,2,21,49.89,16.52,7.22,0,0,0,1,0,0,0
2026-03-05 07:30:00,D06,S06,西向,城市次干路,2,29,41.99,20.49,8.57,0,0,0,1,0,0,0
2026-03-05 07:45:00,D06,S06,西向,城市次干路,2,39,43.29,23.02,8.32,0,0,0,1,0,0,0
2026-03-05 08:00:00,D06,S06,西向,城市次干路,2,36,43.55,26.02,8.27,0,0,0,1,0,0,0
2026-03-05 08:15:00,D06,S06,西向,城市次干路,2,44,45.82,26.8,7.86,0,0,0,1,0,0,0
2026-03-05 08:30:00,D06,S06,西向,城市次干路,2,52,38.58,32.97,9.33,0,0,0,1,0,1,1
2026-03-05 08:45:00,D06,S06,西向,城市次干路,2,43,46.75,26.76,7.7,0,0,0,1,0,0,0
2026-03-05 09:00:00,D06,S06,西向,城市次干路,2,31,49.52,20.6,7.27,0,0,0,1,0,0,0
2026-03-05 09:15:00,D06,S06,西向,城市次干路,2,51,28.42,39.9,12.67,0,0,0,1,0,1,1
2026-03-05 09:30:00,D06,S06,西向,城市次干路,2,35,43.26,22.27,8.32,0,0,0,0,0,0,0
2026-03-05 09:45:00,D06,S06,西向,城市次干路,2,38,38.3,24.0,9.4,0,0,0,0,0,1,0
2026-03-05 10:00:00,D06,S06,西向,城市次干路,2,42,40.86,25.87,8.81,0,0,0,0,0,0,0
2026-03-05 10:15:00,D06,S06,西向,城市次干路,2,23,43.65,18.43,8.25,0,0,0,0,0,0,0
2026-03-05 10:30:00,D06,S06,西向,城市次干路,2,23,54.36,13.85,6.62,0,0,0,0,0,0,0
2026-03-05 10:45:00,D06,S06,西向,城市次干路,2,20,46.54,13.64,7.73,0,0,0,0,0,0,0
2026-03-05 11:00:00,D06,S06,西向,城市次干路,2,17,51.45,11.65,7.0,0,0,0,0,0,0,0
2026-03-05 11:15:00,D06,S06,西向,城市次干路,2,20,42.99,14.18,8.37,0,0,0,0,0,0,0
2026-03-05 11:30:00,D06,S06,西向,城市次干路,2,14,53.15,14.03,6.77,0,0,0,0,0,0,0
2026-03-05 11:45:00,D06,S06,西向,城市次干路,2,10,45.32,8.35,7.94,0,0,0,0,0,0,0
2026-03-05 12:00:00,D06,S06,西向,城市次干路,2,16,49.6,13.84,7.26,0,0,0,0,0,0,0
2026-03-05 12:15:00,D06,S06,西向,城市次干路,2,35,48.18,19.89,7.47,0,0,0,0,0,0,0
2026-03-05 12:30:00,D06,S06,西向,城市次干路,2,11,49.2,7.73,7.32,0,0,0,0,0,0,0
2026-03-05 12:45:00,D06,S06,西向,城市次干路,2,17,47.48,9.02,7.58,0,0,0,0,0,0,0
2026-03-05 13:00:00,D06,S06,西向,城市次干路,2,15,49.35,11.01,7.29,0,0,0,0,0,0,0
2026-03-05 13:15:00,D06,S06,西向,城市次干路,2,15,46.33,11.35,7.77,0,0,0,0,0,0,0
2026-03-05 13:30:00,D06,S06,西向,城市次干路,2,19,42.49,16.1,8.47,0,0,0,0,0,0,0
2026-03-05 13:45:00,D06,S06,西向,城市次干路,2,11,51.01,8.22,7.06,0,0,0,0,0,0,0
2026-03-05 14:00:00,D06,S06,西向,城市次干路,2,11,53.0,9.76,6.79,0,0,0,0,0,0,0
2026-03-05 14:15:00,D06,S06,西向,城市次干路,2,14,53.57,9.92,6.72,0,0,0,0,0,0,0
2026-03-05 14:30:00,D06,S06,西向,城市次干路,2,23,43.2,19.25,8.33,0,0,0,0,0,0,0
2026-03-05 14:45:00,D06,S06,西向,城市次干路,2,33,51.76,18.67,6.96,0,0,0,0,0,0,0
2026-03-05 15:00:00,D06,S06,西向,城市次干路,2,30,41.08,21.4,8.76,0,0,0,0,0,0,0
2026-03-05 15:15:00,D06,S06,西向,城市次干路,2,34,43.65,23.0,8.25,0,0,0,0,0,0,0
2026-03-05 15:30:00,D06,S06,西向,城市次干路,2,22,46.94,16.05,7.67,0,0,0,0,0,0,0
2026-03-05 15:45:00,D06,S06,西向,城市次干路,2,39,41.09,25.68,8.76,0,0,0,0,0,0,0
2026-03-05 16:00:00,D06,S06,西向,城市次干路,2,26,47.08,16.96,7.65,0,0,0,0,0,0,0
2026-03-05 16:15:00,D06,S06,西向,城市次干路,2,51,40.4,33.3,8.91,0,0,0,0,0,0,1
2026-03-05 16:30:00,D06,S06,西向,城市次干路,2,43,40.11,27.5,8.98,0,0,0,1,0,0,0
2026-03-05 16:45:00,D06,S06,西向,城市次干路,2,54,32.11,35.48,11.21,0,0,0,1,0,1,1
2026-03-05 17:00:00,D06,S06,西向,城市次干路,2,52,40.25,31.27,8.94,0,0,0,1,0,0,1
2026-03-05 17:15:00,D06,S06,西向,城市次干路,2,61,28.29,47.02,12.73,0,0,0,1,0,1,1
2026-03-05 17:30:00,D06,S06,西向,城市次干路,2,45,40.73,27.28,8.84,0,0,0,1,0,0,0
2026-03-05 17:45:00,D06,S06,西向,城市次干路,2,31,46.21,19.99,7.79,0,0,0,1,0,0,0
2026-03-05 18:00:00,D06,S06,西向,城市次干路,2,51,36.29,36.23,9.92,0,0,0,1,0,1,1
2026-03-05 18:15:00,D06,S06,西向,城市次干路,2,42,45.29,28.53,7.95,0,0,0,1,0,0,0
2026-03-05 18:30:00,D06,S06,西向,城市次干路,2,34,45.84,18.71,7.85,0,0,0,1,0,0,0
2026-03-05 18:45:00,D06,S06,西向,城市次干路,2,32,50.94,24.42,7.07,0,0,0,1,0,0,0
2026-03-05 19:00:00,D06,S06,西向,城市次干路,2,18,51.55,13.04,6.98,0,0,0,1,0,0,0
2026-03-05 19:15:00,D06,S06,西向,城市次干路,2,23,47.46,15.28,7.58,0,0,0,1,0,0,0
2026-03-05 19:30:00,D06,S06,西向,城市次干路,2,20,43.82,12.96,8.22,0,0,0,0,0,0,0
2026-03-05 19:45:00,D06,S06,西向,城市次干路,2,6,50.53,10.81,7.12,0,0,0,0,0,0,0
2026-03-05 20:00:00,D06,S06,西向,城市次干路,2,24,47.77,14.89,7.54,0,0,0,0,0,0,0
2026-03-05 20:15:00,D06,S06,西向,城市次干路,2,22,41.88,17.19,8.6,0,0,0,0,0,0,0
2026-03-05 20:30:00,D06,S06,西向,城市次干路,2,28,41.49,15.72,8.68,0,0,0,0,0,0,0
2026-03-05 20:45:00,D06,S06,西向,城市次干路,2,15,52.03,11.38,6.92,0,0,0,0,0,0,0
2026-03-05 21:00:00,D06,S06,西向,城市次干路,2,11,57.17,12.67,6.3,0,0,0,0,0,0,0
2026-03-05 21:15:00,D06,S06,西向,城市次干路,2,23,48.33,17.82,7.45,0,0,0,0,0,0,0
2026-03-05 21:30:00,D06,S06,西向,城市次干路,2,22,53.25,16.63,6.76,0,0,0,0,0,0,0
2026-03-05 21:45:00,D06,S06,西向,城市次干路,2,17,55.69,12.08,6.46,0,0,0,0,0,0,0
2026-03-05 22:00:00,D06,S06,西向,城市次干路,2,18,56.36,12.6,6.39,0,0,0,0,0,0,0
2026-03-05 22:15:00,D06,S06,西向,城市次干路,2,8,55.6,14.09,6.48,0,0,0,0,0,0,0
2026-03-05 22:30:00,D06,S06,西向,城市次干路,2,23,43.36,15.61,8.3,0,0,0,0,0,0,0
2026-03-05 22:45:00,D06,S06,西向,城市次干路,2,9,48.74,11.09,7.39,0,0,0,0,0,0,0
2026-03-05 23:00:00,D06,S06,西向,城市次干路,2,16,47.82,9.27,7.53,0,0,0,0,0,0,0
2026-03-05 23:15:00,D06,S06,西向,城市次干路,2,22,49.07,16.86,7.34,0,0,0,0,0,0,0
2026-03-05 23:30:00,D06,S06,西向,城市次干路,2,14,53.07,11.75,6.78,0,0,0,0,0,0,0
2026-03-05 23:45:00,D06,S06,西向,城市次干路,2,6,57.6,4.5,6.25,0,0,0,0,0,0,0
2026-03-06 00:00:00,D06,S06,西向,城市次干路,2,9,50.5,11.68,7.13,0,0,0,0,0,0,0
2026-03-06 00:15:00,D06,S06,西向,城市次干路,2,14,52.46,12.89,6.86,0,0,0,0,0,0,0
2026-03-06 00:30:00,D06,S06,西向,城市次干路,2,23,45.89,15.14,7.85,0,0,0,0,0,0,0
2026-03-06 00:45:00,D06,S06,西向,城市次干路,2,24,50.67,15.28,7.1,0,0,0,0,0,0,0
2026-03-06 01:00:00,D06,S06,西向,城市次干路,2,18,46.7,12.66,7.71,0,0,0,0,0,0,0
2026-03-06 01:15:00,D06,S06,西向,城市次干路,2,9,49.04,8.78,7.34,0,0,0,0,0,0,0
2026-03-06 01:30:00,D06,S06,西向,城市次干路,2,17,51.47,11.77,6.99,0,0,0,0,0,0,0
2026-03-06 01:45:00,D06,S06,西向,城市次干路,2,15,43.14,16.14,8.34,0,0,0,0,0,0,0
2026-03-06 02:00:00,D06,S06,西向,城市次干路,2,14,41.57,15.18,8.66,0,0,0,0,0,0,0
2026-03-06 02:15:00,D06,S06,西向,城市次干路,2,16,48.28,10.42,7.46,0,0,0,0,0,0,0
2026-03-06 02:30:00,D06,S06,西向,城市次干路,2,13,52.46,7.15,6.86,0,0,0,0,0,0,0
2026-03-06 02:45:00,D06,S06,西向,城市次干路,2,15,45.54,15.73,7.91,0,0,0,0,0,0,0
2026-03-06 03:00:00,D06,S06,西向,城市次干路,2,18,51.46,10.98,7.0,0,0,0,0,0,0,0
2026-03-06 03:15:00,D06,S06,西向,城市次干路,2,20,50.1,13.83,7.19,0,0,0,0,0,0,0
2026-03-06 03:30:00,D06,S06,西向,城市次干路,2,22,49.52,15.56,7.27,0,0,0,0,0,0,0
2026-03-06 03:45:00,D06,S06,西向,城市次干路,2,15,51.77,13.6,6.95,0,0,0,0,0,0,0
2026-03-06 04:00:00,D06,S06,西向,城市次干路,2,24,42.87,12.62,8.4,0,0,0,0,0,0,0
2026-03-06 04:15:00,D06,S06,西向,城市次干路,2,13,49.55,7.48,7.27,0,0,0,0,0,0,0
2026-03-06 04:30:00,D06,S06,西向,城市次干路,2,14,38.82,15.92,9.27,0,0,0,0,0,1,0
2026-03-06 04:45:00,D06,S06,西向,城市次干路,2,17,43.9,12.72,8.2,0,0,0,0,0,0,0
2026-03-06 05:00:00,D06,S06,西向,城市次干路,2,7,48.31,9.1,7.45,0,0,0,0,0,0,0
2026-03-06 05:15:00,D06,S06,西向,城市次干路,2,17,55.07,12.72,6.54,0,0,0,0,0,0,0
2026-03-06 05:30:00,D06,S06,西向,城市次干路,2,12,50.05,12.68,7.19,0,0,0,0,0,0,0
2026-03-06 05:45:00,D06,S06,西向,城市次干路,2,28,46.92,14.5,7.67,0,0,0,0,0,0,0
2026-03-06 06:00:00,D06,S06,西向,城市次干路,2,16,44.65,14.31,8.06,0,0,0,0,0,0,0
2026-03-06 06:15:00,D06,S06,西向,城市次干路,2,28,39.5,21.99,9.11,0,0,0,0,0,1,0
2026-03-06 06:30:00,D06,S06,西向,城市次干路,2,15,50.86,11.39,7.08,0,0,0,0,0,0,0
2026-03-06 06:45:00,D06,S06,西向,城市次干路,2,30,45.2,18.53,7.96,0,0,0,0,0,0,0
2026-03-06 07:00:00,D06,S06,西向,城市次干路,2,12,47.76,10.87,7.54,0,0,0,1,0,0,0
2026-03-06 07:15:00,D06,S06,西向,城市次干路,2,21,40.35,22.22,8.92,0,0,0,1,0,0,0
2026-03-06 07:30:00,D06,S06,西向,城市次干路,2,27,50.81,16.93,7.08,0,0,0,1,0,0,0
2026-03-06 07:45:00,D06,S06,西向,城市次干路,2,34,42.99,20.46,8.37,0,0,0,1,0,0,0
2026-03-06 08:00:00,D06,S06,西向,城市次干路,2,41,48.2,21.44,7.47,0,0,0,1,0,0,0
2026-03-06 08:15:00,D06,S06,西向,城市次干路,2,45,47.69,19.98,7.55,0,0,0,1,0,0,0
2026-03-06 08:30:00,D06,S06,西向,城市次干路,2,45,45.67,27.1,7.88,0,0,0,1,0,0,0
2026-03-06 08:45:00,D06,S06,西向,城市次干路,2,51,39.51,34.98,9.11,0,0,0,1,0,1,1
2026-03-06 09:00:00,D06,S06,西向,城市次干路,2,36,45.08,20.73,7.99,0,0,0,1,0,0,0
2026-03-06 09:15:00,D06,S06,西向,城市次干路,2,43,44.86,21.64,8.03,0,0,0,1,0,0,0
2026-03-06 09:30:00,D06,S06,西向,城市次干路,2,35,44.65,24.0,8.06,0,0,0,0,0,0,0
2026-03-06 09:45:00,D06,S06,西向,城市次干路,2,42,52.48,23.3,6.86,0,0,0,0,0,0,0
2026-03-06 10:00:00,D06,S06,西向,城市次干路,2,33,43.54,19.22,8.27,0,0,0,0,0,0,0
2026-03-06 10:15:00,D06,S06,西向,城市次干路,2,25,45.96,14.46,7.83,0,0,0,0,0,0,0
2026-03-06 10:30:00,D06,S06,西向,城市次干路,2,18,42.98,16.11,8.38,0,0,0,0,0,0,0
2026-03-06 10:45:00,D06,S06,西向,城市次干路,2,25,51.84,17.13,6.94,0,0,0,0,0,0,0
2026-03-06 11:00:00,D06,S06,西向,城市次干路,2,21,52.15,20.78,6.9,0,0,0,0,0,0,0
2026-03-06 11:15:00,D06,S06,西向,城市次干路,2,17,45.8,15.61,7.86,0,0,0,0,0,0,0
2026-03-06 11:30:00,D06,S06,西向,城市次干路,2,19,48.17,16.67,7.47,0,0,0,0,0,0,0
2026-03-06 11:45:00,D06,S06,西向,城市次干路,2,17,46.39,10.96,7.76,0,0,0,0,0,0,0
2026-03-06 12:00:00,D06,S06,西向,城市次干路,2,20,50.71,17.16,7.1,0,0,0,0,0,0,0
2026-03-06 12:15:00,D06,S06,西向,城市次干路,2,11,41.11,14.75,8.76,0,0,0,0,0,0,0
2026-03-06 12:30:00,D06,S06,西向,城市次干路,2,25,41.53,19.53,8.67,0,0,0,0,0,0,0
2026-03-06 12:45:00,D06,S06,西向,城市次干路,2,11,54.89,7.96,6.56,0,0,0,0,0,0,0
2026-03-06 13:00:00,D06,S06,西向,城市次干路,2,12,53.46,10.71,6.73,0,0,0,0,0,0,0
2026-03-06 13:15:00,D06,S06,西向,城市次干路,2,13,52.01,13.85,6.92,0,0,0,0,1,0,0
2026-03-06 13:30:00,D06,S06,西向,城市次干路,2,17,46.49,11.01,7.74,0,0,0,0,0,0,0
2026-03-06 13:45:00,D06,S06,西向,城市次干路,2,27,46.84,19.98,7.69,0,0,0,0,0,0,0
2026-03-06 14:00:00,D06,S06,西向,城市次干路,2,23,57.48,13.52,6.26,0,0,0,0,0,0,0
2026-03-06 14:15:00,D06,S06,西向,城市次干路,2,23,42.88,15.77,8.4,0,0,0,0,0,0,0
2026-03-06 14:30:00,D06,S06,西向,城市次干路,2,31,42.42,21.03,8.49,0,0,0,0,0,0,0
2026-03-06 14:45:00,D06,S06,西向,城市次干路,2,14,50.85,13.6,7.08,0,0,0,0,0,0,0
2026-03-06 15:00:00,D06,S06,西向,城市次干路,2,19,45.57,10.45,7.9,0,0,0,0,0,0,0
2026-03-06 15:15:00,D06,S06,西向,城市次干路,2,19,45.53,16.82,7.91,0,0,0,0,0,0,0
2026-03-06 15:30:00,D06,S06,西向,城市次干路,2,26,49.9,13.49,7.21,0,0,0,0,0,0,0
2026-03-06 15:45:00,D06,S06,西向,城市次干路,2,42,50.11,21.48,7.18,0,0,0,0,0,0,0
2026-03-06 16:00:00,D06,S06,西向,城市次干路,2,34,50.26,19.14,7.16,0,0,0,0,0,0,0
2026-03-06 16:15:00,D06,S06,西向,城市次干路,2,35,43.75,20.67,8.23,0,0,0,0,0,0,0
2026-03-06 16:30:00,D06,S06,西向,城市次干路,2,43,40.02,29.24,8.99,0,0,0,1,0,0,0
2026-03-06 16:45:00,D06,S06,西向,城市次干路,2,40,45.62,17.64,7.89,0,0,0,1,0,0,0
2026-03-06 17:00:00,D06,S06,西向,城市次干路,2,43,44.54,22.25,8.08,0,0,0,1,0,0,0
2026-03-06 17:15:00,D06,S06,西向,城市次干路,2,62,29.16,46.19,12.35,0,0,0,1,0,1,1
2026-03-06 17:30:00,D06,S06,西向,城市次干路,2,51,37.35,34.27,9.64,0,0,0,1,0,1,1
2026-03-06 17:45:00,D06,S06,西向,城市次干路,2,37,44.87,18.13,8.02,0,0,0,1,0,0,0
2026-03-06 18:00:00,D06,S06,西向,城市次干路,2,51,34.47,36.47,10.45,0,0,0,1,0,1,1
2026-03-06 18:15:00,D06,S06,西向,城市次干路,2,41,43.61,21.12,8.25,0,0,0,1,0,0,0
2026-03-06 18:30:00,D06,S06,西向,城市次干路,2,38,44.96,20.99,8.01,0,0,0,1,0,0,0
2026-03-06 18:45:00,D06,S06,西向,城市次干路,2,30,41.84,22.18,8.6,0,0,0,1,0,0,0
2026-03-06 19:00:00,D06,S06,西向,城市次干路,2,18,55.37,17.92,6.5,0,0,0,1,0,0,0
2026-03-06 19:15:00,D06,S06,西向,城市次干路,2,21,49.74,12.84,7.24,0,0,0,1,0,0,0
2026-03-06 19:30:00,D06,S06,西向,城市次干路,2,11,53.92,11.75,6.68,0,0,0,0,0,0,0
2026-03-06 19:45:00,D06,S06,西向,城市次干路,2,21,51.67,16.82,6.97,0,0,0,0,0,0,0
2026-03-06 20:00:00,D06,S06,西向,城市次干路,2,17,52.56,13.89,6.85,0,0,0,0,0,0,0
2026-03-06 20:15:00,D06,S06,西向,城市次干路,2,20,42.56,17.54,8.46,0,0,0,0,0,0,0
2026-03-06 20:30:00,D06,S06,西向,城市次干路,2,13,47.68,8.65,7.55,0,0,0,0,0,0,0
2026-03-06 20:45:00,D06,S06,西向,城市次干路,2,21,52.29,8.73,6.89,0,0,0,0,0,0,0
2026-03-06 21:00:00,D06,S06,西向,城市次干路,2,24,51.34,17.76,7.01,0,0,0,0,0,0,0
2026-03-06 21:15:00,D06,S06,西向,城市次干路,2,18,49.67,16.37,7.25,0,0,0,0,0,0,0
2026-03-06 21:30:00,D06,S06,西向,城市次干路,2,34,47.51,19.65,7.58,0,0,0,0,0,0,0
2026-03-06 21:45:00,D06,S06,西向,城市次干路,2,16,46.33,14.35,7.77,0,0,0,0,0,0,0
2026-03-06 22:00:00,D06,S06,西向,城市次干路,2,16,47.6,16.9,7.56,0,0,0,0,0,0,0
2026-03-06 22:15:00,D06,S06,西向,城市次干路,2,25,44.04,17.4,8.17,0,0,0,0,0,0,0
2026-03-06 22:30:00,D06,S06,西向,城市次干路,2,13,50.34,13.72,7.15,0,0,0,0,0,0,0
2026-03-06 22:45:00,D06,S06,西向,城市次干路,2,18,45.4,11.82,7.93,0,0,0,0,0,0,0
2026-03-06 23:00:00,D06,S06,西向,城市次干路,2,13,57.82,12.54,6.23,0,0,0,0,0,0,0
2026-03-06 23:15:00,D06,S06,西向,城市次干路,2,15,53.58,14.76,6.72,0,0,0,0,0,0,0
2026-03-06 23:30:00,D06,S06,西向,城市次干路,2,21,44.72,18.79,8.05,0,0,0,0,0,0,0
2026-03-06 23:45:00,D06,S06,西向,城市次干路,2,12,48.9,8.93,7.36,0,0,0,0,0,0,0
2026-03-07 00:00:00,D06,S06,西向,城市次干路,2,15,52.0,15.07,6.92,0,0,1,0,0,0,0
2026-03-07 00:15:00,D06,S06,西向,城市次干路,2,16,50.81,13.18,7.09,0,0,1,0,0,0,0
2026-03-07 00:30:00,D06,S06,西向,城市次干路,2,4,52.08,5.06,6.91,0,0,1,0,0,0,0
2026-03-07 00:45:00,D06,S06,西向,城市次干路,2,8,48.54,9.37,7.42,0,0,1,0,0,0,0
2026-03-07 01:00:00,D06,S06,西向,城市次干路,2,3,49.33,6.88,7.3,0,0,1,0,0,0,0
2026-03-07 01:15:00,D06,S06,西向,城市次干路,2,10,51.86,10.94,6.94,0,0,1,0,0,0,0
2026-03-07 01:30:00,D06,S06,西向,城市次干路,2,21,41.61,17.37,8.65,0,0,1,0,0,0,0
2026-03-07 01:45:00,D06,S06,西向,城市次干路,2,3,55.15,9.66,6.53,0,0,1,0,0,0,0
2026-03-07 02:00:00,D06,S06,西向,城市次干路,2,10,49.26,7.13,7.31,0,0,1,0,0,0,0
2026-03-07 02:15:00,D06,S06,西向,城市次干路,2,17,47.29,13.7,7.61,0,0,1,0,0,0,0
2026-03-07 02:30:00,D06,S06,西向,城市次干路,2,13,44.15,6.86,8.15,0,0,1,0,0,0,0
2026-03-07 02:45:00,D06,S06,西向,城市次干路,2,18,54.03,16.45,6.66,0,0,1,0,0,0,0
2026-03-07 03:00:00,D06,S06,西向,城市次干路,2,8,41.04,12.55,8.77,0,0,1,0,0,0,0
2026-03-07 03:15:00,D06,S06,西向,城市次干路,2,15,43.35,15.34,8.3,0,0,1,0,0,0,0
2026-03-07 03:30:00,D06,S06,西向,城市次干路,2,13,51.53,13.0,6.99,0,0,1,0,0,0,0
2026-03-07 03:45:00,D06,S06,西向,城市次干路,2,12,51.47,10.99,6.99,0,0,1,0,0,0,0
2026-03-07 04:00:00,D06,S06,西向,城市次干路,2,10,47.55,10.66,7.57,0,0,1,0,0,0,0
2026-03-07 04:15:00,D06,S06,西向,城市次干路,2,20,41.04,17.82,8.77,0,0,1,0,0,0,0
2026-03-07 04:30:00,D06,S06,西向,城市次干路,2,5,56.54,7.62,6.37,0,0,1,0,0,0,0
2026-03-07 04:45:00,D06,S06,西向,城市次干路,2,13,46.08,9.65,7.81,0,0,1,0,0,0,0
2026-03-07 05:00:00,D06,S06,西向,城市次干路,2,4,55.28,8.08,6.51,0,0,1,0,0,0,0
2026-03-07 05:15:00,D06,S06,西向,城市次干路,2,13,57.89,8.86,6.22,0,0,1,0,0,0,0
2026-03-07 05:30:00,D06,S06,西向,城市次干路,2,19,46.6,15.1,7.73,0,0,1,0,0,0,0
2026-03-07 05:45:00,D06,S06,西向,城市次干路,2,15,38.71,16.54,9.3,0,0,1,0,0,1,0
2026-03-07 06:00:00,D06,S06,西向,城市次干路,2,18,51.37,8.31,7.01,0,0,1,0,0,0,0
2026-03-07 06:15:00,D06,S06,西向,城市次干路,2,17,45.64,14.15,7.89,0,0,1,0,0,0,0
2026-03-07 06:30:00,D06,S06,西向,城市次干路,2,5,54.32,11.03,6.63,0,0,1,0,0,0,0
2026-03-07 06:45:00,D06,S06,西向,城市次干路,2,16,51.25,12.37,7.02,0,0,1,0,0,0,0
2026-03-07 07:00:00,D06,S06,西向,城市次干路,2,31,43.11,24.95,8.35,0,0,1,1,0,0,0
2026-03-07 07:15:00,D06,S06,西向,城市次干路,2,30,41.67,19.91,8.64,0,0,1,1,0,0,0
2026-03-07 07:30:00,D06,S06,西向,城市次干路,2,15,60.0,12.29,6.0,0,0,1,1,0,0,0
2026-03-07 07:45:00,D06,S06,西向,城市次干路,2,30,53.92,18.7,6.68,0,0,1,1,0,0,0
2026-03-07 08:00:00,D06,S06,西向,城市次干路,2,26,44.11,17.8,8.16,0,0,1,1,0,0,0
2026-03-07 08:15:00,D06,S06,西向,城市次干路,2,40,40.6,29.23,8.87,0,0,1,1,0,0,0
2026-03-07 08:30:00,D06,S06,西向,城市次干路,2,38,45.85,23.12,7.85,0,0,1,1,0,0,0
2026-03-07 08:45:00,D06,S06,西向,城市次干路,2,42,43.92,27.85,8.2,0,0,1,1,0,0,0
2026-03-07 09:00:00,D06,S06,西向,城市次干路,2,37,39.09,24.87,9.21,0,0,1,1,0,1,0
2026-03-07 09:15:00,D06,S06,西向,城市次干路,2,44,40.39,27.11,8.91,0,0,1,1,0,0,0
2026-03-07 09:30:00,D06,S06,西向,城市次干路,2,29,42.51,22.38,8.47,0,0,1,0,0,0,0
2026-03-07 09:45:00,D06,S06,西向,城市次干路,2,25,37.83,22.28,9.52,0,0,1,0,0,1,0
2026-03-07 10:00:00,D06,S06,西向,城市次干路,2,27,42.87,15.74,8.4,0,0,1,0,0,0,0
2026-03-07 10:15:00,D06,S06,西向,城市次干路,2,13,51.19,10.12,7.03,0,0,1,0,0,0,0
2026-03-07 10:30:00,D06,S06,西向,城市次干路,2,11,48.86,10.48,7.37,0,0,1,0,0,0,0
2026-03-07 10:45:00,D06,S06,西向,城市次干路,2,17,49.85,11.2,7.22,0,0,1,0,0,0,0
2026-03-07 11:00:00,D06,S06,西向,城市次干路,2,21,54.02,18.51,6.66,0,0,1,0,0,0,0
2026-03-07 11:15:00,D06,S06,西向,城市次干路,2,23,43.8,17.22,8.22,0,0,1,0,0,0,0
2026-03-07 11:30:00,D06,S06,西向,城市次干路,2,7,49.52,8.91,7.27,0,0,1,0,0,0,0
2026-03-07 11:45:00,D06,S06,西向,城市次干路,2,3,48.56,5.27,7.41,0,0,1,0,0,0,0
2026-03-07 12:00:00,D06,S06,西向,城市次干路,2,24,42.42,17.45,8.49,0,0,1,0,0,0,0
2026-03-07 12:15:00,D06,S06,西向,城市次干路,2,14,38.22,16.58,9.42,0,0,1,0,0,1,0
2026-03-07 12:30:00,D06,S06,西向,城市次干路,2,21,43.05,15.13,8.36,0,0,1,0,0,0,0
2026-03-07 12:45:00,D06,S06,西向,城市次干路,2,17,47.01,12.13,7.66,0,0,1,0,0,0,0
2026-03-07 13:00:00,D06,S06,西向,城市次干路,2,16,47.68,12.02,7.55,0,0,1,0,0,0,0
2026-03-07 13:15:00,D06,S06,西向,城市次干路,2,7,45.9,10.09,7.84,0,0,1,0,0,0,0
2026-03-07 13:30:00,D06,S06,西向,城市次干路,2,17,47.67,10.32,7.55,0,0,1,0,0,0,0
2026-03-07 13:45:00,D06,S06,西向,城市次干路,2,12,49.65,11.54,7.25,0,0,1,0,0,0,0
2026-03-07 14:00:00,D06,S06,西向,城市次干路,2,12,53.7,8.45,6.7,0,0,1,0,0,0,0
2026-03-07 14:15:00,D06,S06,西向,城市次干路,2,15,49.85,11.07,7.22,0,0,1,0,0,0,0
2026-03-07 14:30:00,D06,S06,西向,城市次干路,2,7,49.02,8.65,7.34,0,0,1,0,0,0,0
2026-03-07 14:45:00,D06,S06,西向,城市次干路,2,18,42.07,20.62,8.56,0,0,1,0,0,0,0
2026-03-07 15:00:00,D06,S06,西向,城市次干路,2,5,51.36,5.42,7.01,0,0,1,0,0,0,0
2026-03-07 15:15:00,D06,S06,西向,城市次干路,2,14,48.91,9.86,7.36,0,0,1,0,0,0,0
2026-03-07 15:30:00,D06,S06,西向,城市次干路,2,29,40.81,17.65,8.82,0,0,1,0,0,0,0
2026-03-07 15:45:00,D06,S06,西向,城市次干路,2,32,52.87,18.91,6.81,0,0,1,0,0,0,0
2026-03-07 16:00:00,D06,S06,西向,城市次干路,2,27,44.3,15.21,8.13,0,0,1,0,0,0,0
2026-03-07 16:15:00,D06,S06,西向,城市次干路,2,34,44.11,21.29,8.16,0,0,1,0,0,0,0
2026-03-07 16:30:00,D06,S06,西向,城市次干路,2,36,44.21,18.91,8.14,0,0,1,1,0,0,0
2026-03-07 16:45:00,D06,S06,西向,城市次干路,2,40,45.23,22.83,7.96,0,0,1,1,0,0,0
2026-03-07 17:00:00,D06,S06,西向,城市次干路,2,35,43.69,22.27,8.24,0,0,1,1,0,0,0
2026-03-07 17:15:00,D06,S06,西向,城市次干路,2,37,45.77,22.14,7.86,0,0,1,1,0,0,0
2026-03-07 17:30:00,D06,S06,西向,城市次干路,2,37,42.92,20.39,8.39,0,0,1,1,0,0,0
2026-03-07 17:45:00,D06,S06,西向,城市次干路,2,38,48.54,22.61,7.42,0,0,1,1,0,0,0
2026-03-07 18:00:00,D06,S06,西向,城市次干路,2,33,41.29,22.77,8.72,0,0,1,1,0,0,0
2026-03-07 18:15:00,D06,S06,西向,城市次干路,2,34,52.41,20.55,6.87,0,0,1,1,0,0,0
2026-03-07 18:30:00,D06,S06,西向,城市次干路,2,22,44.5,17.01,8.09,0,0,1,1,0,0,0
2026-03-07 18:45:00,D06,S06,西向,城市次干路,2,32,52.23,17.31,6.89,0,0,1,1,0,0,0
2026-03-07 19:00:00,D06,S06,西向,城市次干路,2,19,43.76,15.83,8.23,0,0,1,1,0,0,0
2026-03-07 19:15:00,D06,S06,西向,城市次干路,2,14,43.6,13.19,8.26,0,0,1,1,0,0,0
2026-03-07 19:30:00,D06,S06,西向,城市次干路,2,21,52.84,13.89,6.81,0,0,1,0,0,0,0
2026-03-07 19:45:00,D06,S06,西向,城市次干路,2,8,38.64,10.06,9.32,0,0,1,0,0,1,0
2026-03-07 20:00:00,D06,S06,西向,城市次干路,2,11,55.01,6.7,6.54,0,0,1,0,0,0,0
2026-03-07 20:15:00,D06,S06,西向,城市次干路,2,9,48.4,10.04,7.44,0,0,1,0,0,0,0
2026-03-07 20:30:00,D06,S06,西向,城市次干路,2,7,51.22,10.25,7.03,0,0,1,0,0,0,0
2026-03-07 20:45:00,D06,S06,西向,城市次干路,2,5,45.73,10.44,7.87,0,0,1,0,0,0,0
2026-03-07 21:00:00,D06,S06,西向,城市次干路,2,13,53.3,9.13,6.75,0,0,1,0,0,0,0
2026-03-07 21:15:00,D06,S06,西向,城市次干路,2,7,52.39,6.25,6.87,0,0,1,0,0,0,0
2026-03-07 21:30:00,D06,S06,西向,城市次干路,2,6,51.77,10.87,6.95,0,0,1,0,0,0,0
2026-03-07 21:45:00,D06,S06,西向,城市次干路,2,6,49.41,5.71,7.29,0,0,1,0,0,0,0
2026-03-07 22:00:00,D06,S06,西向,城市次干路,2,22,44.79,16.82,8.04,0,0,1,0,0,0,0
2026-03-07 22:15:00,D06,S06,西向,城市次干路,2,10,49.73,7.99,7.24,0,0,1,0,0,0,0
2026-03-07 22:30:00,D06,S06,西向,城市次干路,2,19,44.02,10.64,8.18,0,0,1,0,0,0,0
2026-03-07 22:45:00,D06,S06,西向,城市次干路,2,22,41.52,13.83,8.67,0,0,1,0,0,0,0
2026-03-07 23:00:00,D06,S06,西向,城市次干路,2,9,53.54,8.81,6.72,0,0,1,0,0,0,0
2026-03-07 23:15:00,D06,S06,西向,城市次干路,2,3,46.12,4.82,7.81,0,0,1,0,0,0,0
2026-03-07 23:30:00,D06,S06,西向,城市次干路,2,6,51.2,13.57,7.03,0,0,1,0,0,0,0
2026-03-07 23:45:00,D06,S06,西向,城市次干路,2,13,40.89,15.08,8.8,0,0,1,0,0,0,0
2026-03-08 00:00:00,D06,S06,西向,城市次干路,2,13,57.39,14.71,6.27,0,0,1,0,0,0,0
2026-03-08 00:15:00,D06,S06,西向,城市次干路,2,3,47.2,6.62,7.63,0,0,1,0,0,0,0
2026-03-08 00:30:00,D06,S06,西向,城市次干路,2,8,53.06,7.7,6.78,0,0,1,0,0,0,0
2026-03-08 00:45:00,D06,S06,西向,城市次干路,2,11,49.33,13.07,7.3,0,0,1,0,0,0,0
2026-03-08 01:00:00,D06,S06,西向,城市次干路,2,21,54.54,11.68,6.6,0,0,1,0,0,0,0
2026-03-08 01:15:00,D06,S06,西向,城市次干路,2,12,48.69,12.03,7.39,0,0,1,0,0,0,0
2026-03-08 01:30:00,D06,S06,西向,城市次干路,2,10,48.48,10.61,7.43,0,0,1,0,0,0,0
2026-03-08 01:45:00,D06,S06,西向,城市次干路,2,10,48.91,10.32,7.36,0,0,1,0,0,0,0
2026-03-08 02:00:00,D06,S06,西向,城市次干路,2,11,47.77,11.26,7.54,0,0,1,0,0,0,0
2026-03-08 02:15:00,D06,S06,西向,城市次干路,2,7,49.12,9.05,7.33,0,0,1,0,0,0,0
2026-03-08 02:30:00,D06,S06,西向,城市次干路,2,20,41.13,19.26,8.75,0,0,1,0,0,0,0
2026-03-08 02:45:00,D06,S06,西向,城市次干路,2,10,45.82,9.97,7.86,0,0,1,0,0,0,0
2026-03-08 03:00:00,D06,S06,西向,城市次干路,2,18,47.23,12.33,7.62,0,0,1,0,0,0,0
2026-03-08 03:15:00,D06,S06,西向,城市次干路,2,15,50.14,12.56,7.18,0,0,1,0,0,0,0
2026-03-08 03:30:00,D06,S06,西向,城市次干路,2,10,51.62,7.31,6.97,0,0,1,0,0,0,0
2026-03-08 03:45:00,D06,S06,西向,城市次干路,2,18,52.63,15.88,6.84,0,0,1,0,1,0,0
2026-03-08 04:00:00,D06,S06,西向,城市次干路,2,8,55.83,12.9,6.45,0,0,1,0,0,0,0
2026-03-08 04:15:00,D06,S06,西向,城市次干路,2,6,46.18,13.19,7.8,0,0,1,0,0,0,0
2026-03-08 04:30:00,D06,S06,西向,城市次干路,2,18,45.66,11.52,7.88,0,0,1,0,0,0,0
2026-03-08 04:45:00,D06,S06,西向,城市次干路,2,21,53.07,12.48,6.78,0,0,1,0,0,0,0
2026-03-08 05:00:00,D06,S06,西向,城市次干路,2,14,50.53,10.77,7.12,0,0,1,0,0,0,0
2026-03-08 05:15:00,D06,S06,西向,城市次干路,2,8,47.5,7.9,7.58,0,0,1,0,0,0,0
2026-03-08 05:30:00,D06,S06,西向,城市次干路,2,25,50.95,16.54,7.07,0,0,1,0,0,0,0
2026-03-08 05:45:00,D06,S06,西向,城市次干路,2,13,51.91,7.97,6.94,0,0,1,0,0,0,0
2026-03-08 06:00:00,D06,S06,西向,城市次干路,2,18,47.19,13.66,7.63,0,0,1,0,0,0,0
2026-03-08 06:15:00,D06,S06,西向,城市次干路,2,18,48.31,13.85,7.45,0,0,1,0,0,0,0
2026-03-08 06:30:00,D06,S06,西向,城市次干路,2,21,51.0,15.64,7.06,0,0,1,0,0,0,0
2026-03-08 06:45:00,D06,S06,西向,城市次干路,2,7,49.39,11.43,7.29,0,0,1,0,0,0,0
2026-03-08 07:00:00,D06,S06,西向,城市次干路,2,19,48.64,13.35,7.4,0,0,1,1,0,0,0
2026-03-08 07:15:00,D06,S06,西向,城市次干路,2,26,42.56,17.19,8.46,0,0,1,1,0,0,0
2026-03-08 07:30:00,D06,S06,西向,城市次干路,2,34,41.57,24.16,8.66,0,0,1,1,0,0,0
2026-03-08 07:45:00,D06,S06,西向,城市次干路,2,37,48.14,24.59,7.48,0,0,1,1,0,0,0
2026-03-08 08:00:00,D06,S06,西向,城市次干路,2,22,51.57,17.46,6.98,0,0,1,1,0,0,0
2026-03-08 08:15:00,D06,S06,西向,城市次干路,2,39,44.7,23.66,8.05,0,0,1,1,0,0,0
2026-03-08 08:30:00,D06,S06,西向,城市次干路,2,40,40.21,28.2,8.95,0,0,1,1,0,0,0
2026-03-08 08:45:00,D06,S06,西向,城市次干路,2,32,45.26,20.86,7.95,0,0,1,1,0,0,0
2026-03-08 09:00:00,D06,S06,西向,城市次干路,2,23,46.53,15.45,7.74,0,0,1,1,0,0,0
2026-03-08 09:15:00,D06,S06,西向,城市次干路,2,37,50.92,20.35,7.07,0,0,1,1,0,0,0
2026-03-08 09:30:00,D06,S06,西向,城市次干路,2,25,46.22,17.26,7.79,0,0,1,0,0,0,0
2026-03-08 09:45:00,D06,S06,西向,城市次干路,2,29,49.06,20.97,7.34,0,0,1,0,0,0,0
2026-03-08 10:00:00,D06,S06,西向,城市次干路,2,26,59.67,17.39,6.03,0,0,1,0,0,0,0
2026-03-08 10:15:00,D06,S06,西向,城市次干路,2,17,48.09,13.73,7.49,0,0,1,0,0,0,0
2026-03-08 10:30:00,D06,S06,西向,城市次干路,2,21,48.04,14.39,7.49,0,0,1,0,0,0,0
2026-03-08 10:45:00,D06,S06,西向,城市次干路,2,16,45.0,14.82,8.0,0,0,1,0,0,0,0
2026-03-08 11:00:00,D06,S06,西向,城市次干路,2,6,57.63,7.61,6.25,0,0,1,0,0,0,0
2026-03-08 11:15:00,D06,S06,西向,城市次干路,2,10,50.7,7.56,7.1,0,0,1,0,0,0,0
2026-03-08 11:30:00,D06,S06,西向,城市次干路,2,12,47.38,15.38,7.6,0,0,1,0,0,0,0
2026-03-08 11:45:00,D06,S06,西向,城市次干路,2,14,44.8,11.75,8.04,0,0,1,0,0,0,0
2026-03-08 12:00:00,D06,S06,西向,城市次干路,2,17,50.64,13.66,7.11,0,0,1,0,0,0,0
2026-03-08 12:15:00,D06,S06,西向,城市次干路,2,7,51.41,12.12,7.0,0,0,1,0,0,0,0
2026-03-08 12:30:00,D06,S06,西向,城市次干路,2,18,50.99,10.25,7.06,0,0,1,0,0,0,0
2026-03-08 12:45:00,D06,S06,西向,城市次干路,2,14,51.22,14.36,7.03,0,0,1,0,0,0,0
2026-03-08 13:00:00,D06,S06,西向,城市次干路,2,8,53.18,4.04,6.77,0,0,1,0,0,0,0
2026-03-08 13:15:00,D06,S06,西向,城市次干路,2,3,50.25,8.35,7.16,0,0,1,0,0,0,0
2026-03-08 13:30:00,D06,S06,西向,城市次干路,2,15,45.18,15.18,7.97,0,0,1,0,0,0,0
2026-03-08 13:45:00,D06,S06,西向,城市次干路,2,16,42.32,10.84,8.51,0,0,1,0,0,0,0
2026-03-08 14:00:00,D06,S06,西向,城市次干路,2,6,51.41,7.74,7.0,0,0,1,0,0,0,0
2026-03-08 14:15:00,D06,S06,西向,城市次干路,2,13,50.59,11.75,7.12,0,0,1,0,0,0,0
2026-03-08 14:30:00,D06,S06,西向,城市次干路,2,28,44.78,17.93,8.04,0,0,1,0,0,0,0
2026-03-08 14:45:00,D06,S06,西向,城市次干路,2,12,49.61,8.78,7.26,0,0,1,0,0,0,0
2026-03-08 15:00:00,D06,S06,西向,城市次干路,2,32,45.55,17.29,7.9,0,0,1,0,0,0,0
2026-03-08 15:15:00,D06,S06,西向,城市次干路,2,27,50.49,16.06,7.13,0,0,1,0,0,0,0
2026-03-08 15:30:00,D06,S06,西向,城市次干路,2,18,52.25,15.0,6.89,0,0,1,0,0,0,0
2026-03-08 15:45:00,D06,S06,西向,城市次干路,2,20,40.81,15.12,8.82,0,0,1,0,0,0,0
2026-03-08 16:00:00,D06,S06,西向,城市次干路,2,18,45.83,9.0,7.85,0,0,1,0,0,0,0
2026-03-08 16:15:00,D06,S06,西向,城市次干路,2,27,39.41,18.59,9.14,0,0,1,0,0,1,0
2026-03-08 16:30:00,D06,S06,西向,城市次干路,2,30,45.05,14.2,7.99,0,0,1,1,0,0,0
2026-03-08 16:45:00,D06,S06,西向,城市次干路,2,36,45.78,17.85,7.86,0,0,1,1,0,0,0
2026-03-08 17:00:00,D06,S06,西向,城市次干路,2,42,43.31,20.74,8.31,0,0,1,1,0,0,0
2026-03-08 17:15:00,D06,S06,西向,城市次干路,2,45,42.46,26.35,8.48,0,0,1,1,0,0,0
2026-03-08 17:30:00,D06,S06,西向,城市次干路,2,28,45.73,12.47,7.87,0,0,1,1,0,0,0
2026-03-08 17:45:00,D06,S06,西向,城市次干路,2,38,46.04,20.13,7.82,0,0,1,1,0,0,0
2026-03-08 18:00:00,D06,S06,西向,城市次干路,2,28,46.14,20.59,7.8,0,0,1,1,0,0,0
2026-03-08 18:15:00,D06,S06,西向,城市次干路,2,33,53.92,16.09,6.68,0,0,1,1,0,0,0
2026-03-08 18:30:00,D06,S06,西向,城市次干路,2,32,51.08,21.81,7.05,0,0,1,1,0,0,0
2026-03-08 18:45:00,D06,S06,西向,城市次干路,2,32,47.14,17.39,7.64,0,0,1,1,0,0,0
2026-03-08 19:00:00,D06,S06,西向,城市次干路,2,21,51.39,16.82,7.01,0,0,1,1,0,0,0
2026-03-08 19:15:00,D06,S06,西向,城市次干路,2,17,47.79,15.52,7.53,0,0,1,1,0,0,0
2026-03-08 19:30:00,D06,S06,西向,城市次干路,2,17,55.36,11.6,6.5,0,0,1,0,0,0,0
2026-03-08 19:45:00,D06,S06,西向,城市次干路,2,22,45.74,12.14,7.87,0,0,1,0,0,0,0
2026-03-08 20:00:00,D06,S06,西向,城市次干路,2,20,45.92,14.23,7.84,0,0,1,0,0,0,0
2026-03-08 20:15:00,D06,S06,西向,城市次干路,2,8,47.29,11.83,7.61,0,0,1,0,0,0,0
2026-03-08 20:30:00,D06,S06,西向,城市次干路,2,5,53.49,7.46,6.73,0,0,1,0,0,0,0
2026-03-08 20:45:00,D06,S06,西向,城市次干路,2,17,46.94,13.02,7.67,0,0,1,0,0,0,0
2026-03-08 21:00:00,D06,S06,西向,城市次干路,2,3,55.43,6.55,6.5,0,0,1,0,0,0,0
2026-03-08 21:15:00,D06,S06,西向,城市次干路,2,10,54.08,9.89,6.66,0,0,1,0,0,0,0
2026-03-08 21:30:00,D06,S06,西向,城市次干路,2,17,46.99,13.58,7.66,0,0,1,0,0,0,0
2026-03-08 21:45:00,D06,S06,西向,城市次干路,2,16,44.75,11.11,8.04,0,0,1,0,0,0,0
2026-03-08 22:00:00,D06,S06,西向,城市次干路,2,23,48.77,12.73,7.38,0,0,1,0,0,0,0
2026-03-08 22:15:00,D06,S06,西向,城市次干路,2,3,60.0,4.45,6.0,0,0,1,0,0,0,0
2026-03-08 22:30:00,D06,S06,西向,城市次干路,2,8,55.91,9.34,6.44,0,0,1,0,0,0,0
2026-03-08 22:45:00,D06,S06,西向,城市次干路,2,17,48.21,14.59,7.47,0,0,1,0,0,0,0
2026-03-08 23:00:00,D06,S06,西向,城市次干路,2,11,40.08,15.83,8.98,0,0,1,0,0,0,0
2026-03-08 23:15:00,D06,S06,西向,城市次干路,2,3,45.86,7.94,7.85,0,0,1,0,0,0,0
2026-03-08 23:30:00,D06,S06,西向,城市次干路,2,16,52.56,16.66,6.85,0,0,1,0,0,0,0
2026-03-08 23:45:00,D06,S06,西向,城市次干路,2,6,53.33,9.03,6.75,0,0,1,0,0,0,0
2026-03-09 00:00:00,D06,S06,西向,城市次干路,2,24,45.37,18.81,7.94,0,0,0,0,0,0,0
2026-03-09 00:15:00,D06,S06,西向,城市次干路,2,20,45.12,15.7,7.98,0,0,0,0,0,0,0
2026-03-09 00:30:00,D06,S06,西向,城市次干路,2,11,53.11,9.1,6.78,0,0,0,0,0,0,0
2026-03-09 00:45:00,D06,S06,西向,城市次干路,2,23,51.4,15.69,7.0,0,0,0,0,0,0,0
2026-03-09 01:00:00,D06,S06,西向,城市次干路,2,13,44.48,11.01,8.09,0,0,0,0,0,0,0
2026-03-09 01:15:00,D06,S06,西向,城市次干路,2,21,48.61,14.83,7.41,0,0,0,0,0,0,0
2026-03-09 01:30:00,D06,S06,西向,城市次干路,2,21,50.76,16.9,7.09,0,0,0,0,0,0,0
2026-03-09 01:45:00,D06,S06,西向,城市次干路,2,25,44.92,16.64,8.01,0,0,0,0,0,0,0
2026-03-09 02:00:00,D06,S06,西向,城市次干路,2,24,46.36,18.69,7.77,0,0,0,0,0,0,0
2026-03-09 02:15:00,D06,S06,西向,城市次干路,2,23,43.89,16.3,8.2,0,0,0,0,0,0,0
2026-03-09 02:30:00,D06,S06,西向,城市次干路,2,16,52.66,12.97,6.84,0,0,0,0,0,0,0
2026-03-09 02:45:00,D06,S06,西向,城市次干路,2,20,54.37,13.97,6.62,0,0,0,0,0,0,0
2026-03-09 03:00:00,D06,S06,西向,城市次干路,2,21,45.64,9.01,7.89,0,0,0,0,0,0,0
2026-03-09 03:15:00,D06,S06,西向,城市次干路,2,16,41.19,14.35,8.74,0,0,0,0,0,0,0
2026-03-09 03:30:00,D06,S06,西向,城市次干路,2,16,49.38,12.25,7.29,0,0,0,0,0,0,0
2026-03-09 03:45:00,D06,S06,西向,城市次干路,2,14,37.72,13.15,9.54,0,0,0,0,0,1,0
2026-03-09 04:00:00,D06,S06,西向,城市次干路,2,16,45.85,13.7,7.85,0,0,0,0,0,0,0
2026-03-09 04:15:00,D06,S06,西向,城市次干路,2,18,49.6,18.26,7.26,0,0,0,0,0,0,0
2026-03-09 04:30:00,D06,S06,西向,城市次干路,2,18,53.51,13.74,6.73,0,0,0,0,0,0,0
2026-03-09 04:45:00,D06,S06,西向,城市次干路,2,18,46.41,9.18,7.76,0,0,0,0,0,0,0
2026-03-09 05:00:00,D06,S06,西向,城市次干路,2,19,51.55,10.16,6.98,0,0,0,0,0,0,0
2026-03-09 05:15:00,D06,S06,西向,城市次干路,2,22,49.23,13.68,7.31,0,0,0,0,0,0,0
2026-03-09 05:30:00,D06,S06,西向,城市次干路,2,13,49.06,11.67,7.34,0,0,0,0,0,0,0
2026-03-09 05:45:00,D06,S06,西向,城市次干路,2,21,48.46,13.26,7.43,0,0,0,0,0,0,0
2026-03-09 06:00:00,D06,S06,西向,城市次干路,2,15,45.65,13.92,7.89,1,0,0,0,0,0,0
2026-03-09 06:15:00,D06,S06,西向,城市次干路,2,21,41.57,17.6,8.66,1,0,0,0,0,0,0
2026-03-09 06:30:00,D06,S06,西向,城市次干路,2,13,44.93,11.14,8.01,1,0,0,0,0,0,0
2026-03-09 06:45:00,D06,S06,西向,城市次干路,2,27,41.68,20.75,8.64,1,0,0,0,0,0,0
2026-03-09 07:00:00,D06,S06,西向,城市次干路,2,28,40.19,17.97,8.96,1,0,0,1,0,0,0
2026-03-09 07:15:00,D06,S06,西向,城市次干路,2,32,39.75,22.24,9.06,1,0,0,1,0,1,0
2026-03-09 07:30:00,D06,S06,西向,城市次干路,2,35,30.24,34.85,11.91,1,0,0,1,0,1,1
2026-03-09 07:45:00,D06,S06,西向,城市次干路,2,35,37.29,26.78,9.65,1,0,0,1,0,1,0
2026-03-09 08:00:00,D06,S06,西向,城市次干路,2,30,37.2,23.97,9.68,1,0,0,1,0,1,0
2026-03-09 08:15:00,D06,S06,西向,城市次干路,2,48,29.65,38.86,12.14,1,0,0,1,0,1,1
2026-03-09 08:30:00,D06,S06,西向,城市次干路,2,52,33.01,32.76,10.91,1,0,0,1,0,1,1
2026-03-09 08:45:00,D06,S06,西向,城市次干路,2,48,31.22,38.93,11.53,1,0,0,1,1,1,1
2026-03-09 09:00:00,D06,S06,西向,城市次干路,2,48,40.71,32.66,8.84,1,0,0,1,0,0,1
2026-03-09 09:15:00,D06,S06,西向,城市次干路,2,39,33.56,29.18,10.73,1,0,0,1,0,1,1
2026-03-09 09:30:00,D06,S06,西向,城市次干路,2,43,28.54,40.49,12.62,1,0,0,0,0,1,1
2026-03-09 09:45:00,D06,S06,西向,城市次干路,2,34,39.12,22.34,9.2,1,0,0,0,0,1,0
2026-03-09 10:00:00,D06,S06,西向,城市次干路,2,31,36.6,25.08,9.84,1,0,0,0,0,1,0
2026-03-09 10:15:00,D06,S06,西向,城市次干路,2,25,39.65,19.77,9.08,1,0,0,0,0,1,0
2026-03-09 10:30:00,D06,S06,西向,城市次干路,2,28,41.9,18.1,8.59,1,0,0,0,0,0,0
2026-03-09 10:45:00,D06,S06,西向,城市次干路,2,11,32.33,19.63,11.14,1,0,0,0,0,1,1
2026-03-09 11:00:00,D06,S06,西向,城市次干路,2,25,44.2,16.65,8.14,1,0,0,0,0,0,0
2026-03-09 11:15:00,D06,S06,西向,城市次干路,2,20,48.01,13.18,7.5,1,0,0,0,0,0,0
2026-03-09 11:30:00,D06,S06,西向,城市次干路,2,10,47.38,12.24,7.6,1,0,0,0,0,0,0
2026-03-09 11:45:00,D06,S06,西向,城市次干路,2,17,42.1,13.76,8.55,1,0,0,0,0,0,0
2026-03-09 12:00:00,D06,S06,西向,城市次干路,2,12,44.71,13.9,8.05,1,0,0,0,0,0,0
2026-03-09 12:15:00,D06,S06,西向,城市次干路,2,12,50.88,8.97,7.08,0,0,0,0,0,0,0
2026-03-09 12:30:00,D06,S06,西向,城市次干路,2,11,50.46,9.58,7.13,0,0,0,0,0,0,0
2026-03-09 12:45:00,D06,S06,西向,城市次干路,2,9,47.09,9.33,7.64,0,0,0,0,0,0,0
2026-03-09 13:00:00,D06,S06,西向,城市次干路,2,26,52.56,14.76,6.85,0,0,0,0,0,0,0
2026-03-09 13:15:00,D06,S06,西向,城市次干路,2,23,44.39,14.74,8.11,0,0,0,0,0,0,0
2026-03-09 13:30:00,D06,S06,西向,城市次干路,2,16,48.87,11.13,7.37,0,0,0,0,0,0,0
2026-03-09 13:45:00,D06,S06,西向,城市次干路,2,20,58.1,15.53,6.2,0,0,0,0,0,0,0
2026-03-09 14:00:00,D06,S06,西向,城市次干路,2,27,47.27,16.16,7.62,0,0,0,0,0,0,0
2026-03-09 14:15:00,D06,S06,西向,城市次干路,2,17,43.37,13.9,8.3,0,0,0,0,0,0,0
2026-03-09 14:30:00,D06,S06,西向,城市次干路,2,22,49.82,16.86,7.23,0,0,0,0,0,0,0
2026-03-09 14:45:00,D06,S06,西向,城市次干路,2,24,47.04,18.13,7.65,0,0,0,0,0,0,0
2026-03-09 15:00:00,D06,S06,西向,城市次干路,2,17,46.05,15.15,7.82,0,0,0,0,0,0,0
2026-03-09 15:15:00,D06,S06,西向,城市次干路,2,27,41.62,18.56,8.65,0,0,0,0,0,0,0
2026-03-09 15:30:00,D06,S06,西向,城市次干路,2,20,52.9,11.83,6.81,0,0,0,0,0,0,0
2026-03-09 15:45:00,D06,S06,西向,城市次干路,2,24,48.59,13.61,7.41,0,0,0,0,0,0,0
2026-03-09 16:00:00,D06,S06,西向,城市次干路,2,30,44.58,18.23,8.08,1,0,0,0,0,0,0
2026-03-09 16:15:00,D06,S06,西向,城市次干路,2,41,35.44,32.16,10.16,1,0,0,0,0,1,1
2026-03-09 16:30:00,D06,S06,西向,城市次干路,2,49,37.52,30.6,9.6,1,0,0,1,0,1,1
2026-03-09 16:45:00,D06,S06,西向,城市次干路,2,50,29.14,39.12,12.35,1,0,0,1,0,1,1
2026-03-09 17:00:00,D06,S06,西向,城市次干路,2,59,30.93,45.57,11.64,1,0,0,1,0,1,1
2026-03-09 17:15:00,D06,S06,西向,城市次干路,2,57,22.7,46.19,15.86,1,0,0,1,0,1,1
2026-03-09 17:30:00,D06,S06,西向,城市次干路,2,54,30.89,35.58,11.66,1,0,0,1,0,1,1
2026-03-09 17:45:00,D06,S06,西向,城市次干路,2,46,26.8,38.77,13.43,1,0,0,1,0,1,1
2026-03-09 18:00:00,D06,S06,西向,城市次干路,2,48,30.96,40.25,11.63,1,0,0,1,0,1,1
2026-03-09 18:15:00,D06,S06,西向,城市次干路,2,46,30.9,34.75,11.65,1,0,0,1,0,1,1
2026-03-09 18:30:00,D06,S06,西向,城市次干路,2,31,40.0,20.04,9.0,1,0,0,1,0,0,0
2026-03-09 18:45:00,D06,S06,西向,城市次干路,2,32,41.38,17.6,8.7,1,0,0,1,0,0,0
2026-03-09 19:00:00,D06,S06,西向,城市次干路,2,15,46.54,19.42,7.74,1,0,0,1,0,0,0
2026-03-09 19:15:00,D06,S06,西向,城市次干路,2,38,43.84,20.07,8.21,1,0,0,1,0,0,0
2026-03-09 19:30:00,D06,S06,西向,城市次干路,2,17,45.32,9.86,7.94,1,0,0,0,0,0,0
2026-03-09 19:45:00,D06,S06,西向,城市次干路,2,9,40.56,13.57,8.88,1,0,0,0,0,0,0
2026-03-09 20:00:00,D06,S06,西向,城市次干路,2,19,44.71,11.98,8.05,1,0,0,0,0,0,0
2026-03-09 20:15:00,D06,S06,西向,城市次干路,2,19,42.06,12.93,8.56,1,0,0,0,0,0,0
2026-03-09 20:30:00,D06,S06,西向,城市次干路,2,16,36.73,20.45,9.8,1,0,0,0,0,1,0
2026-03-09 20:45:00,D06,S06,西向,城市次干路,2,22,39.51,21.06,9.11,1,0,0,0,0,1,0
2026-03-09 21:00:00,D06,S06,西向,城市次干路,2,16,48.03,14.18,7.49,1,0,0,0,0,0,0
2026-03-09 21:15:00,D06,S06,西向,城市次干路,2,12,52.96,11.06,6.8,0,0,0,0,0,0,0
2026-03-09 21:30:00,D06,S06,西向,城市次干路,2,18,40.26,14.68,8.94,0,0,0,0,0,0,0
2026-03-09 21:45:00,D06,S06,西向,城市次干路,2,17,54.74,15.87,6.58,0,0,0,0,0,0,0
2026-03-09 22:00:00,D06,S06,西向,城市次干路,2,15,41.61,15.61,8.65,0,0,0,0,0,0,0
2026-03-09 22:15:00,D06,S06,西向,城市次干路,2,23,50.83,16.2,7.08,0,0,0,0,0,0,0
2026-03-09 22:30:00,D06,S06,西向,城市次干路,2,12,49.36,11.92,7.29,0,0,0,0,0,0,0
2026-03-09 22:45:00,D06,S06,西向,城市次干路,2,3,47.37,7.06,7.6,0,0,0,0,0,0,0
2026-03-09 23:00:00,D06,S06,西向,城市次干路,2,6,50.51,8.33,7.13,0,0,0,0,0,0,0
2026-03-09 23:15:00,D06,S06,西向,城市次干路,2,21,49.87,16.72,7.22,0,0,0,0,0,0,0
2026-03-09 23:30:00,D06,S06,西向,城市次干路,2,18,47.26,13.72,7.62,0,0,0,0,0,0,0
2026-03-09 23:45:00,D06,S06,西向,城市次干路,2,17,53.94,9.56,6.67,0,0,0,0,0,0,0
2026-03-10 00:00:00,D06,S06,西向,城市次干路,2,6,52.31,7.54,6.88,0,0,0,0,0,0,0
2026-03-10 00:15:00,D06,S06,西向,城市次干路,2,16,42.5,16.09,8.47,0,0,0,0,0,0,0
2026-03-10 00:30:00,D06,S06,西向,城市次干路,2,17,52.31,13.21,6.88,0,0,0,0,0,0,0
2026-03-10 00:45:00,D06,S06,西向,城市次干路,2,14,50.6,8.89,7.12,0,0,0,0,0,0,0
2026-03-10 01:00:00,D06,S06,西向,城市次干路,2,21,51.61,12.15,6.98,0,0,0,0,0,0,0
2026-03-10 01:15:00,D06,S06,西向,城市次干路,2,17,50.65,13.26,7.11,0,0,0,0,0,0,0
2026-03-10 01:30:00,D06,S06,西向,城市次干路,2,10,45.31,11.25,7.95,0,0,0,0,0,0,0
2026-03-10 01:45:00,D06,S06,西向,城市次干路,2,17,47.16,12.71,7.63,0,0,0,0,0,0,0
2026-03-10 02:00:00,D06,S06,西向,城市次干路,2,25,41.64,18.29,8.65,0,0,0,0,0,0,0
2026-03-10 02:15:00,D06,S06,西向,城市次干路,2,16,48.25,12.22,7.46,0,0,0,0,0,0,0
2026-03-10 02:30:00,D06,S06,西向,城市次干路,2,16,53.58,10.16,6.72,0,0,0,0,0,0,0
2026-03-10 02:45:00,D06,S06,西向,城市次干路,2,14,54.87,11.82,6.56,0,0,0,0,0,0,0
2026-03-10 03:00:00,D06,S06,西向,城市次干路,2,25,45.93,13.45,7.84,0,0,0,0,0,0,0
2026-03-10 03:15:00,D06,S06,西向,城市次干路,2,26,46.5,18.02,7.74,0,0,0,0,0,0,0
2026-03-10 03:30:00,D06,S06,西向,城市次干路,2,18,45.85,15.44,7.85,0,0,0,0,0,0,0
2026-03-10 03:45:00,D06,S06,西向,城市次干路,2,16,44.09,12.24,8.16,0,0,0,0,0,0,0
2026-03-10 04:00:00,D06,S06,西向,城市次干路,2,25,50.89,17.49,7.07,0,0,0,0,0,0,0
2026-03-10 04:15:00,D06,S06,西向,城市次干路,2,3,47.97,7.13,7.51,0,0,0,0,0,0,0
2026-03-10 04:30:00,D06,S06,西向,城市次干路,2,16,55.66,14.47,6.47,0,0,0,0,0,0,0
2026-03-10 04:45:00,D06,S06,西向,城市次干路,2,28,46.47,17.24,7.75,0,0,0,0,0,0,0
2026-03-10 05:00:00,D06,S06,西向,城市次干路,2,15,48.12,7.76,7.48,0,0,0,0,0,0,0
2026-03-10 05:15:00,D06,S06,西向,城市次干路,2,13,54.13,7.07,6.65,0,0,0,0,0,0,0
2026-03-10 05:30:00,D06,S06,西向,城市次干路,2,10,49.87,8.49,7.22,0,0,0,0,0,0,0
2026-03-10 05:45:00,D06,S06,西向,城市次干路,2,17,45.29,16.34,7.95,0,0,0,0,0,0,0
2026-03-10 06:00:00,D06,S06,西向,城市次干路,2,22,42.47,17.47,8.48,0,0,0,0,0,0,0
2026-03-10 06:15:00,D06,S06,西向,城市次干路,2,17,49.93,15.92,7.21,0,0,0,0,0,0,0
2026-03-10 06:30:00,D06,S06,西向,城市次干路,2,10,41.16,13.9,8.75,0,0,0,0,0,0,0
2026-03-10 06:45:00,D06,S06,西向,城市次干路,2,18,48.04,14.23,7.49,0,0,0,0,0,0,0
2026-03-10 07:00:00,D06,S06,西向,城市次干路,2,25,48.42,14.75,7.43,0,0,0,1,0,0,0
2026-03-10 07:15:00,D06,S06,西向,城市次干路,2,31,45.32,17.39,7.94,0,0,0,1,0,0,0
2026-03-10 07:30:00,D06,S06,西向,城市次干路,2,36,37.35,22.51,9.64,0,0,0,1,0,1,0
2026-03-10 07:45:00,D06,S06,西向,城市次干路,2,39,46.45,24.5,7.75,0,0,0,1,0,0,0
2026-03-10 08:00:00,D06,S06,西向,城市次干路,2,35,39.73,22.58,9.06,0,0,0,1,0,1,0
2026-03-10 08:15:00,D06,S06,西向,城市次干路,2,46,39.77,25.8,9.05,0,0,0,1,0,1,0
2026-03-10 08:30:00,D06,S06,西向,城市次干路,2,47,41.16,29.68,8.75,0,0,0,1,0,0,0
2026-03-10 08:45:00,D06,S06,西向,城市次干路,2,47,43.86,26.27,8.21,0,0,0,1,0,0,0
2026-03-10 09:00:00,D06,S06,西向,城市次干路,2,44,40.27,28.86,8.94,0,0,0,1,0,0,0
2026-03-10 09:15:00,D06,S06,西向,城市次干路,2,42,50.24,26.87,7.17,0,0,0,1,0,0,0
2026-03-10 09:30:00,D06,S06,西向,城市次干路,2,46,35.27,30.88,10.21,0,0,0,0,0,1,1
2026-03-10 09:45:00,D06,S06,西向,城市次干路,2,32,55.86,17.79,6.45,0,0,0,0,0,0,0
2026-03-10 10:00:00,D06,S06,西向,城市次干路,2,32,44.86,16.85,8.03,0,0,0,0,0,0,0
2026-03-10 10:15:00,D06,S06,西向,城市次干路,2,30,50.04,16.66,7.19,0,0,0,0,0,0,0
2026-03-10 10:30:00,D06,S06,西向,城市次干路,2,20,46.97,14.88,7.66,0,0,0,0,0,0,0
2026-03-10 10:45:00,D06,S06,西向,城市次干路,2,14,53.38,12.57,6.74,0,0,0,0,0,0,0
2026-03-10 11:00:00,D06,S06,西向,城市次干路,2,15,49.45,16.52,7.28,0,0,0,0,0,0,0
2026-03-10 11:15:00,D06,S06,西向,城市次干路,2,3,53.65,10.58,6.71,0,0,0,0,0,0,0
2026-03-10 11:30:00,D06,S06,西向,城市次干路,2,18,49.7,16.08,7.24,0,0,0,0,0,0,0
2026-03-10 11:45:00,D06,S06,西向,城市次干路,2,11,50.15,11.77,7.18,0,0,0,0,0,0,0
2026-03-10 12:00:00,D06,S06,西向,城市次干路,2,19,48.11,14.28,7.48,0,0,0,0,0,0,0
2026-03-10 12:15:00,D06,S06,西向,城市次干路,2,24,49.39,14.06,7.29,0,0,0,0,0,0,0
2026-03-10 12:30:00,D06,S06,西向,城市次干路,2,15,43.96,15.38,8.19,0,0,0,0,0,0,0
2026-03-10 12:45:00,D06,S06,西向,城市次干路,2,18,48.2,13.19,7.47,0,0,0,0,0,0,0
2026-03-10 13:00:00,D06,S06,西向,城市次干路,2,15,44.17,11.05,8.15,0,0,0,0,0,0,0
2026-03-10 13:15:00,D06,S06,西向,城市次干路,2,14,50.19,9.72,7.17,0,0,0,0,0,0,0
2026-03-10 13:30:00,D06,S06,西向,城市次干路,2,23,48.95,15.63,7.35,0,0,0,0,0,0,0
2026-03-10 13:45:00,D06,S06,西向,城市次干路,2,3,54.83,8.06,6.57,0,0,0,0,0,0,0
2026-03-10 14:00:00,D06,S06,西向,城市次干路,2,16,55.44,12.63,6.49,0,0,0,0,0,0,0
2026-03-10 14:15:00,D06,S06,西向,城市次干路,2,16,50.73,13.59,7.1,0,0,0,0,0,0,0
2026-03-10 14:30:00,D06,S06,西向,城市次干路,2,24,40.54,20.45,8.88,0,0,0,0,0,0,0
2026-03-10 14:45:00,D06,S06,西向,城市次干路,2,9,57.27,6.6,6.29,0,0,0,0,0,0,0
2026-03-10 15:00:00,D06,S06,西向,城市次干路,2,34,44.11,20.34,8.16,0,0,0,0,0,0,0
2026-03-10 15:15:00,D06,S06,西向,城市次干路,2,27,55.77,17.65,6.45,0,0,0,0,0,0,0
2026-03-10 15:30:00,D06,S06,西向,城市次干路,2,29,42.17,18.98,8.54,0,0,0,0,0,0,0
2026-03-10 15:45:00,D06,S06,西向,城市次干路,2,38,51.45,23.35,7.0,0,0,0,0,0,0,0
2026-03-10 16:00:00,D06,S06,西向,城市次干路,2,48,40.96,24.49,8.79,0,0,0,0,0,0,0
2026-03-10 16:15:00,D06,S06,西向,城市次干路,2,45,39.75,28.72,9.06,0,0,0,0,0,1,0
2026-03-10 16:30:00,D06,S06,西向,城市次干路,2,46,46.35,26.28,7.77,0,0,0,1,0,0,0
2026-03-10 16:45:00,D06,S06,西向,城市次干路,2,42,44.87,23.19,8.02,0,0,0,1,0,0,0
2026-03-10 17:00:00,D06,S06,西向,城市次干路,2,59,31.2,37.19,11.54,0,0,0,1,0,1,1
2026-03-10 17:15:00,D06,S06,西向,城市次干路,2,43,40.68,27.05,8.85,0,0,0,1,0,0,0
2026-03-10 17:30:00,D06,S06,西向,城市次干路,2,45,43.34,25.76,8.31,0,0,0,1,0,0,0
2026-03-10 17:45:00,D06,S06,西向,城市次干路,2,39,39.72,23.53,9.06,0,0,0,1,0,1,0
2026-03-10 18:00:00,D06,S06,西向,城市次干路,2,32,40.3,20.51,8.93,0,0,0,1,0,0,0
2026-03-10 18:15:00,D06,S06,西向,城市次干路,2,44,46.26,18.69,7.78,0,0,0,1,0,0,0
2026-03-10 18:30:00,D06,S06,西向,城市次干路,2,36,40.64,22.16,8.86,0,0,0,1,0,0,0
2026-03-10 18:45:00,D06,S06,西向,城市次干路,2,26,45.89,17.6,7.84,0,0,0,1,0,0,0
2026-03-10 19:00:00,D06,S06,西向,城市次干路,2,22,39.92,19.5,9.02,0,0,0,1,0,1,0
2026-03-10 19:15:00,D06,S06,西向,城市次干路,2,23,50.61,12.82,7.11,0,0,0,1,0,0,0
2026-03-10 19:30:00,D06,S06,西向,城市次干路,2,22,47.68,12.3,7.55,0,0,0,0,0,0,0
2026-03-10 19:45:00,D06,S06,西向,城市次干路,2,21,52.74,17.21,6.83,0,0,0,0,0,0,0
2026-03-10 20:00:00,D06,S06,西向,城市次干路,2,15,46.17,14.79,7.8,0,0,0,0,0,0,0
2026-03-10 20:15:00,D06,S06,西向,城市次干路,2,23,39.23,19.44,9.18,0,0,0,0,0,1,0
2026-03-10 20:30:00,D06,S06,西向,城市次干路,2,13,51.59,11.75,6.98,0,0,0,0,0,0,0
2026-03-10 20:45:00,D06,S06,西向,城市次干路,2,15,50.79,13.16,7.09,0,0,0,0,0,0,0
2026-03-10 21:00:00,D06,S06,西向,城市次干路,2,7,51.22,12.01,7.03,0,0,0,0,0,0,0
2026-03-10 21:15:00,D06,S06,西向,城市次干路,2,19,51.25,12.02,7.02,0,0,0,0,0,0,0
2026-03-10 21:30:00,D06,S06,西向,城市次干路,2,6,58.21,5.25,6.18,0,0,0,0,0,0,0
2026-03-10 21:45:00,D06,S06,西向,城市次干路,2,17,46.1,13.48,7.81,0,0,0,0,0,0,0
2026-03-10 22:00:00,D06,S06,西向,城市次干路,2,17,51.7,9.83,6.96,0,0,0,0,0,0,0
2026-03-10 22:15:00,D06,S06,西向,城市次干路,2,19,57.79,18.32,6.23,0,0,0,0,0,0,0
2026-03-10 22:30:00,D06,S06,西向,城市次干路,2,18,49.02,11.61,7.34,0,0,0,0,0,0,0
2026-03-10 22:45:00,D06,S06,西向,城市次干路,2,18,54.57,17.23,6.6,0,0,0,0,0,0,0
2026-03-10 23:00:00,D06,S06,西向,城市次干路,2,16,43.5,15.81,8.28,0,0,0,0,0,0,0
2026-03-10 23:15:00,D06,S06,西向,城市次干路,2,23,51.91,12.59,6.93,0,0,0,0,0,0,0
2026-03-10 23:30:00,D06,S06,西向,城市次干路,2,19,53.23,13.65,6.76,0,0,0,0,0,0,0
2026-03-10 23:45:00,D06,S06,西向,城市次干路,2,6,54.0,10.49,6.67,0,0,0,0,0,0,0
2026-03-11 00:00:00,D06,S06,西向,城市次干路,2,19,50.56,14.49,7.12,0,0,0,0,0,0,0
2026-03-11 00:15:00,D06,S06,西向,城市次干路,2,13,53.2,12.22,6.77,0,0,0,0,0,0,0
2026-03-11 00:30:00,D06,S06,西向,城市次干路,2,20,44.74,14.28,8.05,0,0,0,0,0,0,0
2026-03-11 00:45:00,D06,S06,西向,城市次干路,2,15,37.83,17.27,9.52,0,0,0,0,0,1,0
2026-03-11 01:00:00,D06,S06,西向,城市次干路,2,17,44.37,13.25,8.11,0,0,0,0,0,0,0
2026-03-11 01:15:00,D06,S06,西向,城市次干路,2,12,47.91,9.95,7.51,0,0,0,0,0,0,0
2026-03-11 01:30:00,D06,S06,西向,城市次干路,2,19,50.59,14.31,7.12,0,0,0,0,0,0,0
2026-03-11 01:45:00,D06,S06,西向,城市次干路,2,19,45.91,10.26,7.84,0,0,0,0,0,0,0
2026-03-11 02:00:00,D06,S06,西向,城市次干路,2,18,49.49,11.48,7.27,0,0,0,0,0,0,0
2026-03-11 02:15:00,D06,S06,西向,城市次干路,2,15,46.36,13.68,7.77,0,0,0,0,0,0,0
2026-03-11 02:30:00,D06,S06,西向,城市次干路,2,25,51.48,19.49,6.99,0,0,0,0,0,0,0
2026-03-11 02:45:00,D06,S06,西向,城市次干路,2,11,48.19,11.61,7.47,0,0,0,0,0,0,0
2026-03-11 03:00:00,D06,S06,西向,城市次干路,2,9,45.29,8.35,7.95,0,0,0,0,0,0,0
2026-03-11 03:15:00,D06,S06,西向,城市次干路,2,17,40.82,17.46,8.82,0,0,0,0,0,0,0
2026-03-11 03:30:00,D06,S06,西向,城市次干路,2,18,47.84,11.2,7.52,0,0,0,0,0,0,0
2026-03-11 03:45:00,D06,S06,西向,城市次干路,2,20,48.6,12.74,7.41,0,0,0,0,0,0,0
2026-03-11 04:00:00,D06,S06,西向,城市次干路,2,14,42.25,19.97,8.52,0,0,0,0,0,0,0
2026-03-11 04:15:00,D06,S06,西向,城市次干路,2,10,52.71,8.53,6.83,0,0,0,0,0,0,0
2026-03-11 04:30:00,D06,S06,西向,城市次干路,2,4,53.47,10.61,6.73,0,0,0,0,0,0,0
2026-03-11 04:45:00,D06,S06,西向,城市次干路,2,6,49.63,5.09,7.25,0,0,0,0,0,0,0
2026-03-11 05:00:00,D06,S06,西向,城市次干路,2,24,45.47,17.33,7.92,0,0,0,0,0,0,0
2026-03-11 05:15:00,D06,S06,西向,城市次干路,2,12,49.36,10.24,7.29,0,0,0,0,0,0,0
2026-03-11 05:30:00,D06,S06,西向,城市次干路,2,10,52.69,9.72,6.83,0,0,0,0,0,0,0
2026-03-11 05:45:00,D06,S06,西向,城市次干路,2,19,52.67,17.95,6.84,0,0,0,0,0,0,0
2026-03-11 06:00:00,D06,S06,西向,城市次干路,2,17,42.72,16.8,8.43,0,0,0,0,0,0,0
2026-03-11 06:15:00,D06,S06,西向,城市次干路,2,15,47.29,8.5,7.61,0,0,0,0,0,0,0
2026-03-11 06:30:00,D06,S06,西向,城市次干路,2,27,48.57,12.6,7.41,0,0,0,0,0,0,0
2026-03-11 06:45:00,D06,S06,西向,城市次干路,2,31,46.68,15.55,7.71,0,0,0,0,0,0,0
2026-03-11 07:00:00,D06,S06,西向,城市次干路,2,21,41.92,18.42,8.59,0,0,0,1,0,0,0
2026-03-11 07:15:00,D06,S06,西向,城市次干路,2,27,51.19,15.17,7.03,0,0,0,1,0,0,0
2026-03-11 07:30:00,D06,S06,西向,城市次干路,2,27,47.31,21.45,7.61,0,0,0,1,0,0,0
2026-03-11 07:45:00,D06,S06,西向,城市次干路,2,35,35.8,26.46,10.05,0,0,0,1,0,1,0
2026-03-11 08:00:00,D06,S06,西向,城市次干路,2,32,37.27,23.27,9.66,0,0,0,1,0,1,0
2026-03-11 08:15:00,D06,S06,西向,城市次干路,2,33,48.09,18.91,7.49,0,0,0,1,0,0,0
2026-03-11 08:30:00,D06,S06,西向,城市次干路,2,49,30.21,33.89,11.92,0,0,0,1,0,1,1
2026-03-11 08:45:00,D06,S06,西向,城市次干路,2,57,32.42,38.63,11.1,0,0,0,1,0,1,1
2026-03-11 09:00:00,D06,S06,西向,城市次干路,2,40,43.4,25.82,8.29,0,0,0,1,0,0,0
2026-03-11 09:15:00,D06,S06,西向,城市次干路,2,37,45.8,22.95,7.86,0,0,0,1,0,0,0
2026-03-11 09:30:00,D06,S06,西向,城市次干路,2,33,45.32,18.34,7.94,0,0,0,0,0,0,0
2026-03-11 09:45:00,D06,S06,西向,城市次干路,2,39,43.8,27.42,8.22,0,0,0,0,0,0,0
2026-03-11 10:00:00,D06,S06,西向,城市次干路,2,21,42.39,17.37,8.49,0,0,0,0,0,0,0
2026-03-11 10:15:00,D06,S06,西向,城市次干路,2,38,46.76,22.14,7.7,0,0,0,0,0,0,0
2026-03-11 10:30:00,D06,S06,西向,城市次干路,2,26,44.45,21.35,8.1,0,0,0,0,0,0,0
2026-03-11 10:45:00,D06,S06,西向,城市次干路,2,23,52.62,14.77,6.84,0,0,0,0,0,0,0
2026-03-11 11:00:00,D06,S06,西向,城市次干路,2,23,53.92,13.98,6.68,0,0,0,0,0,0,0
2026-03-11 11:15:00,D06,S06,西向,城市次干路,2,20,50.7,14.04,7.1,0,0,0,0,0,0,0
2026-03-11 11:30:00,D06,S06,西向,城市次干路,2,20,42.65,11.73,8.44,0,0,0,0,0,0,0
2026-03-11 11:45:00,D06,S06,西向,城市次干路,2,14,45.56,8.87,7.9,0,0,0,0,0,0,0
2026-03-11 12:00:00,D06,S06,西向,城市次干路,2,3,50.76,6.75,7.09,0,0,0,0,0,0,0
2026-03-11 12:15:00,D06,S06,西向,城市次干路,2,11,43.19,13.82,8.33,0,0,0,0,0,0,0
2026-03-11 12:30:00,D06,S06,西向,城市次干路,2,15,54.23,7.61,6.64,0,0,0,0,0,0,0
2026-03-11 12:45:00,D06,S06,西向,城市次干路,2,22,52.54,16.42,6.85,0,0,0,0,0,0,0
2026-03-11 13:00:00,D06,S06,西向,城市次干路,2,8,46.18,10.79,7.8,0,0,0,0,0,0,0
2026-03-11 13:15:00,D06,S06,西向,城市次干路,2,19,47.4,17.33,7.6,0,0,0,0,0,0,0
2026-03-11 13:30:00,D06,S06,西向,城市次干路,2,20,44.65,14.24,8.06,0,0,0,0,0,0,0
2026-03-11 13:45:00,D06,S06,西向,城市次干路,2,16,46.49,9.93,7.74,0,0,0,0,0,0,0
2026-03-11 14:00:00,D06,S06,西向,城市次干路,2,17,45.83,11.4,7.85,0,0,0,0,0,0,0
2026-03-11 14:15:00,D06,S06,西向,城市次干路,2,15,55.71,16.58,6.46,0,0,0,0,0,0,0
2026-03-11 14:30:00,D06,S06,西向,城市次干路,2,26,45.02,16.7,8.0,0,0,0,0,0,0,0
2026-03-11 14:45:00,D06,S06,西向,城市次干路,2,22,52.04,11.6,6.92,0,0,0,0,0,0,0
2026-03-11 15:00:00,D06,S06,西向,城市次干路,2,19,48.44,17.8,7.43,0,0,0,0,0,0,0
2026-03-11 15:15:00,D06,S06,西向,城市次干路,2,22,46.26,11.89,7.78,0,0,0,0,0,0,0
2026-03-11 15:30:00,D06,S06,西向,城市次干路,2,43,40.6,28.62,8.87,0,0,0,0,0,0,0
2026-03-11 15:45:00,D06,S06,西向,城市次干路,2,31,45.6,18.68,7.89,0,0,0,0,0,0,0
2026-03-11 16:00:00,D06,S06,西向,城市次干路,2,27,43.57,18.6,8.26,0,0,0,0,0,0,0
2026-03-11 16:15:00,D06,S06,西向,城市次干路,2,44,39.3,28.18,9.16,0,0,0,0,0,1,0
2026-03-11 16:30:00,D06,S06,西向,城市次干路,2,55,37.0,34.53,9.73,0,0,0,1,0,1,1
2026-03-11 16:45:00,D06,S06,西向,城市次干路,2,47,44.75,26.49,8.04,0,0,0,1,0,0,0
2026-03-11 17:00:00,D06,S06,西向,城市次干路,2,54,35.84,33.68,10.04,0,0,0,1,0,1,1
2026-03-11 17:15:00,D06,S06,西向,城市次干路,2,54,42.2,28.72,8.53,0,0,0,1,0,0,0
2026-03-11 17:30:00,D06,S06,西向,城市次干路,2,37,38.31,23.53,9.4,0,0,0,1,0,1,0
2026-03-11 17:45:00,D06,S06,西向,城市次干路,2,49,38.8,26.78,9.28,0,0,0,1,0,1,0
2026-03-11 18:00:00,D06,S06,西向,城市次干路,2,47,41.41,28.02,8.69,0,0,0,1,0,0,0
2026-03-11 18:15:00,D06,S06,西向,城市次干路,2,37,41.11,25.13,8.76,0,0,0,1,0,0,0
2026-03-11 18:30:00,D06,S06,西向,城市次干路,2,38,47.09,25.55,7.64,0,0,0,1,0,0,0
2026-03-11 18:45:00,D06,S06,西向,城市次干路,2,27,44.5,15.38,8.09,0,0,0,1,0,0,0
2026-03-11 19:00:00,D06,S06,西向,城市次干路,2,27,44.57,18.93,8.08,0,0,0,1,0,0,0
2026-03-11 19:15:00,D06,S06,西向,城市次干路,2,30,40.22,21.0,8.95,0,0,0,1,0,0,0
2026-03-11 19:30:00,D06,S06,西向,城市次干路,2,19,42.43,17.59,8.48,0,0,0,0,0,0,0
2026-03-11 19:45:00,D06,S06,西向,城市次干路,2,16,49.38,14.82,7.29,0,0,0,0,0,0,0
2026-03-11 20:00:00,D06,S06,西向,城市次干路,2,9,56.58,9.18,6.36,0,0,0,0,0,0,0
2026-03-11 20:15:00,D06,S06,西向,城市次干路,2,19,51.52,15.88,6.99,0,0,0,0,0,0,0
2026-03-11 20:30:00,D06,S06,西向,城市次干路,2,27,47.42,14.22,7.59,0,0,0,0,0,0,0
2026-03-11 20:45:00,D06,S06,西向,城市次干路,2,22,48.06,15.92,7.49,0,0,0,0,0,0,0
2026-03-11 21:00:00,D06,S06,西向,城市次干路,2,23,45.52,17.85,7.91,0,0,0,0,0,0,0
2026-03-11 21:15:00,D06,S06,西向,城市次干路,2,27,47.78,17.24,7.53,0,0,0,0,0,0,0
2026-03-11 21:30:00,D06,S06,西向,城市次干路,2,19,43.38,14.05,8.3,0,0,0,0,0,0,0
2026-03-11 21:45:00,D06,S06,西向,城市次干路,2,13,45.3,9.02,7.95,0,0,0,0,0,0,0
2026-03-11 22:00:00,D06,S06,西向,城市次干路,2,17,46.54,11.22,7.74,0,0,0,0,0,0,0
2026-03-11 22:15:00,D06,S06,西向,城市次干路,2,23,45.65,20.48,7.89,0,0,0,0,0,0,0
2026-03-11 22:30:00,D06,S06,西向,城市次干路,2,18,50.53,8.76,7.12,0,0,0,0,0,0,0
2026-03-11 22:45:00,D06,S06,西向,城市次干路,2,3,55.59,8.31,6.48,0,0,0,0,0,0,0
2026-03-11 23:00:00,D06,S06,西向,城市次干路,2,9,50.24,9.43,7.17,0,0,0,0,0,0,0
2026-03-11 23:15:00,D06,S06,西向,城市次干路,2,29,50.18,19.27,7.17,0,0,0,0,0,0,0
2026-03-11 23:30:00,D06,S06,西向,城市次干路,2,23,47.28,15.54,7.61,0,0,0,0,0,0,0
2026-03-11 23:45:00,D06,S06,西向,城市次干路,2,17,49.96,10.08,7.21,0,0,0,0,0,0,0
2026-03-12 00:00:00,D06,S06,西向,城市次干路,2,14,52.54,10.25,6.85,0,0,0,0,0,0,0
2026-03-12 00:15:00,D06,S06,西向,城市次干路,2,3,57.89,3.95,6.22,0,0,0,0,0,0,0
2026-03-12 00:30:00,D06,S06,西向,城市次干路,2,15,50.36,11.42,7.15,0,0,0,0,0,0,0
2026-03-12 00:45:00,D06,S06,西向,城市次干路,2,15,46.69,12.05,7.71,0,0,0,0,0,0,0
2026-03-12 01:00:00,D06,S06,西向,城市次干路,2,24,39.49,20.93,9.12,0,0,0,0,0,1,0
2026-03-12 01:15:00,D06,S06,西向,城市次干路,2,19,42.32,19.34,8.51,0,0,0,0,0,0,0
2026-03-12 01:30:00,D06,S06,西向,城市次干路,2,14,50.1,16.29,7.19,0,0,0,0,0,0,0
2026-03-12 01:45:00,D06,S06,西向,城市次干路,2,15,48.99,9.5,7.35,0,0,0,0,0,0,0
2026-03-12 02:00:00,D06,S06,西向,城市次干路,2,8,52.59,7.75,6.85,0,0,0,0,0,0,0
2026-03-12 02:15:00,D06,S06,西向,城市次干路,2,6,57.41,9.53,6.27,0,0,0,0,0,0,0
2026-03-12 02:30:00,D06,S06,西向,城市次干路,2,11,48.4,9.4,7.44,0,0,0,0,0,0,0
2026-03-12 02:45:00,D06,S06,西向,城市次干路,2,25,49.83,16.47,7.22,0,0,0,0,0,0,0
2026-03-12 03:00:00,D06,S06,西向,城市次干路,2,6,52.55,10.09,6.85,0,0,0,0,0,0,0
2026-03-12 03:15:00,D06,S06,西向,城市次干路,2,14,50.37,12.11,7.15,0,0,0,0,0,0,0
2026-03-12 03:30:00,D06,S06,西向,城市次干路,2,23,44.16,17.41,8.15,0,0,0,0,0,0,0
2026-03-12 03:45:00,D06,S06,西向,城市次干路,2,16,46.29,14.36,7.78,0,0,0,0,0,0,0
2026-03-12 04:00:00,D06,S06,西向,城市次干路,2,11,48.45,9.52,7.43,0,0,0,0,0,0,0
2026-03-12 04:15:00,D06,S06,西向,城市次干路,2,12,49.24,9.84,7.31,0,0,0,0,0,0,0
2026-03-12 04:30:00,D06,S06,西向,城市次干路,2,11,43.34,11.04,8.31,0,0,0,0,0,0,0
2026-03-12 04:45:00,D06,S06,西向,城市次干路,2,16,42.84,11.19,8.4,0,0,0,0,0,0,0
2026-03-12 05:00:00,D06,S06,西向,城市次干路,2,22,45.54,17.42,7.91,0,0,0,0,0,0,0
2026-03-12 05:15:00,D06,S06,西向,城市次干路,2,15,45.89,13.26,7.84,0,0,0,0,0,0,0
2026-03-12 05:30:00,D06,S06,西向,城市次干路,2,29,38.18,24.76,9.43,0,0,0,0,0,1,0
2026-03-12 05:45:00,D06,S06,西向,城市次干路,2,19,44.69,11.96,8.05,0,0,0,0,0,0,0
2026-03-12 06:00:00,D06,S06,西向,城市次干路,2,25,47.81,14.79,7.53,0,0,0,0,0,0,0
2026-03-12 06:15:00,D06,S06,西向,城市次干路,2,12,50.05,10.53,7.19,0,0,0,0,0,0,0
2026-03-12 06:30:00,D06,S06,西向,城市次干路,2,9,51.33,9.0,7.01,0,0,0,0,0,0,0
2026-03-12 06:45:00,D06,S06,西向,城市次干路,2,21,48.79,20.16,7.38,0,0,0,0,0,0,0
2026-03-12 07:00:00,D06,S06,西向,城市次干路,2,10,54.39,8.54,6.62,0,0,0,1,0,0,0
2026-03-12 07:15:00,D06,S06,西向,城市次干路,2,31,42.71,21.46,8.43,0,0,0,1,0,0,0
2026-03-12 07:30:00,D06,S06,西向,城市次干路,2,35,39.75,27.7,9.06,0,0,0,1,0,1,0
2026-03-12 07:45:00,D06,S06,西向,城市次干路,2,32,44.1,25.54,8.16,0,0,0,1,0,0,0
2026-03-12 08:00:00,D06,S06,西向,城市次干路,2,48,38.12,28.52,9.44,0,0,0,1,0,1,0
2026-03-12 08:15:00,D06,S06,西向,城市次干路,2,47,41.61,31.14,8.65,0,0,0,1,0,0,1
2026-03-12 08:30:00,D06,S06,西向,城市次干路,2,42,42.62,25.81,8.45,0,0,0,1,0,0,0
2026-03-12 08:45:00,D06,S06,西向,城市次干路,2,58,28.28,45.62,12.73,0,0,0,1,0,1,1
2026-03-12 09:00:00,D06,S06,西向,城市次干路,2,51,38.05,31.24,9.46,0,0,0,1,0,1,1
2026-03-12 09:15:00,D06,S06,西向,城市次干路,2,50,37.37,28.2,9.63,0,0,0,1,0,1,0
2026-03-12 09:30:00,D06,S06,西向,城市次干路,2,38,42.52,25.15,8.47,0,0,0,0,0,0,0
2026-03-12 09:45:00,D06,S06,西向,城市次干路,2,45,48.0,23.68,7.5,0,0,0,0,0,0,0
2026-03-12 10:00:00,D06,S06,西向,城市次干路,2,46,41.07,30.97,8.77,0,0,0,0,0,0,1
2026-03-12 10:15:00,D06,S06,西向,城市次干路,2,21,48.84,13.61,7.37,0,0,0,0,0,0,0
2026-03-12 10:30:00,D06,S06,西向,城市次干路,2,28,53.52,16.17,6.73,0,0,0,0,0,0,0
2026-03-12 10:45:00,D06,S06,西向,城市次干路,2,33,38.23,24.47,9.42,0,0,0,0,0,1,0
2026-03-12 11:00:00,D06,S06,西向,城市次干路,2,29,47.06,16.65,7.65,0,0,0,0,0,0,0
2026-03-12 11:15:00,D06,S06,西向,城市次干路,2,7,51.48,11.22,6.99,0,0,0,0,0,0,0
2026-03-12 11:30:00,D06,S06,西向,城市次干路,2,21,40.38,18.61,8.91,0,0,0,0,0,0,0
2026-03-12 11:45:00,D06,S06,西向,城市次干路,2,27,40.1,18.45,8.98,0,0,0,0,0,0,0
2026-03-12 12:00:00,D06,S06,西向,城市次干路,2,17,49.04,16.82,7.34,0,0,0,0,0,0,0
2026-03-12 12:15:00,D06,S06,西向,城市次干路,2,23,52.05,19.64,6.92,0,0,0,0,0,0,0
2026-03-12 12:30:00,D06,S06,西向,城市次干路,2,11,49.14,11.04,7.33,0,0,0,0,0,0,0
2026-03-12 12:45:00,D06,S06,西向,城市次干路,2,11,48.3,6.31,7.45,0,0,0,0,0,0,0
2026-03-12 13:00:00,D06,S06,西向,城市次干路,2,5,49.54,7.22,7.27,0,0,0,0,0,0,0
2026-03-12 13:15:00,D06,S06,西向,城市次干路,2,20,47.23,17.69,7.62,0,0,0,0,0,0,0
2026-03-12 13:30:00,D06,S06,西向,城市次干路,2,19,46.46,13.42,7.75,0,0,0,0,0,0,0
2026-03-12 13:45:00,D06,S06,西向,城市次干路,2,17,53.65,12.47,6.71,0,0,0,0,0,0,0
2026-03-12 14:00:00,D06,S06,西向,城市次干路,2,19,40.24,12.44,8.95,0,0,0,0,0,0,0
2026-03-12 14:15:00,D06,S06,西向,城市次干路,2,18,48.42,14.51,7.43,0,0,0,0,0,0,0
2026-03-12 14:30:00,D06,S06,西向,城市次干路,2,23,48.14,12.76,7.48,0,0,0,0,0,0,0
2026-03-12 14:45:00,D06,S06,西向,城市次干路,2,17,48.72,14.1,7.39,0,0,0,0,0,0,0
2026-03-12 15:00:00,D06,S06,西向,城市次干路,2,32,43.34,22.46,8.31,0,0,0,0,0,0,0
2026-03-12 15:15:00,D06,S06,西向,城市次干路,2,17,49.92,10.45,7.21,0,0,0,0,0,0,0
2026-03-12 15:30:00,D06,S06,西向,城市次干路,2,35,51.05,20.78,7.05,0,0,0,0,0,0,0
2026-03-12 15:45:00,D06,S06,西向,城市次干路,2,44,43.66,21.73,8.24,0,0,0,0,0,0,0
2026-03-12 16:00:00,D06,S06,西向,城市次干路,2,20,46.7,12.24,7.71,0,0,0,0,0,0,0
2026-03-12 16:15:00,D06,S06,西向,城市次干路,2,36,44.2,21.5,8.14,0,0,0,0,0,0,0
2026-03-12 16:30:00,D06,S06,西向,城市次干路,2,50,35.05,32.79,10.27,0,0,0,1,1,1,1
2026-03-12 16:45:00,D06,S06,西向,城市次干路,2,44,33.24,34.4,10.83,0,0,0,1,0,1,1
2026-03-12 17:00:00,D06,S06,西向,城市次干路,2,56,31.24,37.38,11.52,0,0,0,1,0,1,1
2026-03-12 17:15:00,D06,S06,西向,城市次干路,2,52,44.6,28.47,8.07,0,0,0,1,0,0,0
2026-03-12 17:30:00,D06,S06,西向,城市次干路,2,47,48.37,27.23,7.44,0,0,0,1,0,0,0
2026-03-12 17:45:00,D06,S06,西向,城市次干路,2,41,51.44,22.62,7.0,0,0,0,1,0,0,0
2026-03-12 18:00:00,D06,S06,西向,城市次干路,2,39,39.23,25.72,9.18,0,0,0,1,0,1,0
2026-03-12 18:15:00,D06,S06,西向,城市次干路,2,37,37.78,28.75,9.53,0,0,0,1,0,1,0
2026-03-12 18:30:00,D06,S06,西向,城市次干路,2,42,42.18,26.22,8.53,0,0,0,1,0,0,0
2026-03-12 18:45:00,D06,S06,西向,城市次干路,2,31,53.01,18.18,6.79,0,0,0,1,0,0,0
2026-03-12 19:00:00,D06,S06,西向,城市次干路,2,28,47.48,20.53,7.58,0,0,0,1,0,0,0
2026-03-12 19:15:00,D06,S06,西向,城市次干路,2,21,48.32,11.35,7.45,0,0,0,1,0,0,0
2026-03-12 19:30:00,D06,S06,西向,城市次干路,2,21,51.03,8.52,7.05,0,0,0,0,0,0,0
2026-03-12 19:45:00,D06,S06,西向,城市次干路,2,20,49.97,9.64,7.2,0,0,0,0,0,0,0
2026-03-12 20:00:00,D06,S06,西向,城市次干路,2,13,50.25,12.17,7.16,0,0,0,0,0,0,0
2026-03-12 20:15:00,D06,S06,西向,城市次干路,2,16,57.15,16.2,6.3,0,0,0,0,0,0,0
2026-03-12 20:30:00,D06,S06,西向,城市次干路,2,22,46.45,17.21,7.75,0,0,0,0,0,0,0
2026-03-12 20:45:00,D06,S06,西向,城市次干路,2,7,41.12,14.39,8.76,0,0,0,0,0,0,0
2026-03-12 21:00:00,D06,S06,西向,城市次干路,2,22,50.48,15.78,7.13,0,0,0,0,0,0,0
2026-03-12 21:15:00,D06,S06,西向,城市次干路,2,10,55.84,10.6,6.45,0,0,0,0,0,0,0
2026-03-12 21:30:00,D06,S06,西向,城市次干路,2,19,50.9,10.45,7.07,0,0,0,0,0,0,0
2026-03-12 21:45:00,D06,S06,西向,城市次干路,2,10,51.12,12.52,7.04,0,0,0,0,0,0,0
2026-03-12 22:00:00,D06,S06,西向,城市次干路,2,14,49.75,13.8,7.24,0,0,0,0,0,0,0
2026-03-12 22:15:00,D06,S06,西向,城市次干路,2,7,46.66,7.06,7.72,0,0,0,0,0,0,0
2026-03-12 22:30:00,D06,S06,西向,城市次干路,2,17,51.68,10.94,6.97,0,0,0,0,0,0,0
2026-03-12 22:45:00,D06,S06,西向,城市次干路,2,25,43.83,15.58,8.21,0,0,0,0,0,0,0
2026-03-12 23:00:00,D06,S06,西向,城市次干路,2,14,47.26,13.76,7.62,0,0,0,0,0,0,0
2026-03-12 23:15:00,D06,S06,西向,城市次干路,2,20,53.44,12.12,6.74,0,0,0,0,0,0,0
2026-03-12 23:30:00,D06,S06,西向,城市次干路,2,20,43.07,19.54,8.36,0,0,0,0,0,0,0
2026-03-12 23:45:00,D06,S06,西向,城市次干路,2,11,44.38,10.68,8.11,0,0,0,0,0,0,0
2026-03-13 00:00:00,D06,S06,西向,城市次干路,2,22,43.34,15.77,8.31,0,0,0,0,0,0,0
2026-03-13 00:15:00,D06,S06,西向,城市次干路,2,14,49.94,9.87,7.21,0,0,0,0,0,0,0
2026-03-13 00:30:00,D06,S06,西向,城市次干路,2,23,51.86,14.36,6.94,0,0,0,0,0,0,0
2026-03-13 00:45:00,D06,S06,西向,城市次干路,2,22,45.08,16.12,7.98,0,0,0,0,0,0,0
2026-03-13 01:00:00,D06,S06,西向,城市次干路,2,16,52.96,13.64,6.8,0,0,0,0,0,0,0
2026-03-13 01:15:00,D06,S06,西向,城市次干路,2,14,49.19,13.64,7.32,0,0,0,0,0,0,0
2026-03-13 01:30:00,D06,S06,西向,城市次干路,2,15,52.24,13.32,6.89,0,0,0,0,0,0,0
2026-03-13 01:45:00,D06,S06,西向,城市次干路,2,23,42.42,19.9,8.49,0,0,0,0,0,0,0
2026-03-13 02:00:00,D06,S06,西向,城市次干路,2,20,44.46,11.0,8.1,0,0,0,0,0,0,0
2026-03-13 02:15:00,D06,S06,西向,城市次干路,2,21,52.76,13.36,6.82,0,0,0,0,0,0,0
2026-03-13 02:30:00,D06,S06,西向,城市次干路,2,16,50.28,10.76,7.16,0,0,0,0,0,0,0
2026-03-13 02:45:00,D06,S06,西向,城市次干路,2,9,54.6,7.9,6.59,0,0,0,0,0,0,0
2026-03-13 03:00:00,D06,S06,西向,城市次干路,2,18,50.68,11.78,7.1,0,0,0,0,0,0,0
2026-03-13 03:15:00,D06,S06,西向,城市次干路,2,11,45.35,9.67,7.94,0,0,0,0,0,0,0
2026-03-13 03:30:00,D06,S06,西向,城市次干路,2,21,42.29,17.69,8.51,0,0,0,0,0,0,0
2026-03-13 03:45:00,D06,S06,西向,城市次干路,2,10,40.07,11.22,8.99,0,0,0,0,0,0,0
2026-03-13 04:00:00,D06,S06,西向,城市次干路,2,21,50.5,14.19,7.13,0,0,0,0,0,0,0
2026-03-13 04:15:00,D06,S06,西向,城市次干路,2,14,51.97,10.92,6.93,0,0,0,0,0,0,0
2026-03-13 04:30:00,D06,S06,西向,城市次干路,2,18,44.7,15.42,8.05,0,0,0,0,0,0,0
2026-03-13 04:45:00,D06,S06,西向,城市次干路,2,17,49.52,17.4,7.27,0,0,0,0,0,0,0
2026-03-13 05:00:00,D06,S06,西向,城市次干路,2,7,40.94,11.79,8.79,0,0,0,0,0,0,0
2026-03-13 05:15:00,D06,S06,西向,城市次干路,2,20,48.35,17.75,7.45,0,0,0,0,0,0,0
2026-03-13 05:30:00,D06,S06,西向,城市次干路,2,26,41.01,22.45,8.78,0,0,0,0,0,0,0
2026-03-13 05:45:00,D06,S06,西向,城市次干路,2,17,48.69,12.96,7.39,0,0,0,0,0,0,0
2026-03-13 06:00:00,D06,S06,西向,城市次干路,2,9,44.59,12.07,8.07,1,0,0,0,0,0,0
2026-03-13 06:15:00,D06,S06,西向,城市次干路,2,16,40.03,17.29,8.99,1,0,0,0,0,0,0
2026-03-13 06:30:00,D06,S06,西向,城市次干路,2,19,43.39,15.29,8.3,1,0,0,0,0,0,0
2026-03-13 06:45:00,D06,S06,西向,城市次干路,2,30,40.99,21.88,8.78,1,0,0,0,0,0,0
2026-03-13 07:00:00,D06,S06,西向,城市次干路,2,23,40.25,22.02,8.94,1,0,0,1,0,0,0
2026-03-13 07:15:00,D06,S06,西向,城市次干路,2,24,43.98,16.12,8.18,1,0,0,1,0,0,0
2026-03-13 07:30:00,D06,S06,西向,城市次干路,2,16,43.91,12.73,8.2,1,0,0,1,0,0,0
2026-03-13 07:45:00,D06,S06,西向,城市次干路,2,33,34.2,28.5,10.53,1,0,0,1,0,1,1
2026-03-13 08:00:00,D06,S06,西向,城市次干路,2,37,42.38,24.88,8.49,1,0,0,1,0,0,0
2026-03-13 08:15:00,D06,S06,西向,城市次干路,2,40,33.53,26.77,10.74,1,0,0,1,0,1,1
2026-03-13 08:30:00,D06,S06,西向,城市次干路,2,54,33.28,35.92,10.82,1,0,0,1,0,1,1
2026-03-13 08:45:00,D06,S06,西向,城市次干路,2,42,35.13,28.91,10.25,1,0,0,1,0,1,0
2026-03-13 09:00:00,D06,S06,西向,城市次干路,2,39,41.16,25.99,8.75,1,0,0,1,0,0,0
2026-03-13 09:15:00,D06,S06,西向,城市次干路,2,45,30.51,30.8,11.8,1,0,0,1,0,1,1
2026-03-13 09:30:00,D06,S06,西向,城市次干路,2,38,38.36,23.37,9.38,1,0,0,0,0,1,0
2026-03-13 09:45:00,D06,S06,西向,城市次干路,2,36,39.24,25.24,9.17,1,0,0,0,0,1,0
2026-03-13 10:00:00,D06,S06,西向,城市次干路,2,30,39.89,23.51,9.02,1,0,0,0,0,1,0
2026-03-13 10:15:00,D06,S06,西向,城市次干路,2,20,40.73,16.77,8.84,1,0,0,0,0,0,0
2026-03-13 10:30:00,D06,S06,西向,城市次干路,2,29,33.63,27.28,10.7,1,0,0,0,0,1,1
2026-03-13 10:45:00,D06,S06,西向,城市次干路,2,18,38.13,20.45,9.44,1,0,0,0,0,1,0
2026-03-13 11:00:00,D06,S06,西向,城市次干路,2,21,44.92,14.93,8.01,1,0,0,0,0,0,0
2026-03-13 11:15:00,D06,S06,西向,城市次干路,2,11,44.33,6.56,8.12,1,0,0,0,0,0,0
2026-03-13 11:30:00,D06,S06,西向,城市次干路,2,7,49.71,6.77,7.24,1,0,0,0,0,0,0
2026-03-13 11:45:00,D06,S06,西向,城市次干路,2,17,46.15,13.66,7.8,1,0,0,0,0,0,0
2026-03-13 12:00:00,D06,S06,西向,城市次干路,2,17,39.44,16.17,9.13,1,0,0,0,0,1,0
2026-03-13 12:15:00,D06,S06,西向,城市次干路,2,21,47.92,13.7,7.51,0,0,0,0,0,0,0
2026-03-13 12:30:00,D06,S06,西向,城市次干路,2,18,48.69,16.29,7.39,0,0,0,0,0,0,0
2026-03-13 12:45:00,D06,S06,西向,城市次干路,2,17,47.63,11.69,7.56,0,0,0,0,0,0,0
2026-03-13 13:00:00,D06,S06,西向,城市次干路,2,15,48.35,12.82,7.45,0,0,0,0,0,0,0
2026-03-13 13:15:00,D06,S06,西向,城市次干路,2,12,44.07,12.15,8.17,0,0,0,0,0,0,0
2026-03-13 13:30:00,D06,S06,西向,城市次干路,2,23,48.9,12.98,7.36,0,0,0,0,0,0,0
2026-03-13 13:45:00,D06,S06,西向,城市次干路,2,15,48.29,9.92,7.45,0,0,0,0,0,0,0
2026-03-13 14:00:00,D06,S06,西向,城市次干路,2,15,47.79,12.8,7.53,0,0,0,0,0,0,0
2026-03-13 14:15:00,D06,S06,西向,城市次干路,2,24,49.27,17.53,7.31,0,0,0,0,0,0,0
2026-03-13 14:30:00,D06,S06,西向,城市次干路,2,17,47.62,13.72,7.56,0,0,0,0,0,0,0
2026-03-13 14:45:00,D06,S06,西向,城市次干路,2,23,50.97,16.9,7.06,0,0,0,0,0,0,0
2026-03-13 15:00:00,D06,S06,西向,城市次干路,2,29,44.76,19.57,8.04,0,0,0,0,0,0,0
2026-03-13 15:15:00,D06,S06,西向,城市次干路,2,24,49.79,14.17,7.23,0,0,0,0,0,0,0
2026-03-13 15:30:00,D06,S06,西向,城市次干路,2,31,48.14,22.16,7.48,0,0,0,0,0,0,0
2026-03-13 15:45:00,D06,S06,西向,城市次干路,2,38,44.81,21.46,8.03,0,0,0,0,0,0,0
2026-03-13 16:00:00,D06,S06,西向,城市次干路,2,35,37.51,29.55,9.6,1,0,0,0,0,1,0
2026-03-13 16:15:00,D06,S06,西向,城市次干路,2,37,31.47,31.16,11.44,1,0,0,0,0,1,1
2026-03-13 16:30:00,D06,S06,西向,城市次干路,2,46,35.22,32.96,10.22,1,0,0,1,0,1,1
2026-03-13 16:45:00,D06,S06,西向,城市次干路,2,48,29.07,37.29,12.38,1,0,0,1,0,1,1
2026-03-13 17:00:00,D06,S06,西向,城市次干路,2,46,29.4,32.82,12.25,1,0,0,1,0,1,1
2026-03-13 17:15:00,D06,S06,西向,城市次干路,2,58,28.4,43.61,12.68,1,0,0,1,0,1,1
2026-03-13 17:30:00,D06,S06,西向,城市次干路,2,46,30.38,34.94,11.85,1,0,0,1,0,1,1
2026-03-13 17:45:00,D06,S06,西向,城市次干路,2,47,29.99,33.48,12.0,1,0,0,1,0,1,1
2026-03-13 18:00:00,D06,S06,西向,城市次干路,2,40,27.17,34.26,13.25,1,0,0,1,0,1,1
2026-03-13 18:15:00,D06,S06,西向,城市次干路,2,40,33.41,34.67,10.78,1,0,0,1,0,1,1
2026-03-13 18:30:00,D06,S06,西向,城市次干路,2,32,50.23,19.58,7.17,1,0,0,1,0,0,0
2026-03-13 18:45:00,D06,S06,西向,城市次干路,2,26,34.83,23.33,10.33,1,0,0,1,0,1,1
2026-03-13 19:00:00,D06,S06,西向,城市次干路,2,29,40.63,23.65,8.86,1,0,0,1,0,0,0
2026-03-13 19:15:00,D06,S06,西向,城市次干路,2,29,48.07,19.96,7.49,1,0,0,1,0,0,0
2026-03-13 19:30:00,D06,S06,西向,城市次干路,2,26,42.68,19.64,8.43,1,0,0,0,0,0,0
2026-03-13 19:45:00,D06,S06,西向,城市次干路,2,18,38.88,17.81,9.26,1,0,0,0,0,1,0
2026-03-13 20:00:00,D06,S06,西向,城市次干路,2,17,40.57,14.63,8.87,1,0,0,0,0,0,0
2026-03-13 20:15:00,D06,S06,西向,城市次干路,2,13,36.86,14.3,9.77,1,0,0,0,0,1,0
2026-03-13 20:30:00,D06,S06,西向,城市次干路,2,26,38.05,19.86,9.46,1,0,0,0,0,1,0
2026-03-13 20:45:00,D06,S06,西向,城市次干路,2,11,42.8,9.28,8.41,1,0,0,0,0,0,0
2026-03-13 21:00:00,D06,S06,西向,城市次干路,2,18,44.67,12.61,8.06,1,0,0,0,0,0,0
2026-03-13 21:15:00,D06,S06,西向,城市次干路,2,26,44.9,18.7,8.02,0,0,0,0,0,0,0
2026-03-13 21:30:00,D06,S06,西向,城市次干路,2,3,51.47,10.72,6.99,0,0,0,0,0,0,0
2026-03-13 21:45:00,D06,S06,西向,城市次干路,2,22,45.41,14.89,7.93,0,0,0,0,0,0,0
2026-03-13 22:00:00,D06,S06,西向,城市次干路,2,8,52.19,7.82,6.9,0,0,0,0,0,0,0
2026-03-13 22:15:00,D06,S06,西向,城市次干路,2,18,45.44,12.61,7.92,0,0,0,0,0,0,0
2026-03-13 22:30:00,D06,S06,西向,城市次干路,2,18,45.49,15.54,7.91,0,0,0,0,0,0,0
2026-03-13 22:45:00,D06,S06,西向,城市次干路,2,16,49.72,16.14,7.24,0,0,0,0,0,0,0
2026-03-13 23:00:00,D06,S06,西向,城市次干路,2,12,49.12,11.62,7.33,0,0,0,0,0,0,0
2026-03-13 23:15:00,D06,S06,西向,城市次干路,2,17,48.68,9.91,7.39,0,0,0,0,0,0,0
2026-03-13 23:30:00,D06,S06,西向,城市次干路,2,27,44.58,16.89,8.08,0,0,0,0,0,0,0
2026-03-13 23:45:00,D06,S06,西向,城市次干路,2,18,52.03,11.62,6.92,0,0,0,0,0,0,0
2026-03-14 00:00:00,D06,S06,西向,城市次干路,2,7,49.34,6.82,7.3,0,0,1,0,0,0,0
2026-03-14 00:15:00,D06,S06,西向,城市次干路,2,12,55.08,14.62,6.54,0,0,1,0,0,0,0
2026-03-14 00:30:00,D06,S06,西向,城市次干路,2,6,49.94,7.59,7.21,0,0,1,0,0,0,0
2026-03-14 00:45:00,D06,S06,西向,城市次干路,2,14,50.18,13.07,7.17,0,0,1,0,0,0,0
2026-03-14 01:00:00,D06,S06,西向,城市次干路,2,6,54.55,6.77,6.6,0,0,1,0,0,0,0
2026-03-14 01:15:00,D06,S06,西向,城市次干路,2,20,46.2,15.02,7.79,0,0,1,0,0,0,0
2026-03-14 01:30:00,D06,S06,西向,城市次干路,2,9,42.68,11.91,8.44,0,0,1,0,0,0,0
2026-03-14 01:45:00,D06,S06,西向,城市次干路,2,7,57.57,8.35,6.25,0,0,1,0,0,0,0
2026-03-14 02:00:00,D06,S06,西向,城市次干路,2,20,53.1,12.46,6.78,0,0,1,0,0,0,0
2026-03-14 02:15:00,D06,S06,西向,城市次干路,2,11,49.67,9.92,7.25,0,0,1,0,0,0,0
2026-03-14 02:30:00,D06,S06,西向,城市次干路,2,15,50.72,16.21,7.1,0,0,1,0,0,0,0
2026-03-14 02:45:00,D06,S06,西向,城市次干路,2,11,55.83,13.23,6.45,0,0,1,0,0,0,0
2026-03-14 03:00:00,D06,S06,西向,城市次干路,2,17,45.62,15.32,7.89,0,0,1,0,0,0,0
2026-03-14 03:15:00,D06,S06,西向,城市次干路,2,19,55.24,14.4,6.52,0,0,1,0,0,0,0
2026-03-14 03:30:00,D06,S06,西向,城市次干路,2,11,53.03,8.28,6.79,0,0,1,0,0,0,0
2026-03-14 03:45:00,D06,S06,西向,城市次干路,2,6,48.53,9.72,7.42,0,0,1,0,0,0,0
2026-03-14 04:00:00,D06,S06,西向,城市次干路,2,16,47.46,13.48,7.59,0,0,1,0,0,0,0
2026-03-14 04:15:00,D06,S06,西向,城市次干路,2,18,54.77,13.45,6.57,0,0,1,0,0,0,0
2026-03-14 04:30:00,D06,S06,西向,城市次干路,2,10,48.86,6.9,7.37,0,0,1,0,0,0,0
2026-03-14 04:45:00,D06,S06,西向,城市次干路,2,15,54.36,7.22,6.62,0,0,1,0,0,0,0
2026-03-14 05:00:00,D06,S06,西向,城市次干路,2,12,50.39,10.24,7.14,0,0,1,0,0,0,0
2026-03-14 05:15:00,D06,S06,西向,城市次干路,2,11,46.76,8.73,7.7,0,0,1,0,0,0,0
2026-03-14 05:30:00,D06,S06,西向,城市次干路,2,15,51.77,8.53,6.95,0,0,1,0,0,0,0
2026-03-14 05:45:00,D06,S06,西向,城市次干路,2,7,48.83,10.49,7.37,0,0,1,0,0,0,0
2026-03-14 06:00:00,D06,S06,西向,城市次干路,2,9,47.8,7.8,7.53,0,0,1,0,0,0,0
2026-03-14 06:15:00,D06,S06,西向,城市次干路,2,3,52.78,5.02,6.82,0,0,1,0,0,0,0
2026-03-14 06:30:00,D06,S06,西向,城市次干路,2,12,53.74,8.6,6.7,0,0,1,0,0,0,0
2026-03-14 06:45:00,D06,S06,西向,城市次干路,2,3,50.69,7.86,7.1,0,0,1,0,0,0,0
2026-03-14 07:00:00,D06,S06,西向,城市次干路,2,16,47.34,13.38,7.6,0,0,1,1,0,0,0
2026-03-14 07:15:00,D06,S06,西向,城市次干路,2,17,44.49,16.7,8.09,0,0,1,1,0,0,0
2026-03-14 07:30:00,D06,S06,西向,城市次干路,2,15,49.68,11.16,7.25,0,0,1,1,0,0,0
2026-03-14 07:45:00,D06,S06,西向,城市次干路,2,25,47.47,18.39,7.58,0,0,1,1,0,0,0
2026-03-14 08:00:00,D06,S06,西向,城市次干路,2,29,52.3,16.89,6.88,0,0,1,1,0,0,0
2026-03-14 08:15:00,D06,S06,西向,城市次干路,2,40,47.66,28.72,7.55,0,0,1,1,0,0,0
2026-03-14 08:30:00,D06,S06,西向,城市次干路,2,33,54.95,19.9,6.55,0,0,1,1,0,0,0
2026-03-14 08:45:00,D06,S06,西向,城市次干路,2,40,46.32,22.92,7.77,0,0,1,1,0,0,0
2026-03-14 09:00:00,D06,S06,西向,城市次干路,2,40,45.58,22.95,7.9,0,0,1,1,0,0,0
2026-03-14 09:15:00,D06,S06,西向,城市次干路,2,30,46.01,19.14,7.82,0,0,1,1,0,0,0
2026-03-14 09:30:00,D06,S06,西向,城市次干路,2,32,47.82,19.91,7.53,0,0,1,0,0,0,0
2026-03-14 09:45:00,D06,S06,西向,城市次干路,2,14,52.42,8.35,6.87,0,0,1,0,0,0,0
2026-03-14 10:00:00,D06,S06,西向,城市次干路,2,21,43.37,15.59,8.3,0,0,1,0,0,0,0
2026-03-14 10:15:00,D06,S06,西向,城市次干路,2,17,46.25,17.26,7.78,0,0,1,0,0,0,0
2026-03-14 10:30:00,D06,S06,西向,城市次干路,2,25,49.35,15.46,7.29,0,0,1,0,0,0,0
2026-03-14 10:45:00,D06,S06,西向,城市次干路,2,23,37.39,25.05,9.63,0,0,1,0,0,1,0
2026-03-14 11:00:00,D06,S06,西向,城市次干路,2,22,54.87,10.24,6.56,0,0,1,0,0,0,0
2026-03-14 11:15:00,D06,S06,西向,城市次干路,2,17,53.32,14.05,6.75,0,0,1,0,0,0,0
2026-03-14 11:30:00,D06,S06,西向,城市次干路,2,8,48.9,11.91,7.36,0,0,1,0,0,0,0
2026-03-14 11:45:00,D06,S06,西向,城市次干路,2,16,46.15,14.83,7.8,0,0,1,0,0,0,0
2026-03-14 12:00:00,D06,S06,西向,城市次干路,2,3,55.79,7.86,6.45,0,0,1,0,0,0,0
2026-03-14 12:15:00,D06,S06,西向,城市次干路,2,7,56.58,9.81,6.36,0,0,1,0,0,0,0
2026-03-14 12:30:00,D06,S06,西向,城市次干路,2,15,47.01,15.71,7.66,0,0,1,0,0,0,0
2026-03-14 12:45:00,D06,S06,西向,城市次干路,2,12,51.58,11.93,6.98,0,0,1,0,0,0,0
2026-03-14 13:00:00,D06,S06,西向,城市次干路,2,9,48.54,7.58,7.42,0,0,1,0,0,0,0
2026-03-14 13:15:00,D06,S06,西向,城市次干路,2,4,56.23,5.57,6.4,0,0,1,0,0,0,0
2026-03-14 13:30:00,D06,S06,西向,城市次干路,2,23,45.95,14.93,7.83,0,0,1,0,0,0,0
2026-03-14 13:45:00,D06,S06,西向,城市次干路,2,8,46.31,6.54,7.77,0,0,1,0,0,0,0
2026-03-14 14:00:00,D06,S06,西向,城市次干路,2,18,48.16,12.34,7.48,0,0,1,0,0,0,0
2026-03-14 14:15:00,D06,S06,西向,城市次干路,2,4,55.72,11.39,6.46,0,0,1,0,0,0,0
2026-03-14 14:30:00,D06,S06,西向,城市次干路,2,8,45.8,7.34,7.86,0,0,1,0,0,0,0
2026-03-14 14:45:00,D06,S06,西向,城市次干路,2,5,50.23,4.04,7.17,0,0,1,0,0,0,0
2026-03-14 15:00:00,D06,S06,西向,城市次干路,2,25,45.57,14.31,7.9,0,0,1,0,0,0,0
2026-03-14 15:15:00,D06,S06,西向,城市次干路,2,6,60.0,7.95,6.0,0,0,1,0,0,0,0
2026-03-14 15:30:00,D06,S06,西向,城市次干路,2,22,44.37,13.69,8.11,0,0,1,0,0,0,0
2026-03-14 15:45:00,D06,S06,西向,城市次干路,2,18,57.44,11.75,6.27,0,0,1,0,0,0,0
2026-03-14 16:00:00,D06,S06,西向,城市次干路,2,31,46.58,17.89,7.73,0,0,1,0,0,0,0
2026-03-14 16:15:00,D06,S06,西向,城市次干路,2,38,38.62,25.0,9.32,0,0,1,0,0,1,0
2026-03-14 16:30:00,D06,S06,西向,城市次干路,2,26,52.79,14.09,6.82,0,0,1,1,0,0,0
2026-03-14 16:45:00,D06,S06,西向,城市次干路,2,33,46.44,17.38,7.75,0,0,1,1,0,0,0
2026-03-14 17:00:00,D06,S06,西向,城市次干路,2,31,43.35,19.58,8.3,0,0,1,1,0,0,0
2026-03-14 17:15:00,D06,S06,西向,城市次干路,2,34,46.53,25.25,7.74,0,0,1,1,0,0,0
2026-03-14 17:30:00,D06,S06,西向,城市次干路,2,38,41.57,26.03,8.66,0,0,1,1,0,0,0
2026-03-14 17:45:00,D06,S06,西向,城市次干路,2,45,37.74,29.72,9.54,0,0,1,1,0,1,0
2026-03-14 18:00:00,D06,S06,西向,城市次干路,2,38,51.08,24.83,7.05,0,0,1,1,0,0,0
2026-03-14 18:15:00,D06,S06,西向,城市次干路,2,17,50.36,13.78,7.15,0,0,1,1,0,0,0
2026-03-14 18:30:00,D06,S06,西向,城市次干路,2,29,41.15,22.83,8.75,0,0,1,1,0,0,0
2026-03-14 18:45:00,D06,S06,西向,城市次干路,2,21,50.81,15.95,7.08,0,0,1,1,0,0,0
2026-03-14 19:00:00,D06,S06,西向,城市次干路,2,24,42.45,14.22,8.48,0,0,1,1,0,0,0
2026-03-14 19:15:00,D06,S06,西向,城市次干路,2,20,46.21,11.8,7.79,0,0,1,1,0,0,0
2026-03-14 19:30:00,D06,S06,西向,城市次干路,2,24,42.91,15.88,8.39,0,0,1,0,0,0,0
2026-03-14 19:45:00,D06,S06,西向,城市次干路,2,14,56.56,12.72,6.37,0,0,1,0,0,0,0
2026-03-14 20:00:00,D06,S06,西向,城市次干路,2,9,57.92,9.7,6.21,0,0,1,0,0,0,0
2026-03-14 20:15:00,D06,S06,西向,城市次干路,2,9,52.5,11.76,6.86,0,0,1,0,0,0,0
2026-03-14 20:30:00,D06,S06,西向,城市次干路,2,6,49.8,5.6,7.23,0,0,1,0,0,0,0
2026-03-14 20:45:00,D06,S06,西向,城市次干路,2,8,59.54,9.67,6.05,0,0,1,0,0,0,0
2026-03-14 21:00:00,D06,S06,西向,城市次干路,2,13,41.28,15.83,8.72,0,0,1,0,0,0,0
2026-03-14 21:15:00,D06,S06,西向,城市次干路,2,15,54.13,13.6,6.65,0,0,1,0,0,0,0
2026-03-14 21:30:00,D06,S06,西向,城市次干路,2,10,46.56,6.62,7.73,0,0,1,0,0,0,0
2026-03-14 21:45:00,D06,S06,西向,城市次干路,2,21,42.18,15.89,8.54,0,0,1,0,0,0,0
2026-03-14 22:00:00,D06,S06,西向,城市次干路,2,17,48.51,12.73,7.42,0,0,1,0,0,0,0
2026-03-14 22:15:00,D06,S06,西向,城市次干路,2,18,46.72,11.94,7.7,0,0,1,0,0,0,0
2026-03-14 22:30:00,D06,S06,西向,城市次干路,2,16,46.34,14.17,7.77,0,0,1,0,0,0,0
2026-03-14 22:45:00,D06,S06,西向,城市次干路,2,21,44.94,18.33,8.01,0,0,1,0,0,0,0
2026-03-14 23:00:00,D06,S06,西向,城市次干路,2,16,45.96,13.13,7.83,0,0,1,0,0,0,0
2026-03-14 23:15:00,D06,S06,西向,城市次干路,2,16,52.02,12.52,6.92,0,0,1,0,0,0,0
2026-03-14 23:30:00,D06,S06,西向,城市次干路,2,7,52.56,11.15,6.85,0,0,1,0,1,0,0
2026-03-14 23:45:00,D06,S06,西向,城市次干路,2,15,56.25,10.58,6.4,0,0,1,0,0,0,0
2026-03-15 00:00:00,D06,S06,西向,城市次干路,2,13,55.22,11.94,6.52,0,0,1,0,0,0,0
2026-03-15 00:15:00,D06,S06,西向,城市次干路,2,14,45.79,13.74,7.86,0,0,1,0,0,0,0
2026-03-15 00:30:00,D06,S06,西向,城市次干路,2,18,48.38,15.06,7.44,0,0,1,0,0,0,0
2026-03-15 00:45:00,D06,S06,西向,城市次干路,2,14,51.12,12.49,7.04,0,0,1,0,0,0,0
2026-03-15 01:00:00,D06,S06,西向,城市次干路,2,17,40.93,14.86,8.8,0,0,1,0,0,0,0
2026-03-15 01:15:00,D06,S06,西向,城市次干路,2,15,56.88,14.06,6.33,0,0,1,0,0,0,0
2026-03-15 01:30:00,D06,S06,西向,城市次干路,2,18,43.88,14.06,8.2,0,0,1,0,0,0,0
2026-03-15 01:45:00,D06,S06,西向,城市次干路,2,14,50.62,11.22,7.11,0,0,1,0,0,0,0
2026-03-15 02:00:00,D06,S06,西向,城市次干路,2,8,55.73,7.55,6.46,0,0,1,0,0,0,0
2026-03-15 02:15:00,D06,S06,西向,城市次干路,2,15,51.43,11.3,7.0,0,0,1,0,0,0,0
2026-03-15 02:30:00,D06,S06,西向,城市次干路,2,6,54.36,8.95,6.62,0,0,1,0,0,0,0
2026-03-15 02:45:00,D06,S06,西向,城市次干路,2,15,50.81,9.5,7.08,0,0,1,0,0,0,0
2026-03-15 03:00:00,D06,S06,西向,城市次干路,2,10,52.25,4.59,6.89,0,0,1,0,0,0,0
2026-03-15 03:15:00,D06,S06,西向,城市次干路,2,3,56.99,4.5,6.32,0,0,1,0,0,0,0
2026-03-15 03:30:00,D06,S06,西向,城市次干路,2,4,45.1,9.43,7.98,0,0,1,0,0,0,0
2026-03-15 03:45:00,D06,S06,西向,城市次干路,2,17,41.25,14.2,8.73,0,0,1,0,0,0,0
2026-03-15 04:00:00,D06,S06,西向,城市次干路,2,13,44.06,16.38,8.17,0,0,1,0,0,0,0
2026-03-15 04:15:00,D06,S06,西向,城市次干路,2,13,47.9,10.69,7.52,0,0,1,0,0,0,0
2026-03-15 04:30:00,D06,S06,西向,城市次干路,2,7,51.63,5.62,6.97,0,0,1,0,0,0,0
2026-03-15 04:45:00,D06,S06,西向,城市次干路,2,20,48.59,12.62,7.41,0,0,1,0,0,0,0
2026-03-15 05:00:00,D06,S06,西向,城市次干路,2,20,44.8,14.92,8.03,0,0,1,0,0,0,0
2026-03-15 05:15:00,D06,S06,西向,城市次干路,2,16,47.07,10.92,7.65,0,0,1,0,0,0,0
2026-03-15 05:30:00,D06,S06,西向,城市次干路,2,13,51.92,11.92,6.93,0,0,1,0,0,0,0
2026-03-15 05:45:00,D06,S06,西向,城市次干路,2,11,46.69,12.21,7.71,0,0,1,0,0,0,0
2026-03-15 06:00:00,D06,S06,西向,城市次干路,2,5,49.85,5.13,7.22,0,0,1,0,0,0,0
2026-03-15 06:15:00,D06,S06,西向,城市次干路,2,16,44.98,11.04,8.0,0,0,1,0,0,0,0
2026-03-15 06:30:00,D06,S06,西向,城市次干路,2,14,53.33,8.78,6.75,0,0,1,0,0,0,0
2026-03-15 06:45:00,D06,S06,西向,城市次干路,2,17,45.78,15.82,7.86,0,0,1,0,0,0,0
2026-03-15 07:00:00,D06,S06,西向,城市次干路,2,19,51.12,15.96,7.04,0,0,1,1,0,0,0
2026-03-15 07:15:00,D06,S06,西向,城市次干路,2,11,46.8,11.3,7.69,0,0,1,1,0,0,0
2026-03-15 07:30:00,D06,S06,西向,城市次干路,2,29,49.63,15.79,7.25,0,0,1,1,0,0,0
2026-03-15 07:45:00,D06,S06,西向,城市次干路,2,33,42.69,19.22,8.43,0,0,1,1,0,0,0
2026-03-15 08:00:00,D06,S06,西向,城市次干路,2,24,53.75,15.29,6.7,0,0,1,1,0,0,0
2026-03-15 08:15:00,D06,S06,西向,城市次干路,2,36,52.58,19.41,6.85,0,0,1,1,0,0,0
2026-03-15 08:30:00,D06,S06,西向,城市次干路,2,42,40.77,22.57,8.83,0,0,1,1,0,0,0
2026-03-15 08:45:00,D06,S06,西向,城市次干路,2,33,39.32,21.88,9.16,0,0,1,1,0,1,0
2026-03-15 09:00:00,D06,S06,西向,城市次干路,2,37,46.8,20.06,7.69,0,0,1,1,0,0,0
2026-03-15 09:15:00,D06,S06,西向,城市次干路,2,37,49.39,25.03,7.29,0,0,1,1,0,0,0
2026-03-15 09:30:00,D06,S06,西向,城市次干路,2,33,46.27,16.92,7.78,0,0,1,0,0,0,0
2026-03-15 09:45:00,D06,S06,西向,城市次干路,2,32,49.65,21.3,7.25,0,0,1,0,0,0,0
2026-03-15 10:00:00,D06,S06,西向,城市次干路,2,34,41.26,22.0,8.73,0,0,1,0,0,0,0
2026-03-15 10:15:00,D06,S06,西向,城市次干路,2,20,49.3,13.77,7.3,0,0,1,0,0,0,0
2026-03-15 10:30:00,D06,S06,西向,城市次干路,2,25,56.83,18.55,6.33,0,0,1,0,0,0,0
2026-03-15 10:45:00,D06,S06,西向,城市次干路,2,10,51.86,8.56,6.94,0,0,1,0,0,0,0
2026-03-15 11:00:00,D06,S06,西向,城市次干路,2,10,51.14,10.98,7.04,0,0,1,0,0,0,0
2026-03-15 11:15:00,D06,S06,西向,城市次干路,2,19,51.73,14.02,6.96,0,0,1,0,0,0,0
2026-03-15 11:30:00,D06,S06,西向,城市次干路,2,24,45.7,20.09,7.88,0,0,1,0,0,0,0
2026-03-15 11:45:00,D06,S06,西向,城市次干路,2,22,48.16,16.08,7.47,0,0,1,0,0,0,0
2026-03-15 12:00:00,D06,S06,西向,城市次干路,2,15,43.03,13.86,8.37,0,0,1,0,0,0,0
2026-03-15 12:15:00,D06,S06,西向,城市次干路,2,10,56.65,12.73,6.36,0,0,1,0,0,0,0
2026-03-15 12:30:00,D06,S06,西向,城市次干路,2,10,52.75,10.46,6.82,0,0,1,0,0,0,0
2026-03-15 12:45:00,D06,S06,西向,城市次干路,2,20,50.65,13.08,7.11,0,0,1,0,0,0,0
2026-03-15 13:00:00,D06,S06,西向,城市次干路,2,15,50.92,11.26,7.07,0,0,1,0,0,0,0
2026-03-15 13:15:00,D06,S06,西向,城市次干路,2,9,48.38,10.73,7.44,0,0,1,0,0,0,0
2026-03-15 13:30:00,D06,S06,西向,城市次干路,2,15,49.88,9.44,7.22,0,0,1,0,0,0,0
2026-03-15 13:45:00,D06,S06,西向,城市次干路,2,3,54.55,5.74,6.6,0,0,1,0,0,0,0
2026-03-15 14:00:00,D06,S06,西向,城市次干路,2,9,50.32,7.89,7.15,0,0,1,0,0,0,0
2026-03-15 14:15:00,D06,S06,西向,城市次干路,2,5,48.86,11.93,7.37,0,0,1,0,0,0,0
2026-03-15 14:30:00,D06,S06,西向,城市次干路,2,6,53.63,8.38,6.71,0,0,1,0,0,0,0
2026-03-15 14:45:00,D06,S06,西向,城市次干路,2,13,43.89,11.36,8.2,0,0,1,0,0,0,0
2026-03-15 15:00:00,D06,S06,西向,城市次干路,2,10,52.89,8.73,6.81,0,0,1,0,0,0,0
2026-03-15 15:15:00,D06,S06,西向,城市次干路,2,28,51.87,17.56,6.94,0,0,1,0,0,0,0
2026-03-15 15:30:00,D06,S06,西向,城市次干路,2,22,44.61,12.24,8.07,0,0,1,0,0,0,0
2026-03-15 15:45:00,D06,S06,西向,城市次干路,2,31,39.09,24.97,9.21,0,0,1,0,0,1,0
2026-03-15 16:00:00,D06,S06,西向,城市次干路,2,35,45.14,15.52,7.98,0,0,1,0,0,0,0
2026-03-15 16:15:00,D06,S06,西向,城市次干路,2,31,49.18,17.23,7.32,0,0,1,0,0,0,0
2026-03-15 16:30:00,D06,S06,西向,城市次干路,2,34,42.51,21.1,8.47,0,0,1,1,0,0,0
2026-03-15 16:45:00,D06,S06,西向,城市次干路,2,28,38.21,22.77,9.42,0,0,1,1,0,1,0
2026-03-15 17:00:00,D06,S06,西向,城市次干路,2,44,40.05,27.22,8.99,0,0,1,1,0,0,0
2026-03-15 17:15:00,D06,S06,西向,城市次干路,2,43,46.63,22.97,7.72,0,0,1,1,0,0,0
2026-03-15 17:30:00,D06,S06,西向,城市次干路,2,33,43.75,20.12,8.23,0,0,1,1,0,0,0
2026-03-15 17:45:00,D06,S06,西向,城市次干路,2,30,48.84,20.58,7.37,0,0,1,1,0,0,0
2026-03-15 18:00:00,D06,S06,西向,城市次干路,2,30,49.6,17.94,7.26,0,0,1,1,0,0,0
2026-03-15 18:15:00,D06,S06,西向,城市次干路,2,42,42.52,21.63,8.47,0,0,1,1,0,0,0
2026-03-15 18:30:00,D06,S06,西向,城市次干路,2,30,47.06,22.91,7.65,0,0,1,1,0,0,0
2026-03-15 18:45:00,D06,S06,西向,城市次干路,2,33,48.87,19.8,7.37,0,0,1,1,0,0,0
2026-03-15 19:00:00,D06,S06,西向,城市次干路,2,16,60.0,13.09,6.0,0,0,1,1,0,0,0
2026-03-15 19:15:00,D06,S06,西向,城市次干路,2,14,51.36,11.39,7.01,0,0,1,1,0,0,0
2026-03-15 19:30:00,D06,S06,西向,城市次干路,2,28,54.8,16.1,6.57,0,0,1,0,0,0,0
2026-03-15 19:45:00,D06,S06,西向,城市次干路,2,22,46.66,13.73,7.72,0,0,1,0,0,0,0
2026-03-15 20:00:00,D06,S06,西向,城市次干路,2,14,47.18,9.09,7.63,0,0,1,0,0,0,0
2026-03-15 20:15:00,D06,S06,西向,城市次干路,2,14,53.32,10.77,6.75,0,0,1,0,0,0,0
2026-03-15 20:30:00,D06,S06,西向,城市次干路,2,9,43.65,7.85,8.25,0,0,1,0,0,0,0
2026-03-15 20:45:00,D06,S06,西向,城市次干路,2,10,57.07,14.34,6.31,0,0,1,0,0,0,0
2026-03-15 21:00:00,D06,S06,西向,城市次干路,2,8,52.54,5.67,6.85,0,0,1,0,0,0,0
2026-03-15 21:15:00,D06,S06,西向,城市次干路,2,13,47.63,10.07,7.56,0,0,1,0,0,0,0
2026-03-15 21:30:00,D06,S06,西向,城市次干路,2,7,45.16,6.27,7.97,0,0,1,0,0,0,0
2026-03-15 21:45:00,D06,S06,西向,城市次干路,2,5,55.29,8.85,6.51,0,0,1,0,0,0,0
2026-03-15 22:00:00,D06,S06,西向,城市次干路,2,9,52.65,8.48,6.84,0,0,1,0,0,0,0
2026-03-15 22:15:00,D06,S06,西向,城市次干路,2,8,51.87,6.69,6.94,0,0,1,0,0,0,0
2026-03-15 22:30:00,D06,S06,西向,城市次干路,2,20,52.44,15.27,6.86,0,0,1,0,0,0,0
2026-03-15 22:45:00,D06,S06,西向,城市次干路,2,8,60.0,2.4,6.0,0,0,1,0,0,0,0
2026-03-15 23:00:00,D06,S06,西向,城市次干路,2,6,55.65,10.86,6.47,0,0,1,0,0,0,0
2026-03-15 23:15:00,D06,S06,西向,城市次干路,2,16,47.83,9.67,7.53,0,0,1,0,0,0,0
2026-03-15 23:30:00,D06,S06,西向,城市次干路,2,8,48.51,9.26,7.42,0,0,1,0,0,0,0
2026-03-15 23:45:00,D06,S06,西向,城市次干路,2,14,49.76,10.77,7.23,0,0,1,0,0,0,0
2026-03-03 01:00:00,D01,S01,东向,城市快速路,4,28,79.97,13.18,4.5,0,0,0,0,0,0,0
2026-03-03 01:15:00,D01,S01,东向,城市快速路,4,42,85.46,13.75,4.21,0,0,0,0,0,0,0
